split,patch_name,width,height,total_pixels,object_pixels,background_pixels,object_ratio,background_ratio,num_objects
Train,img_1_patch_0001_mask.tif,256,256,65536,18326,47210,0.279633,0.720367,3
Train,img_1_patch_0002_mask.tif,256,256,65536,26567,38969,0.405380,0.594620,3
Train,img_1_patch_0003_mask.tif,256,256,65536,30144,35392,0.459961,0.540039,7
Train,img_1_patch_0004_mask.tif,256,256,65536,32215,33321,0.491562,0.508438,8
Train,img_1_patch_0005_mask.tif,256,256,65536,27272,38264,0.416138,0.583862,8
Train,img_1_patch_0006_mask.tif,256,256,65536,19031,46505,0.290390,0.709610,8
Train,img_1_patch_0007_mask.tif,256,256,65536,17109,48427,0.261063,0.738937,8
Train,img_1_patch_0008_mask.tif,256,256,65536,21784,43752,0.332397,0.667603,6
Train,img_1_patch_0009_mask.tif,256,256,65536,31685,33851,0.483475,0.516525,6
Train,img_1_patch_0010_mask.tif,256,256,65536,35811,29725,0.546432,0.453568,11
Train,img_1_patch_0011_mask.tif,256,256,65536,38945,26591,0.594254,0.405746,10
Train,img_1_patch_0012_mask.tif,256,256,65536,32455,33081,0.495224,0.504776,9
Train,img_1_patch_0013_mask.tif,256,256,65536,22554,42982,0.344147,0.655853,10
Train,img_1_patch_0014_mask.tif,256,256,65536,20486,45050,0.312592,0.687408,8
Train,img_1_patch_0015_mask.tif,256,256,65536,17403,48133,0.265549,0.734451,5
Train,img_1_patch_0016_mask.tif,256,256,65536,27544,37992,0.420288,0.579712,5
Train,img_1_patch_0017_mask.tif,256,256,65536,33108,32428,0.505188,0.494812,13
Train,img_1_patch_0018_mask.tif,256,256,65536,38310,27226,0.584564,0.415436,11
Train,img_1_patch_0019_mask.tif,256,256,65536,35013,30523,0.534256,0.465744,9
Train,img_1_patch_0020_mask.tif,256,256,65536,24872,40664,0.379517,0.620483,12
Train,img_1_patch_0021_mask.tif,256,256,65536,22594,42942,0.344757,0.655243,9
Train,img_1_patch_0022_mask.tif,256,256,65536,17845,47691,0.272293,0.727707,7
Train,img_1_patch_0023_mask.tif,256,256,65536,27814,37722,0.424408,0.575592,6
Train,img_1_patch_0024_mask.tif,256,256,65536,32005,33531,0.488358,0.511642,12
Train,img_1_patch_0025_mask.tif,256,256,65536,32680,32856,0.498657,0.501343,14
Train,img_1_patch_0026_mask.tif,256,256,65536,30167,35369,0.460312,0.539688,10
Train,img_1_patch_0027_mask.tif,256,256,65536,20198,45338,0.308197,0.691803,14
Train,img_1_patch_0028_mask.tif,256,256,65536,18123,47413,0.276535,0.723465,9
Train,img_1_patch_0029_mask.tif,256,256,65536,18772,46764,0.286438,0.713562,7
Train,img_1_patch_0030_mask.tif,256,256,65536,25995,39541,0.396652,0.603348,7
Train,img_1_patch_0031_mask.tif,256,256,65536,28318,37218,0.432098,0.567902,9
Train,img_1_patch_0032_mask.tif,256,256,65536,25018,40518,0.381744,0.618256,11
Train,img_1_patch_0033_mask.tif,256,256,65536,20716,44820,0.316101,0.683899,11
Train,img_1_patch_0034_mask.tif,256,256,65536,13169,52367,0.200943,0.799057,11
Train,img_1_patch_0035_mask.tif,256,256,65536,11589,53947,0.176834,0.823166,6
Train,img_1_patch_0036_mask.tif,256,256,65536,20379,45157,0.310959,0.689041,9
Train,img_1_patch_0037_mask.tif,256,256,65536,25795,39741,0.393600,0.606400,9
Train,img_1_patch_0038_mask.tif,256,256,65536,26574,38962,0.405487,0.594513,7
Train,img_1_patch_0039_mask.tif,256,256,65536,20237,45299,0.308792,0.691208,5
Train,img_1_patch_0040_mask.tif,256,256,65536,15548,49988,0.237244,0.762756,3
Train,img_1_patch_0041_mask.tif,256,256,65536,9646,55890,0.147186,0.852814,3
Train,img_1_patch_0042_mask.tif,256,256,65536,8212,57324,0.125305,0.874695,1
Train,img_1_patch_0043_mask.tif,256,256,65536,20690,44846,0.315704,0.684296,5
Train,img_1_patch_0044_mask.tif,256,256,65536,24808,40728,0.378540,0.621460,5
Train,img_1_patch_0045_mask.tif,256,256,65536,24168,41368,0.368774,0.631226,4
Train,img_1_patch_0046_mask.tif,256,256,65536,16025,49511,0.244522,0.755478,4
Train,img_1_patch_0047_mask.tif,256,256,65536,11091,54445,0.169235,0.830765,3
Train,img_1_patch_0048_mask.tif,256,256,65536,6487,59049,0.098984,0.901016,2
Train,img_1_patch_0049_mask.tif,256,256,65536,5487,60049,0.083725,0.916275,1
Train,img_2_patch_0001_mask.tif,256,256,65536,17797,47739,0.271561,0.728439,4
Train,img_2_patch_0002_mask.tif,256,256,65536,25538,39998,0.389679,0.610321,3
Train,img_2_patch_0003_mask.tif,256,256,65536,25228,40308,0.384949,0.615051,4
Train,img_2_patch_0004_mask.tif,256,256,65536,19588,45948,0.298889,0.701111,4
Train,img_2_patch_0005_mask.tif,256,256,65536,11924,53612,0.181946,0.818054,4
Train,img_2_patch_0006_mask.tif,256,256,65536,4183,61353,0.063828,0.936172,3
Train,img_2_patch_0007_mask.tif,256,256,65536,2429,63107,0.037064,0.962936,3
Train,img_2_patch_0008_mask.tif,256,256,65536,20675,44861,0.315475,0.684525,8
Train,img_2_patch_0009_mask.tif,256,256,65536,30387,35149,0.463669,0.536331,9
Train,img_2_patch_0010_mask.tif,256,256,65536,30365,35171,0.463333,0.536667,9
Train,img_2_patch_0011_mask.tif,256,256,65536,24381,41155,0.372025,0.627975,5
Train,img_2_patch_0012_mask.tif,256,256,65536,14192,51344,0.216553,0.783447,6
Train,img_2_patch_0013_mask.tif,256,256,65536,4480,61056,0.068359,0.931641,3
Train,img_2_patch_0014_mask.tif,256,256,65536,2429,63107,0.037064,0.962936,3
Train,img_2_patch_0015_mask.tif,256,256,65536,16523,49013,0.252121,0.747879,6
Train,img_2_patch_0016_mask.tif,256,256,65536,25962,39574,0.396149,0.603851,9
Train,img_2_patch_0017_mask.tif,256,256,65536,26144,39392,0.398926,0.601074,9
Train,img_2_patch_0018_mask.tif,256,256,65536,19439,46097,0.296616,0.703384,8
Train,img_2_patch_0019_mask.tif,256,256,65536,12282,53254,0.187408,0.812592,7
Train,img_2_patch_0020_mask.tif,256,256,65536,2843,62693,0.043381,0.956619,3
Train,img_2_patch_0021_mask.tif,256,256,65536,1179,64357,0.017990,0.982010,3
Train,img_2_patch_0022_mask.tif,256,256,65536,16498,49038,0.251740,0.748260,8
Train,img_2_patch_0023_mask.tif,256,256,65536,24240,41296,0.369873,0.630127,12
Train,img_2_patch_0024_mask.tif,256,256,65536,22042,43494,0.336334,0.663666,12
Train,img_2_patch_0025_mask.tif,256,256,65536,13169,52367,0.200943,0.799057,12
Train,img_2_patch_0026_mask.tif,256,256,65536,8577,56959,0.130875,0.869125,7
Train,img_2_patch_0027_mask.tif,256,256,65536,835,64701,0.012741,0.987259,3
Train,img_2_patch_0028_mask.tif,256,256,65536,35,65501,0.000534,0.999466,2
Train,img_2_patch_0029_mask.tif,256,256,65536,18248,47288,0.278442,0.721558,9
Train,img_2_patch_0030_mask.tif,256,256,65536,23155,42381,0.353317,0.646683,13
Train,img_2_patch_0031_mask.tif,256,256,65536,20820,44716,0.317688,0.682312,9
Train,img_2_patch_0032_mask.tif,256,256,65536,11063,54473,0.168808,0.831192,10
Train,img_2_patch_0033_mask.tif,256,256,65536,5634,59902,0.085968,0.914032,8
Train,img_2_patch_0034_mask.tif,256,256,65536,297,65239,0.004532,0.995468,1
Train,img_2_patch_0035_mask.tif,256,256,65536,0,65536,0.000000,1.000000,0
Train,img_2_patch_0036_mask.tif,256,256,65536,21252,44284,0.324280,0.675720,5
Train,img_2_patch_0037_mask.tif,256,256,65536,24135,41401,0.368271,0.631729,9
Train,img_2_patch_0038_mask.tif,256,256,65536,20397,45139,0.311234,0.688766,7
Train,img_2_patch_0039_mask.tif,256,256,65536,8632,56904,0.131714,0.868286,9
Train,img_2_patch_0040_mask.tif,256,256,65536,3409,62127,0.052017,0.947983,6
Train,img_2_patch_0041_mask.tif,256,256,65536,0,65536,0.000000,1.000000,0
Train,img_2_patch_0042_mask.tif,256,256,65536,0,65536,0.000000,1.000000,0
Train,img_2_patch_0043_mask.tif,256,256,65536,22118,43418,0.337494,0.662506,4
Train,img_2_patch_0044_mask.tif,256,256,65536,23750,41786,0.362396,0.637604,7
Train,img_2_patch_0045_mask.tif,256,256,65536,19510,46026,0.297699,0.702301,5
Train,img_2_patch_0046_mask.tif,256,256,65536,7665,57871,0.116959,0.883041,6
Train,img_2_patch_0047_mask.tif,256,256,65536,2158,63378,0.032928,0.967072,5
Train,img_2_patch_0048_mask.tif,256,256,65536,0,65536,0.000000,1.000000,0
Train,img_2_patch_0049_mask.tif,256,256,65536,0,65536,0.000000,1.000000,0
Train,img_3_patch_0001_mask.tif,256,256,65536,18326,47210,0.279633,0.720367,3
Train,img_3_patch_0002_mask.tif,256,256,65536,26585,38951,0.405655,0.594345,3
Train,img_3_patch_0003_mask.tif,256,256,65536,30198,35338,0.460785,0.539215,7
Train,img_3_patch_0004_mask.tif,256,256,65536,32266,33270,0.492340,0.507660,8
Train,img_3_patch_0005_mask.tif,256,256,65536,30513,35023,0.465591,0.534409,8
Train,img_3_patch_0006_mask.tif,256,256,65536,26135,39401,0.398788,0.601212,35
Train,img_3_patch_0007_mask.tif,256,256,65536,24235,41301,0.369797,0.630203,34
Train,img_3_patch_0008_mask.tif,256,256,65536,21784,43752,0.332397,0.667603,6
Train,img_3_patch_0009_mask.tif,256,256,65536,31703,33833,0.483749,0.516251,6
Train,img_3_patch_0010_mask.tif,256,256,65536,35862,29674,0.547211,0.452789,11
Train,img_3_patch_0011_mask.tif,256,256,65536,38996,26540,0.595032,0.404968,10
Train,img_3_patch_0012_mask.tif,256,256,65536,38689,26847,0.590347,0.409653,9
Train,img_3_patch_0013_mask.tif,256,256,65536,34443,31093,0.525558,0.474442,37
Train,img_3_patch_0014_mask.tif,256,256,65536,32397,33139,0.494339,0.505661,34
Train,img_3_patch_0015_mask.tif,256,256,65536,17403,48133,0.265549,0.734451,5
Train,img_3_patch_0016_mask.tif,256,256,65536,27544,37992,0.420288,0.579712,5
Train,img_3_patch_0017_mask.tif,256,256,65536,33129,32407,0.505508,0.494492,13
Train,img_3_patch_0018_mask.tif,256,256,65536,38329,27207,0.584854,0.415146,11
Train,img_3_patch_0019_mask.tif,256,256,65536,41380,24156,0.631409,0.368591,9
Train,img_3_patch_0020_mask.tif,256,256,65536,36897,28639,0.563004,0.436996,33
Train,img_3_patch_0021_mask.tif,256,256,65536,34641,30895,0.528580,0.471420,29
Train,img_3_patch_0022_mask.tif,256,256,65536,17832,47704,0.272095,0.727905,7
Train,img_3_patch_0023_mask.tif,256,256,65536,27871,37665,0.425278,0.574722,6
Train,img_3_patch_0024_mask.tif,256,256,65536,32485,33051,0.495682,0.504318,12
Train,img_3_patch_0025_mask.tif,256,256,65536,33228,32308,0.507019,0.492981,14
Train,img_3_patch_0026_mask.tif,256,256,65536,36367,29169,0.554916,0.445084,9
Train,img_3_patch_0027_mask.tif,256,256,65536,31484,34052,0.480408,0.519592,14
Train,img_3_patch_0028_mask.tif,256,256,65536,29431,36105,0.449081,0.550919,8
Train,img_3_patch_0029_mask.tif,256,256,65536,18759,46777,0.286240,0.713760,7
Train,img_3_patch_0030_mask.tif,256,256,65536,26669,38867,0.406937,0.593063,8
Train,img_3_patch_0031_mask.tif,256,256,65536,29432,36104,0.449097,0.550903,10
Train,img_3_patch_0032_mask.tif,256,256,65536,26649,38887,0.406631,0.593369,12
Train,img_3_patch_0033_mask.tif,256,256,65536,25580,39956,0.390320,0.609680,13
Train,img_3_patch_0034_mask.tif,256,256,65536,19138,46398,0.292023,0.707977,12
Train,img_3_patch_0035_mask.tif,256,256,65536,17558,47978,0.267914,0.732086,7
Train,img_3_patch_0036_mask.tif,256,256,65536,20366,45170,0.310760,0.689240,9
Train,img_3_patch_0037_mask.tif,256,256,65536,26469,39067,0.403885,0.596115,10
Train,img_3_patch_0038_mask.tif,256,256,65536,27688,37848,0.422485,0.577515,8
Train,img_3_patch_0039_mask.tif,256,256,65536,21868,43668,0.333679,0.666321,6
Train,img_3_patch_0040_mask.tif,256,256,65536,17419,48117,0.265793,0.734207,5
Train,img_3_patch_0041_mask.tif,256,256,65536,10830,54706,0.165253,0.834747,4
Train,img_3_patch_0042_mask.tif,256,256,65536,9396,56140,0.143372,0.856628,2
Train,img_3_patch_0043_mask.tif,256,256,65536,20677,44859,0.315506,0.684494,5
Train,img_3_patch_0044_mask.tif,256,256,65536,25482,40054,0.388824,0.611176,6
Train,img_3_patch_0045_mask.tif,256,256,65536,25282,40254,0.385773,0.614227,5
Train,img_3_patch_0046_mask.tif,256,256,65536,17656,47880,0.269409,0.730591,5
Train,img_3_patch_0047_mask.tif,256,256,65536,12797,52739,0.195267,0.804733,5
Train,img_3_patch_0048_mask.tif,256,256,65536,7506,58030,0.114532,0.885468,3
Train,img_3_patch_0049_mask.tif,256,256,65536,6506,59030,0.099274,0.900726,2
Train,img_4_patch_0001_mask.tif,256,256,65536,17797,47739,0.271561,0.728439,4
Train,img_4_patch_0002_mask.tif,256,256,65536,22771,42765,0.347458,0.652542,5
Train,img_4_patch_0003_mask.tif,256,256,65536,18278,47258,0.278900,0.721100,5
Train,img_4_patch_0004_mask.tif,256,256,65536,12638,52898,0.192841,0.807159,5
Train,img_4_patch_0005_mask.tif,256,256,65536,4974,60562,0.075897,0.924103,5
Train,img_4_patch_0006_mask.tif,256,256,65536,0,65536,0.000000,1.000000,0
Train,img_4_patch_0007_mask.tif,256,256,65536,0,65536,0.000000,1.000000,0
Train,img_4_patch_0008_mask.tif,256,256,65536,20675,44861,0.315475,0.684525,8
Train,img_4_patch_0009_mask.tif,256,256,65536,26274,39262,0.400909,0.599091,9
Train,img_4_patch_0010_mask.tif,256,256,65536,21772,43764,0.332214,0.667786,9
Train,img_4_patch_0011_mask.tif,256,256,65536,15788,49748,0.240906,0.759094,5
Train,img_4_patch_0012_mask.tif,256,256,65536,5599,59937,0.085434,0.914566,6
Train,img_4_patch_0013_mask.tif,256,256,65536,0,65536,0.000000,1.000000,0
Train,img_4_patch_0014_mask.tif,256,256,65536,0,65536,0.000000,1.000000,0
Train,img_4_patch_0015_mask.tif,256,256,65536,16523,49013,0.252121,0.747879,6
Train,img_4_patch_0016_mask.tif,256,256,65536,20357,45179,0.310623,0.689377,8
Train,img_4_patch_0017_mask.tif,256,256,65536,17696,47840,0.270020,0.729980,8
Train,img_4_patch_0018_mask.tif,256,256,65536,10991,54545,0.167709,0.832291,7
Train,img_4_patch_0019_mask.tif,256,256,65536,3834,61702,0.058502,0.941498,6
Train,img_4_patch_0020_mask.tif,256,256,65536,0,65536,0.000000,1.000000,0
Train,img_4_patch_0021_mask.tif,256,256,65536,0,65536,0.000000,1.000000,0
Train,img_4_patch_0022_mask.tif,256,256,65536,16498,49038,0.251740,0.748260,8
Train,img_4_patch_0023_mask.tif,256,256,65536,18180,47356,0.277405,0.722595,10
Train,img_4_patch_0024_mask.tif,256,256,65536,15147,50389,0.231125,0.768875,10
Train,img_4_patch_0025_mask.tif,256,256,65536,6274,59262,0.095734,0.904266,10
Train,img_4_patch_0026_mask.tif,256,256,65536,1682,63854,0.025665,0.974335,5
Train,img_4_patch_0027_mask.tif,256,256,65536,0,65536,0.000000,1.000000,0
Train,img_4_patch_0028_mask.tif,256,256,65536,0,65536,0.000000,1.000000,0
Train,img_4_patch_0029_mask.tif,256,256,65536,17671,47865,0.269638,0.730362,9
Train,img_4_patch_0030_mask.tif,256,256,65536,17869,47667,0.272659,0.727341,10
Train,img_4_patch_0031_mask.tif,256,256,65536,15237,50299,0.232498,0.767502,6
Train,img_4_patch_0032_mask.tif,256,256,65536,5480,60056,0.083618,0.916382,7
Train,img_4_patch_0033_mask.tif,256,256,65536,628,64908,0.009583,0.990417,3
Train,img_4_patch_0034_mask.tif,256,256,65536,0,65536,0.000000,1.000000,0
Train,img_4_patch_0035_mask.tif,256,256,65536,0,65536,0.000000,1.000000,0
Train,img_4_patch_0036_mask.tif,256,256,65536,19634,45902,0.299591,0.700409,5
Train,img_4_patch_0037_mask.tif,256,256,65536,19111,46425,0.291611,0.708389,6
Train,img_4_patch_0038_mask.tif,256,256,65536,15373,50163,0.234573,0.765427,4
Train,img_4_patch_0039_mask.tif,256,256,65536,3608,61928,0.055054,0.944946,6
Train,img_4_patch_0040_mask.tif,256,256,65536,3,65533,0.000046,0.999954,1
Train,img_4_patch_0041_mask.tif,256,256,65536,0,65536,0.000000,1.000000,0
Train,img_4_patch_0042_mask.tif,256,256,65536,0,65536,0.000000,1.000000,0
Train,img_4_patch_0043_mask.tif,256,256,65536,20205,45331,0.308304,0.691696,4
Train,img_4_patch_0044_mask.tif,256,256,65536,19682,45854,0.300323,0.699677,5
Train,img_4_patch_0045_mask.tif,256,256,65536,15442,50094,0.235626,0.764374,3
Train,img_4_patch_0046_mask.tif,256,256,65536,3651,61885,0.055710,0.944290,4
Train,img_4_patch_0047_mask.tif,256,256,65536,3,65533,0.000046,0.999954,1
Train,img_4_patch_0048_mask.tif,256,256,65536,0,65536,0.000000,1.000000,0
Train,img_4_patch_0049_mask.tif,256,256,65536,0,65536,0.000000,1.000000,0
Train,img_6_patch_0001_mask.tif,256,256,65536,18285,47251,0.279007,0.720993,3
Train,img_6_patch_0002_mask.tif,256,256,65536,26544,38992,0.405029,0.594971,3
Train,img_6_patch_0003_mask.tif,256,256,65536,29964,35572,0.457214,0.542786,7
Train,img_6_patch_0004_mask.tif,256,256,65536,25848,39688,0.394409,0.605591,8
Train,img_6_patch_0005_mask.tif,256,256,65536,17877,47659,0.272781,0.727219,6
Train,img_6_patch_0006_mask.tif,256,256,65536,9618,55918,0.146759,0.853241,6
Train,img_6_patch_0007_mask.tif,256,256,65536,7696,57840,0.117432,0.882568,6
Train,img_6_patch_0008_mask.tif,256,256,65536,21703,43833,0.331161,0.668839,6
Train,img_6_patch_0009_mask.tif,256,256,65536,31622,33914,0.482513,0.517487,6
Train,img_6_patch_0010_mask.tif,256,256,65536,35543,29993,0.542343,0.457657,11
Train,img_6_patch_0011_mask.tif,256,256,65536,30402,35134,0.463898,0.536102,9
Train,img_6_patch_0012_mask.tif,256,256,65536,20087,45449,0.306503,0.693497,8
Train,img_6_patch_0013_mask.tif,256,256,65536,10168,55368,0.155151,0.844849,9
Train,img_6_patch_0014_mask.tif,256,256,65536,8100,57436,0.123596,0.876404,7
Train,img_6_patch_0015_mask.tif,256,256,65536,17323,48213,0.264328,0.735672,5
Train,img_6_patch_0016_mask.tif,256,256,65536,27464,38072,0.419067,0.580933,5
Train,img_6_patch_0017_mask.tif,256,256,65536,32121,33415,0.490128,0.509872,11
Train,img_6_patch_0018_mask.tif,256,256,65536,25866,39670,0.394684,0.605316,10
Train,img_6_patch_0019_mask.tif,256,256,65536,18668,46868,0.284851,0.715149,8
Train,img_6_patch_0020_mask.tif,256,256,65536,8527,57009,0.130112,0.869888,11
Train,img_6_patch_0021_mask.tif,256,256,65536,6249,59287,0.095352,0.904648,8
Train,img_6_patch_0022_mask.tif,256,256,65536,17762,47774,0.271027,0.728973,7
Train,img_6_patch_0023_mask.tif,256,256,65536,27786,37750,0.423981,0.576019,6
Train,img_6_patch_0024_mask.tif,256,256,65536,29233,36303,0.446060,0.553940,12
Train,img_6_patch_0025_mask.tif,256,256,65536,19555,45981,0.298386,0.701614,13
Train,img_6_patch_0026_mask.tif,256,256,65536,14924,50612,0.227722,0.772278,9
Train,img_6_patch_0027_mask.tif,256,256,65536,4900,60636,0.074768,0.925232,13
Train,img_6_patch_0028_mask.tif,256,256,65536,2825,62711,0.043106,0.956894,8
Train,img_6_patch_0029_mask.tif,256,256,65536,18616,46920,0.284058,0.715942,4
Train,img_6_patch_0030_mask.tif,256,256,65536,26086,39450,0.398041,0.601959,5
Train,img_6_patch_0031_mask.tif,256,256,65536,25898,39638,0.395172,0.604828,7
Train,img_6_patch_0032_mask.tif,256,256,65536,15510,50026,0.236664,0.763336,8
Train,img_6_patch_0033_mask.tif,256,256,65536,10335,55201,0.157700,0.842300,8
Train,img_6_patch_0034_mask.tif,256,256,65536,2615,62921,0.039902,0.960098,8
Train,img_6_patch_0035_mask.tif,256,256,65536,1035,64501,0.015793,0.984207,3
Train,img_6_patch_0036_mask.tif,256,256,65536,18793,46743,0.286758,0.713242,9
Train,img_6_patch_0037_mask.tif,256,256,65536,24457,41079,0.373184,0.626816,10
Train,img_6_patch_0038_mask.tif,256,256,65536,23569,41967,0.359634,0.640366,7
Train,img_6_patch_0039_mask.tif,256,256,65536,12905,52631,0.196915,0.803085,5
Train,img_6_patch_0040_mask.tif,256,256,65536,8140,57396,0.124207,0.875793,3
Train,img_6_patch_0041_mask.tif,256,256,65536,2065,63471,0.031509,0.968491,3
Train,img_6_patch_0042_mask.tif,256,256,65536,631,64905,0.009628,0.990372,1
Train,img_6_patch_0043_mask.tif,256,256,65536,18684,46852,0.285095,0.714905,6
Train,img_6_patch_0044_mask.tif,256,256,65536,23050,42486,0.351715,0.648285,7
Train,img_6_patch_0045_mask.tif,256,256,65536,21002,44534,0.320465,0.679535,7
Train,img_6_patch_0046_mask.tif,256,256,65536,11177,54359,0.170547,0.829453,4
Train,img_6_patch_0047_mask.tif,256,256,65536,6243,59293,0.095261,0.904739,3
Train,img_6_patch_0048_mask.tif,256,256,65536,1466,64070,0.022369,0.977631,2
Train,img_6_patch_0049_mask.tif,256,256,65536,466,65070,0.007111,0.992889,1
Train,img_9_patch_0001_mask.tif,256,256,65536,0,65536,0.000000,1.000000,0
Train,img_9_patch_0002_mask.tif,256,256,65536,4606,60930,0.070282,0.929718,2
Train,img_9_patch_0003_mask.tif,256,256,65536,10606,54930,0.161835,0.838165,3
Train,img_9_patch_0004_mask.tif,256,256,65536,18375,47161,0.280380,0.719620,3
Train,img_9_patch_0005_mask.tif,256,256,65536,33574,31962,0.512299,0.487701,2
Train,img_9_patch_0006_mask.tif,256,256,65536,39043,26493,0.595749,0.404251,6
Train,img_9_patch_0007_mask.tif,256,256,65536,38397,27139,0.585892,0.414108,8
Train,img_9_patch_0008_mask.tif,256,256,65536,34541,30995,0.527054,0.472946,11
Train,img_9_patch_0009_mask.tif,256,256,65536,19828,45708,0.302551,0.697449,14
Train,img_9_patch_0010_mask.tif,256,256,65536,9753,55783,0.148819,0.851181,13
Train,img_9_patch_0011_mask.tif,256,256,65536,4399,61137,0.067123,0.932877,7
Train,img_9_patch_0012_mask.tif,256,256,65536,486,65050,0.007416,0.992584,2
Train,img_9_patch_0013_mask.tif,256,256,65536,0,65536,0.000000,1.000000,0
Train,img_9_patch_0014_mask.tif,256,256,65536,0,65536,0.000000,1.000000,0
Train,img_9_patch_0015_mask.tif,256,256,65536,0,65536,0.000000,1.000000,0
Train,img_9_patch_0016_mask.tif,256,256,65536,0,65536,0.000000,1.000000,0
Train,img_9_patch_0017_mask.tif,256,256,65536,0,65536,0.000000,1.000000,0
Train,img_9_patch_0018_mask.tif,256,256,65536,0,65536,0.000000,1.000000,0
Train,img_9_patch_0019_mask.tif,256,256,65536,0,65536,0.000000,1.000000,0
Train,img_9_patch_0020_mask.tif,256,256,65536,0,65536,0.000000,1.000000,0
Train,img_9_patch_0021_mask.tif,256,256,65536,0,65536,0.000000,1.000000,0
Train,img_9_patch_0022_mask.tif,256,256,65536,0,65536,0.000000,1.000000,0
Train,img_9_patch_0023_mask.tif,256,256,65536,0,65536,0.000000,1.000000,0
Train,img_9_patch_0024_mask.tif,256,256,65536,0,65536,0.000000,1.000000,0
Train,img_9_patch_0025_mask.tif,256,256,65536,0,65536,0.000000,1.000000,0
Train,img_9_patch_0026_mask.tif,256,256,65536,0,65536,0.000000,1.000000,0
Train,img_9_patch_0027_mask.tif,256,256,65536,0,65536,0.000000,1.000000,0
Train,img_9_patch_0028_mask.tif,256,256,65536,0,65536,0.000000,1.000000,0
Train,img_9_patch_0029_mask.tif,256,256,65536,0,65536,0.000000,1.000000,0
Train,img_9_patch_0030_mask.tif,256,256,65536,0,65536,0.000000,1.000000,0
Train,img_9_patch_0031_mask.tif,256,256,65536,0,65536,0.000000,1.000000,0
Train,img_9_patch_0032_mask.tif,256,256,65536,0,65536,0.000000,1.000000,0
Train,img_9_patch_0033_mask.tif,256,256,65536,0,65536,0.000000,1.000000,0
Train,img_9_patch_0034_mask.tif,256,256,65536,0,65536,0.000000,1.000000,0
Train,img_9_patch_0035_mask.tif,256,256,65536,0,65536,0.000000,1.000000,0
Train,img_9_patch_0036_mask.tif,256,256,65536,0,65536,0.000000,1.000000,0
Train,img_9_patch_0037_mask.tif,256,256,65536,0,65536,0.000000,1.000000,0
Train,img_9_patch_0038_mask.tif,256,256,65536,0,65536,0.000000,1.000000,0
Train,img_9_patch_0039_mask.tif,256,256,65536,0,65536,0.000000,1.000000,0
Train,img_9_patch_0040_mask.tif,256,256,65536,0,65536,0.000000,1.000000,0
Train,img_9_patch_0041_mask.tif,256,256,65536,0,65536,0.000000,1.000000,0
Train,img_9_patch_0042_mask.tif,256,256,65536,0,65536,0.000000,1.000000,0
Train,img_9_patch_0043_mask.tif,256,256,65536,0,65536,0.000000,1.000000,0
Train,img_9_patch_0044_mask.tif,256,256,65536,0,65536,0.000000,1.000000,0
Train,img_9_patch_0045_mask.tif,256,256,65536,0,65536,0.000000,1.000000,0
Train,img_9_patch_0046_mask.tif,256,256,65536,0,65536,0.000000,1.000000,0
Train,img_9_patch_0047_mask.tif,256,256,65536,0,65536,0.000000,1.000000,0
Train,img_9_patch_0048_mask.tif,256,256,65536,0,65536,0.000000,1.000000,0
Train,img_9_patch_0049_mask.tif,256,256,65536,0,65536,0.000000,1.000000,0
Train,img_9_patch_0050_mask.tif,256,256,65536,0,65536,0.000000,1.000000,0
Train,img_9_patch_0051_mask.tif,256,256,65536,0,65536,0.000000,1.000000,0
Train,img_9_patch_0052_mask.tif,256,256,65536,0,65536,0.000000,1.000000,0
Train,img_9_patch_0053_mask.tif,256,256,65536,0,65536,0.000000,1.000000,0
Train,img_9_patch_0054_mask.tif,256,256,65536,0,65536,0.000000,1.000000,0
Train,img_9_patch_0055_mask.tif,256,256,65536,0,65536,0.000000,1.000000,0
Train,img_9_patch_0056_mask.tif,256,256,65536,4220,61316,0.064392,0.935608,2
Train,img_9_patch_0057_mask.tif,256,256,65536,13276,52260,0.202576,0.797424,2
Train,img_9_patch_0058_mask.tif,256,256,65536,24079,41457,0.367416,0.632584,2
Train,img_9_patch_0059_mask.tif,256,256,65536,40248,25288,0.614136,0.385864,1
Train,img_9_patch_0060_mask.tif,256,256,65536,45864,19672,0.699829,0.300171,5
Train,img_9_patch_0061_mask.tif,256,256,65536,43494,22042,0.663666,0.336334,7
Train,img_9_patch_0062_mask.tif,256,256,65536,36869,28667,0.562576,0.437424,12
Train,img_9_patch_0063_mask.tif,256,256,65536,21616,43920,0.329834,0.670166,14
Train,img_9_patch_0064_mask.tif,256,256,65536,11780,53756,0.179749,0.820251,15
Train,img_9_patch_0065_mask.tif,256,256,65536,5094,60442,0.077728,0.922272,9
Train,img_9_patch_0066_mask.tif,256,256,65536,916,64620,0.013977,0.986023,5
Train,img_9_patch_0067_mask.tif,256,256,65536,0,65536,0.000000,1.000000,0
Train,img_9_patch_0068_mask.tif,256,256,65536,0,65536,0.000000,1.000000,0
Train,img_9_patch_0069_mask.tif,256,256,65536,0,65536,0.000000,1.000000,0
Train,img_9_patch_0070_mask.tif,256,256,65536,1257,64279,0.019180,0.980820,1
Train,img_9_patch_0071_mask.tif,256,256,65536,1452,64084,0.022156,0.977844,1
Train,img_9_patch_0072_mask.tif,256,256,65536,1452,64084,0.022156,0.977844,1
Train,img_9_patch_0073_mask.tif,256,256,65536,1452,64084,0.022156,0.977844,1
Train,img_9_patch_0074_mask.tif,256,256,65536,195,65341,0.002975,0.997025,1
Train,img_9_patch_0075_mask.tif,256,256,65536,0,65536,0.000000,1.000000,0
Train,img_9_patch_0076_mask.tif,256,256,65536,0,65536,0.000000,1.000000,0
Train,img_9_patch_0077_mask.tif,256,256,65536,0,65536,0.000000,1.000000,0
Train,img_9_patch_0078_mask.tif,256,256,65536,0,65536,0.000000,1.000000,0
Train,img_9_patch_0079_mask.tif,256,256,65536,0,65536,0.000000,1.000000,0
Train,img_9_patch_0080_mask.tif,256,256,65536,0,65536,0.000000,1.000000,0
Train,img_9_patch_0081_mask.tif,256,256,65536,0,65536,0.000000,1.000000,0
Train,img_9_patch_0082_mask.tif,256,256,65536,0,65536,0.000000,1.000000,0
Train,img_9_patch_0083_mask.tif,256,256,65536,0,65536,0.000000,1.000000,0
Train,img_9_patch_0084_mask.tif,256,256,65536,0,65536,0.000000,1.000000,0
Train,img_9_patch_0085_mask.tif,256,256,65536,0,65536,0.000000,1.000000,0
Train,img_9_patch_0086_mask.tif,256,256,65536,0,65536,0.000000,1.000000,0
Train,img_9_patch_0087_mask.tif,256,256,65536,0,65536,0.000000,1.000000,0
Train,img_9_patch_0088_mask.tif,256,256,65536,0,65536,0.000000,1.000000,0
Train,img_9_patch_0089_mask.tif,256,256,65536,0,65536,0.000000,1.000000,0
Train,img_9_patch_0090_mask.tif,256,256,65536,0,65536,0.000000,1.000000,0
Train,img_9_patch_0091_mask.tif,256,256,65536,0,65536,0.000000,1.000000,0
Train,img_9_patch_0092_mask.tif,256,256,65536,0,65536,0.000000,1.000000,0
Train,img_9_patch_0093_mask.tif,256,256,65536,0,65536,0.000000,1.000000,0
Train,img_9_patch_0094_mask.tif,256,256,65536,0,65536,0.000000,1.000000,0
Train,img_9_patch_0095_mask.tif,256,256,65536,0,65536,0.000000,1.000000,0
Train,img_9_patch_0096_mask.tif,256,256,65536,0,65536,0.000000,1.000000,0
Train,img_9_patch_0097_mask.tif,256,256,65536,0,65536,0.000000,1.000000,0
Train,img_9_patch_0098_mask.tif,256,256,65536,0,65536,0.000000,1.000000,0
Train,img_9_patch_0099_mask.tif,256,256,65536,0,65536,0.000000,1.000000,0
Train,img_9_patch_0100_mask.tif,256,256,65536,0,65536,0.000000,1.000000,0
Train,img_9_patch_0101_mask.tif,256,256,65536,0,65536,0.000000,1.000000,0
Train,img_9_patch_0102_mask.tif,256,256,65536,0,65536,0.000000,1.000000,0
Train,img_9_patch_0103_mask.tif,256,256,65536,0,65536,0.000000,1.000000,0
Train,img_9_patch_0104_mask.tif,256,256,65536,0,65536,0.000000,1.000000,0
Train,img_9_patch_0105_mask.tif,256,256,65536,0,65536,0.000000,1.000000,0
Train,img_9_patch_0106_mask.tif,256,256,65536,0,65536,0.000000,1.000000,0
Train,img_9_patch_0107_mask.tif,256,256,65536,0,65536,0.000000,1.000000,0
Train,img_9_patch_0108_mask.tif,256,256,65536,0,65536,0.000000,1.000000,0
Train,img_9_patch_0109_mask.tif,256,256,65536,0,65536,0.000000,1.000000,0
Train,img_9_patch_0110_mask.tif,256,256,65536,2861,62675,0.043655,0.956345,3
Train,img_9_patch_0111_mask.tif,256,256,65536,13270,52266,0.202484,0.797516,2
Train,img_9_patch_0112_mask.tif,256,256,65536,25763,39773,0.393112,0.606888,2
Train,img_9_patch_0113_mask.tif,256,256,65536,40248,25288,0.614136,0.385864,2
Train,img_9_patch_0114_mask.tif,256,256,65536,45366,20170,0.692230,0.307770,7
Train,img_9_patch_0115_mask.tif,256,256,65536,44418,21118,0.677765,0.322235,4
Train,img_9_patch_0116_mask.tif,256,256,65536,37370,28166,0.570221,0.429779,8
Train,img_9_patch_0117_mask.tif,256,256,65536,23805,41731,0.363235,0.636765,9
Train,img_9_patch_0118_mask.tif,256,256,65536,15826,49710,0.241486,0.758514,9
Train,img_9_patch_0119_mask.tif,256,256,65536,6365,59171,0.097122,0.902878,6
Train,img_9_patch_0120_mask.tif,256,256,65536,920,64616,0.014038,0.985962,5
Train,img_9_patch_0121_mask.tif,256,256,65536,0,65536,0.000000,1.000000,0
Train,img_9_patch_0122_mask.tif,256,256,65536,0,65536,0.000000,1.000000,0
Train,img_9_patch_0123_mask.tif,256,256,65536,1,65535,0.000015,0.999985,1
Train,img_9_patch_0124_mask.tif,256,256,65536,4185,61351,0.063858,0.936142,1
Train,img_9_patch_0125_mask.tif,256,256,65536,6552,58984,0.099976,0.900024,1
Train,img_9_patch_0126_mask.tif,256,256,65536,6552,58984,0.099976,0.900024,1
Train,img_9_patch_0127_mask.tif,256,256,65536,6551,58985,0.099960,0.900040,1
Train,img_9_patch_0128_mask.tif,256,256,65536,2367,63169,0.036118,0.963882,1
Train,img_9_patch_0129_mask.tif,256,256,65536,0,65536,0.000000,1.000000,0
Train,img_9_patch_0130_mask.tif,256,256,65536,0,65536,0.000000,1.000000,0
Train,img_9_patch_0131_mask.tif,256,256,65536,0,65536,0.000000,1.000000,0
Train,img_9_patch_0132_mask.tif,256,256,65536,0,65536,0.000000,1.000000,0
Train,img_9_patch_0133_mask.tif,256,256,65536,0,65536,0.000000,1.000000,0
Train,img_9_patch_0134_mask.tif,256,256,65536,0,65536,0.000000,1.000000,0
Train,img_9_patch_0135_mask.tif,256,256,65536,0,65536,0.000000,1.000000,0
Train,img_9_patch_0136_mask.tif,256,256,65536,0,65536,0.000000,1.000000,0
Train,img_9_patch_0137_mask.tif,256,256,65536,0,65536,0.000000,1.000000,0
Train,img_9_patch_0138_mask.tif,256,256,65536,0,65536,0.000000,1.000000,0
Train,img_9_patch_0139_mask.tif,256,256,65536,0,65536,0.000000,1.000000,0
Train,img_9_patch_0140_mask.tif,256,256,65536,0,65536,0.000000,1.000000,0
Train,img_9_patch_0141_mask.tif,256,256,65536,0,65536,0.000000,1.000000,0
Train,img_9_patch_0142_mask.tif,256,256,65536,0,65536,0.000000,1.000000,0
Train,img_9_patch_0143_mask.tif,256,256,65536,0,65536,0.000000,1.000000,0
Train,img_9_patch_0144_mask.tif,256,256,65536,0,65536,0.000000,1.000000,0
Train,img_9_patch_0145_mask.tif,256,256,65536,0,65536,0.000000,1.000000,0
Train,img_9_patch_0146_mask.tif,256,256,65536,0,65536,0.000000,1.000000,0
Train,img_9_patch_0147_mask.tif,256,256,65536,0,65536,0.000000,1.000000,0
Train,img_9_patch_0148_mask.tif,256,256,65536,0,65536,0.000000,1.000000,0
Train,img_9_patch_0149_mask.tif,256,256,65536,0,65536,0.000000,1.000000,0
Train,img_9_patch_0150_mask.tif,256,256,65536,0,65536,0.000000,1.000000,0
Train,img_9_patch_0151_mask.tif,256,256,65536,0,65536,0.000000,1.000000,0
Train,img_9_patch_0152_mask.tif,256,256,65536,0,65536,0.000000,1.000000,0
Train,img_9_patch_0153_mask.tif,256,256,65536,0,65536,0.000000,1.000000,0
Train,img_9_patch_0154_mask.tif,256,256,65536,0,65536,0.000000,1.000000,0
Train,img_9_patch_0155_mask.tif,256,256,65536,0,65536,0.000000,1.000000,0
Train,img_9_patch_0156_mask.tif,256,256,65536,0,65536,0.000000,1.000000,0
Train,img_9_patch_0157_mask.tif,256,256,65536,0,65536,0.000000,1.000000,0
Train,img_9_patch_0158_mask.tif,256,256,65536,0,65536,0.000000,1.000000,0
Train,img_9_patch_0159_mask.tif,256,256,65536,0,65536,0.000000,1.000000,0
Train,img_9_patch_0160_mask.tif,256,256,65536,0,65536,0.000000,1.000000,0
Train,img_9_patch_0161_mask.tif,256,256,65536,0,65536,0.000000,1.000000,0
Train,img_9_patch_0162_mask.tif,256,256,65536,0,65536,0.000000,1.000000,0
Train,img_9_patch_0163_mask.tif,256,256,65536,724,64812,0.011047,0.988953,1
Train,img_9_patch_0164_mask.tif,256,256,65536,2966,62570,0.045258,0.954742,3
Train,img_9_patch_0165_mask.tif,256,256,65536,13274,52262,0.202545,0.797455,2
Train,img_9_patch_0166_mask.tif,256,256,65536,25371,40165,0.387131,0.612869,2
Train,img_9_patch_0167_mask.tif,256,256,65536,35814,29722,0.546478,0.453522,2
Train,img_9_patch_0168_mask.tif,256,256,65536,39435,26101,0.601730,0.398270,8
Train,img_9_patch_0169_mask.tif,256,256,65536,39016,26520,0.595337,0.404663,7
Train,img_9_patch_0170_mask.tif,256,256,65536,32475,33061,0.495529,0.504471,10
Train,img_9_patch_0171_mask.tif,256,256,65536,21999,43537,0.335678,0.664322,10
Train,img_9_patch_0172_mask.tif,256,256,65536,16136,49400,0.246216,0.753784,7
Train,img_9_patch_0173_mask.tif,256,256,65536,6247,59289,0.095322,0.904678,5
Train,img_9_patch_0174_mask.tif,256,256,65536,691,64845,0.010544,0.989456,4
Train,img_9_patch_0175_mask.tif,256,256,65536,0,65536,0.000000,1.000000,0
Train,img_9_patch_0176_mask.tif,256,256,65536,0,65536,0.000000,1.000000,0
Train,img_9_patch_0177_mask.tif,256,256,65536,2244,63292,0.034241,0.965759,2
Train,img_9_patch_0178_mask.tif,256,256,65536,9517,56019,0.145218,0.854782,1
Train,img_9_patch_0179_mask.tif,256,256,65536,15880,49656,0.242310,0.757690,1
Train,img_9_patch_0180_mask.tif,256,256,65536,16531,49005,0.252243,0.747757,1
Train,img_9_patch_0181_mask.tif,256,256,65536,14287,51249,0.218002,0.781998,1
Train,img_9_patch_0182_mask.tif,256,256,65536,7014,58522,0.107025,0.892975,1
Train,img_9_patch_0183_mask.tif,256,256,65536,651,64885,0.009933,0.990067,1
Train,img_9_patch_0184_mask.tif,256,256,65536,0,65536,0.000000,1.000000,0
Train,img_9_patch_0185_mask.tif,256,256,65536,0,65536,0.000000,1.000000,0
Train,img_9_patch_0186_mask.tif,256,256,65536,0,65536,0.000000,1.000000,0
Train,img_9_patch_0187_mask.tif,256,256,65536,0,65536,0.000000,1.000000,0
Train,img_9_patch_0188_mask.tif,256,256,65536,0,65536,0.000000,1.000000,0
Train,img_9_patch_0189_mask.tif,256,256,65536,0,65536,0.000000,1.000000,0
Train,img_9_patch_0190_mask.tif,256,256,65536,0,65536,0.000000,1.000000,0
Train,img_9_patch_0191_mask.tif,256,256,65536,0,65536,0.000000,1.000000,0
Train,img_9_patch_0192_mask.tif,256,256,65536,0,65536,0.000000,1.000000,0
Train,img_9_patch_0193_mask.tif,256,256,65536,0,65536,0.000000,1.000000,0
Train,img_9_patch_0194_mask.tif,256,256,65536,0,65536,0.000000,1.000000,0
Train,img_9_patch_0195_mask.tif,256,256,65536,0,65536,0.000000,1.000000,0
Train,img_9_patch_0196_mask.tif,256,256,65536,0,65536,0.000000,1.000000,0
Train,img_9_patch_0197_mask.tif,256,256,65536,0,65536,0.000000,1.000000,0
Train,img_9_patch_0198_mask.tif,256,256,65536,0,65536,0.000000,1.000000,0
Train,img_9_patch_0199_mask.tif,256,256,65536,0,65536,0.000000,1.000000,0
Train,img_9_patch_0200_mask.tif,256,256,65536,0,65536,0.000000,1.000000,0
Train,img_9_patch_0201_mask.tif,256,256,65536,0,65536,0.000000,1.000000,0
Train,img_9_patch_0202_mask.tif,256,256,65536,0,65536,0.000000,1.000000,0
Train,img_9_patch_0203_mask.tif,256,256,65536,0,65536,0.000000,1.000000,0
Train,img_9_patch_0204_mask.tif,256,256,65536,0,65536,0.000000,1.000000,0
Train,img_9_patch_0205_mask.tif,256,256,65536,0,65536,0.000000,1.000000,0
Train,img_9_patch_0206_mask.tif,256,256,65536,0,65536,0.000000,1.000000,0
Train,img_9_patch_0207_mask.tif,256,256,65536,0,65536,0.000000,1.000000,0
Train,img_9_patch_0208_mask.tif,256,256,65536,0,65536,0.000000,1.000000,0
Train,img_9_patch_0209_mask.tif,256,256,65536,0,65536,0.000000,1.000000,0
Train,img_9_patch_0210_mask.tif,256,256,65536,0,65536,0.000000,1.000000,0
Train,img_9_patch_0211_mask.tif,256,256,65536,0,65536,0.000000,1.000000,0
Train,img_9_patch_0212_mask.tif,256,256,65536,0,65536,0.000000,1.000000,0
Train,img_9_patch_0213_mask.tif,256,256,65536,0,65536,0.000000,1.000000,0
Train,img_9_patch_0214_mask.tif,256,256,65536,0,65536,0.000000,1.000000,0
Train,img_9_patch_0215_mask.tif,256,256,65536,0,65536,0.000000,1.000000,0
Train,img_9_patch_0216_mask.tif,256,256,65536,0,65536,0.000000,1.000000,0
Train,img_9_patch_0217_mask.tif,256,256,65536,4994,60542,0.076202,0.923798,1
Train,img_9_patch_0218_mask.tif,256,256,65536,10982,54554,0.167572,0.832428,3
Train,img_9_patch_0219_mask.tif,256,256,65536,22344,43192,0.340942,0.659058,2
Train,img_9_patch_0220_mask.tif,256,256,65536,33459,32077,0.510544,0.489456,2
Train,img_9_patch_0221_mask.tif,256,256,65536,39678,25858,0.605438,0.394562,2
Train,img_9_patch_0222_mask.tif,256,256,65536,41420,24116,0.632019,0.367981,4
Train,img_9_patch_0223_mask.tif,256,256,65536,42746,22790,0.652252,0.347748,3
Train,img_9_patch_0224_mask.tif,256,256,65536,39533,26003,0.603226,0.396774,6
Train,img_9_patch_0225_mask.tif,256,256,65536,30678,34858,0.468109,0.531891,6
Train,img_9_patch_0226_mask.tif,256,256,65536,22948,42588,0.350159,0.649841,5
Train,img_9_patch_0227_mask.tif,256,256,65536,10260,55276,0.156555,0.843445,6
Train,img_9_patch_0228_mask.tif,256,256,65536,2040,63496,0.031128,0.968872,5
Train,img_9_patch_0229_mask.tif,256,256,65536,0,65536,0.000000,1.000000,0
Train,img_9_patch_0230_mask.tif,256,256,65536,0,65536,0.000000,1.000000,0
Train,img_9_patch_0231_mask.tif,256,256,65536,3002,62534,0.045807,0.954193,4
Train,img_9_patch_0232_mask.tif,256,256,65536,13238,52298,0.201996,0.798004,2
Train,img_9_patch_0233_mask.tif,256,256,65536,22052,43484,0.336487,0.663513,2
Train,img_9_patch_0234_mask.tif,256,256,65536,24232,41304,0.369751,0.630249,2
Train,img_9_patch_0235_mask.tif,256,256,65536,21230,44306,0.323944,0.676056,1
Train,img_9_patch_0236_mask.tif,256,256,65536,10994,54542,0.167755,0.832245,1
Train,img_9_patch_0237_mask.tif,256,256,65536,2180,63356,0.033264,0.966736,1
Train,img_9_patch_0238_mask.tif,256,256,65536,0,65536,0.000000,1.000000,0
Train,img_9_patch_0239_mask.tif,256,256,65536,0,65536,0.000000,1.000000,0
Train,img_9_patch_0240_mask.tif,256,256,65536,0,65536,0.000000,1.000000,0
Train,img_9_patch_0241_mask.tif,256,256,65536,0,65536,0.000000,1.000000,0
Train,img_9_patch_0242_mask.tif,256,256,65536,0,65536,0.000000,1.000000,0
Train,img_9_patch_0243_mask.tif,256,256,65536,0,65536,0.000000,1.000000,0
Train,img_9_patch_0244_mask.tif,256,256,65536,0,65536,0.000000,1.000000,0
Train,img_9_patch_0245_mask.tif,256,256,65536,0,65536,0.000000,1.000000,0
Train,img_9_patch_0246_mask.tif,256,256,65536,0,65536,0.000000,1.000000,0
Train,img_9_patch_0247_mask.tif,256,256,65536,0,65536,0.000000,1.000000,0
Train,img_9_patch_0248_mask.tif,256,256,65536,0,65536,0.000000,1.000000,0
Train,img_9_patch_0249_mask.tif,256,256,65536,0,65536,0.000000,1.000000,0
Train,img_9_patch_0250_mask.tif,256,256,65536,0,65536,0.000000,1.000000,0
Train,img_9_patch_0251_mask.tif,256,256,65536,0,65536,0.000000,1.000000,0
Train,img_9_patch_0252_mask.tif,256,256,65536,0,65536,0.000000,1.000000,0
Train,img_9_patch_0253_mask.tif,256,256,65536,0,65536,0.000000,1.000000,0
Train,img_9_patch_0254_mask.tif,256,256,65536,0,65536,0.000000,1.000000,0
Train,img_9_patch_0255_mask.tif,256,256,65536,0,65536,0.000000,1.000000,0
Train,img_9_patch_0256_mask.tif,256,256,65536,0,65536,0.000000,1.000000,0
Train,img_9_patch_0257_mask.tif,256,256,65536,0,65536,0.000000,1.000000,0
Train,img_9_patch_0258_mask.tif,256,256,65536,0,65536,0.000000,1.000000,0
Train,img_9_patch_0259_mask.tif,256,256,65536,0,65536,0.000000,1.000000,0
Train,img_9_patch_0260_mask.tif,256,256,65536,0,65536,0.000000,1.000000,0
Train,img_9_patch_0261_mask.tif,256,256,65536,0,65536,0.000000,1.000000,0
Train,img_9_patch_0262_mask.tif,256,256,65536,0,65536,0.000000,1.000000,0
Train,img_9_patch_0263_mask.tif,256,256,65536,0,65536,0.000000,1.000000,0
Train,img_9_patch_0264_mask.tif,256,256,65536,0,65536,0.000000,1.000000,0
Train,img_9_patch_0265_mask.tif,256,256,65536,0,65536,0.000000,1.000000,0
Train,img_9_patch_0266_mask.tif,256,256,65536,0,65536,0.000000,1.000000,0
Train,img_9_patch_0267_mask.tif,256,256,65536,0,65536,0.000000,1.000000,0
Train,img_9_patch_0268_mask.tif,256,256,65536,0,65536,0.000000,1.000000,0
Train,img_9_patch_0269_mask.tif,256,256,65536,0,65536,0.000000,1.000000,0
Train,img_9_patch_0270_mask.tif,256,256,65536,0,65536,0.000000,1.000000,0
Train,img_9_patch_0271_mask.tif,256,256,65536,9730,55806,0.148468,0.851532,1
Train,img_9_patch_0272_mask.tif,256,256,65536,18886,46650,0.288177,0.711823,3
Train,img_9_patch_0273_mask.tif,256,256,65536,30326,35210,0.462738,0.537262,2
Train,img_9_patch_0274_mask.tif,256,256,65536,40884,24652,0.623840,0.376160,3
Train,img_9_patch_0275_mask.tif,256,256,65536,43007,22529,0.656235,0.343765,3
Train,img_9_patch_0276_mask.tif,256,256,65536,44468,21068,0.678528,0.321472,3
Train,img_9_patch_0277_mask.tif,256,256,65536,46313,19223,0.706680,0.293320,4
Train,img_9_patch_0278_mask.tif,256,256,65536,43543,21993,0.664413,0.335587,4
Train,img_9_patch_0279_mask.tif,256,256,65536,34381,31155,0.524612,0.475388,4
Train,img_9_patch_0280_mask.tif,256,256,65536,23764,41772,0.362610,0.637390,3
Train,img_9_patch_0281_mask.tif,256,256,65536,10479,55057,0.159897,0.840103,4
Train,img_9_patch_0282_mask.tif,256,256,65536,1733,63803,0.026443,0.973557,3
Train,img_9_patch_0283_mask.tif,256,256,65536,0,65536,0.000000,1.000000,0
Train,img_9_patch_0284_mask.tif,256,256,65536,572,64964,0.008728,0.991272,2
Train,img_9_patch_0285_mask.tif,256,256,65536,6935,58601,0.105820,0.894180,4
Train,img_9_patch_0286_mask.tif,256,256,65536,19989,45547,0.305008,0.694992,2
Train,img_9_patch_0287_mask.tif,256,256,65536,30798,34738,0.469940,0.530060,3
Train,img_9_patch_0288_mask.tif,256,256,65536,32596,32940,0.497375,0.502625,3
Train,img_9_patch_0289_mask.tif,256,256,65536,26233,39303,0.400284,0.599716,2
Train,img_9_patch_0290_mask.tif,256,256,65536,13179,52357,0.201096,0.798904,3
Train,img_9_patch_0291_mask.tif,256,256,65536,2370,63166,0.036163,0.963837,2
Train,img_9_patch_0292_mask.tif,256,256,65536,0,65536,0.000000,1.000000,0
Train,img_9_patch_0293_mask.tif,256,256,65536,0,65536,0.000000,1.000000,0
Train,img_9_patch_0294_mask.tif,256,256,65536,0,65536,0.000000,1.000000,0
Train,img_9_patch_0295_mask.tif,256,256,65536,0,65536,0.000000,1.000000,0
Train,img_9_patch_0296_mask.tif,256,256,65536,0,65536,0.000000,1.000000,0
Train,img_9_patch_0297_mask.tif,256,256,65536,0,65536,0.000000,1.000000,0
Train,img_9_patch_0298_mask.tif,256,256,65536,0,65536,0.000000,1.000000,0
Train,img_9_patch_0299_mask.tif,256,256,65536,0,65536,0.000000,1.000000,0
Train,img_9_patch_0300_mask.tif,256,256,65536,0,65536,0.000000,1.000000,0
Train,img_9_patch_0301_mask.tif,256,256,65536,0,65536,0.000000,1.000000,0
Train,img_9_patch_0302_mask.tif,256,256,65536,0,65536,0.000000,1.000000,0
Train,img_9_patch_0303_mask.tif,256,256,65536,0,65536,0.000000,1.000000,0
Train,img_9_patch_0304_mask.tif,256,256,65536,0,65536,0.000000,1.000000,0
Train,img_9_patch_0305_mask.tif,256,256,65536,0,65536,0.000000,1.000000,0
Train,img_9_patch_0306_mask.tif,256,256,65536,0,65536,0.000000,1.000000,0
Train,img_9_patch_0307_mask.tif,256,256,65536,0,65536,0.000000,1.000000,0
Train,img_9_patch_0308_mask.tif,256,256,65536,0,65536,0.000000,1.000000,0
Train,img_9_patch_0309_mask.tif,256,256,65536,0,65536,0.000000,1.000000,0
Train,img_9_patch_0310_mask.tif,256,256,65536,0,65536,0.000000,1.000000,0
Train,img_9_patch_0311_mask.tif,256,256,65536,0,65536,0.000000,1.000000,0
Train,img_9_patch_0312_mask.tif,256,256,65536,0,65536,0.000000,1.000000,0
Train,img_9_patch_0313_mask.tif,256,256,65536,0,65536,0.000000,1.000000,0
Train,img_9_patch_0314_mask.tif,256,256,65536,0,65536,0.000000,1.000000,0
Train,img_9_patch_0315_mask.tif,256,256,65536,0,65536,0.000000,1.000000,0
Train,img_9_patch_0316_mask.tif,256,256,65536,0,65536,0.000000,1.000000,0
Train,img_9_patch_0317_mask.tif,256,256,65536,0,65536,0.000000,1.000000,0
Train,img_9_patch_0318_mask.tif,256,256,65536,0,65536,0.000000,1.000000,0
Train,img_9_patch_0319_mask.tif,256,256,65536,0,65536,0.000000,1.000000,0
Train,img_9_patch_0320_mask.tif,256,256,65536,0,65536,0.000000,1.000000,0
Train,img_9_patch_0321_mask.tif,256,256,65536,0,65536,0.000000,1.000000,0
Train,img_9_patch_0322_mask.tif,256,256,65536,0,65536,0.000000,1.000000,0
Train,img_9_patch_0323_mask.tif,256,256,65536,0,65536,0.000000,1.000000,0
Train,img_9_patch_0324_mask.tif,256,256,65536,0,65536,0.000000,1.000000,0
Train,img_9_patch_0325_mask.tif,256,256,65536,14661,50875,0.223709,0.776291,1
Train,img_9_patch_0326_mask.tif,256,256,65536,27179,38357,0.414719,0.585281,1
Train,img_9_patch_0327_mask.tif,256,256,65536,39203,26333,0.598190,0.401810,2
Train,img_9_patch_0328_mask.tif,256,256,65536,49836,15700,0.760437,0.239563,2
Train,img_9_patch_0329_mask.tif,256,256,65536,49646,15890,0.757538,0.242462,3
Train,img_9_patch_0330_mask.tif,256,256,65536,50420,15116,0.769348,0.230652,3
Train,img_9_patch_0331_mask.tif,256,256,65536,52236,13300,0.797058,0.202942,4
Train,img_9_patch_0332_mask.tif,256,256,65536,48786,16750,0.744415,0.255585,4
Train,img_9_patch_0333_mask.tif,256,256,65536,37699,27837,0.575241,0.424759,4
Train,img_9_patch_0334_mask.tif,256,256,65536,24407,41129,0.372421,0.627579,3
Train,img_9_patch_0335_mask.tif,256,256,65536,10567,54969,0.161240,0.838760,3
Train,img_9_patch_0336_mask.tif,256,256,65536,1868,63668,0.028503,0.971497,3
Train,img_9_patch_0337_mask.tif,256,256,65536,3438,62098,0.052460,0.947540,1
Train,img_9_patch_0338_mask.tif,256,256,65536,7462,58074,0.113861,0.886139,2
Train,img_9_patch_0339_mask.tif,256,256,65536,16647,48889,0.254013,0.745987,2
Train,img_9_patch_0340_mask.tif,256,256,65536,30593,34943,0.466812,0.533188,1
Train,img_9_patch_0341_mask.tif,256,256,65536,37710,27826,0.575409,0.424591,2
Train,img_9_patch_0342_mask.tif,256,256,65536,36056,29480,0.550171,0.449829,2
Train,img_9_patch_0343_mask.tif,256,256,65536,26871,38665,0.410019,0.589981,2
Train,img_9_patch_0344_mask.tif,256,256,65536,12648,52888,0.192993,0.807007,3
Train,img_9_patch_0345_mask.tif,256,256,65536,2370,63166,0.036163,0.963837,2
Train,img_9_patch_0346_mask.tif,256,256,65536,0,65536,0.000000,1.000000,0
Train,img_9_patch_0347_mask.tif,256,256,65536,0,65536,0.000000,1.000000,0
Train,img_9_patch_0348_mask.tif,256,256,65536,0,65536,0.000000,1.000000,0
Train,img_9_patch_0349_mask.tif,256,256,65536,0,65536,0.000000,1.000000,0
Train,img_9_patch_0350_mask.tif,256,256,65536,0,65536,0.000000,1.000000,0
Train,img_9_patch_0351_mask.tif,256,256,65536,0,65536,0.000000,1.000000,0
Train,img_9_patch_0352_mask.tif,256,256,65536,0,65536,0.000000,1.000000,0
Train,img_9_patch_0353_mask.tif,256,256,65536,0,65536,0.000000,1.000000,0
Train,img_9_patch_0354_mask.tif,256,256,65536,0,65536,0.000000,1.000000,0
Train,img_9_patch_0355_mask.tif,256,256,65536,0,65536,0.000000,1.000000,0
Train,img_9_patch_0356_mask.tif,256,256,65536,0,65536,0.000000,1.000000,0
Train,img_9_patch_0357_mask.tif,256,256,65536,0,65536,0.000000,1.000000,0
Train,img_9_patch_0358_mask.tif,256,256,65536,0,65536,0.000000,1.000000,0
Train,img_9_patch_0359_mask.tif,256,256,65536,0,65536,0.000000,1.000000,0
Train,img_9_patch_0360_mask.tif,256,256,65536,0,65536,0.000000,1.000000,0
Train,img_9_patch_0361_mask.tif,256,256,65536,0,65536,0.000000,1.000000,0
Train,img_9_patch_0362_mask.tif,256,256,65536,0,65536,0.000000,1.000000,0
Train,img_9_patch_0363_mask.tif,256,256,65536,0,65536,0.000000,1.000000,0
Train,img_9_patch_0364_mask.tif,256,256,65536,0,65536,0.000000,1.000000,0
Train,img_9_patch_0365_mask.tif,256,256,65536,0,65536,0.000000,1.000000,0
Train,img_9_patch_0366_mask.tif,256,256,65536,0,65536,0.000000,1.000000,0
Train,img_9_patch_0367_mask.tif,256,256,65536,0,65536,0.000000,1.000000,0
Train,img_9_patch_0368_mask.tif,256,256,65536,0,65536,0.000000,1.000000,0
Train,img_9_patch_0369_mask.tif,256,256,65536,0,65536,0.000000,1.000000,0
Train,img_9_patch_0370_mask.tif,256,256,65536,0,65536,0.000000,1.000000,0
Train,img_9_patch_0371_mask.tif,256,256,65536,0,65536,0.000000,1.000000,0
Train,img_9_patch_0372_mask.tif,256,256,65536,0,65536,0.000000,1.000000,0
Train,img_9_patch_0373_mask.tif,256,256,65536,0,65536,0.000000,1.000000,0
Train,img_9_patch_0374_mask.tif,256,256,65536,0,65536,0.000000,1.000000,0
Train,img_9_patch_0375_mask.tif,256,256,65536,0,65536,0.000000,1.000000,0
Train,img_9_patch_0376_mask.tif,256,256,65536,0,65536,0.000000,1.000000,0
Train,img_9_patch_0377_mask.tif,256,256,65536,0,65536,0.000000,1.000000,0
Train,img_9_patch_0378_mask.tif,256,256,65536,0,65536,0.000000,1.000000,0
Train,img_9_patch_0379_mask.tif,256,256,65536,21205,44331,0.323563,0.676437,1
Train,img_9_patch_0380_mask.tif,256,256,65536,37549,27987,0.572952,0.427048,1
Train,img_9_patch_0381_mask.tif,256,256,65536,52858,12678,0.806549,0.193451,1
Train,img_9_patch_0382_mask.tif,256,256,65536,64134,1402,0.978607,0.021393,1
Train,img_9_patch_0383_mask.tif,256,256,65536,64006,1530,0.976654,0.023346,1
Train,img_9_patch_0384_mask.tif,256,256,65536,64046,1490,0.977264,0.022736,1
Train,img_9_patch_0385_mask.tif,256,256,65536,64193,1343,0.979507,0.020493,1
Train,img_9_patch_0386_mask.tif,256,256,65536,60074,5462,0.916656,0.083344,1
Train,img_9_patch_0387_mask.tif,256,256,65536,45499,20037,0.694260,0.305740,1
Train,img_9_patch_0388_mask.tif,256,256,65536,29115,36421,0.444260,0.555740,1
Train,img_9_patch_0389_mask.tif,256,256,65536,13138,52398,0.200470,0.799530,1
Train,img_9_patch_0390_mask.tif,256,256,65536,1814,63722,0.027679,0.972321,3
Train,img_9_patch_0391_mask.tif,256,256,65536,4048,61488,0.061768,0.938232,1
Train,img_9_patch_0392_mask.tif,256,256,65536,10632,54904,0.162231,0.837769,2
Train,img_9_patch_0393_mask.tif,256,256,65536,21445,44091,0.327225,0.672775,2
Train,img_9_patch_0394_mask.tif,256,256,65536,34523,31013,0.526779,0.473221,3
Train,img_9_patch_0395_mask.tif,256,256,65536,37929,27607,0.578751,0.421249,4
Train,img_9_patch_0396_mask.tif,256,256,65536,33407,32129,0.509750,0.490250,7
Train,img_9_patch_0397_mask.tif,256,256,65536,23766,41770,0.362640,0.637360,9
Train,img_9_patch_0398_mask.tif,256,256,65536,10411,55125,0.158859,0.841141,9
Train,img_9_patch_0399_mask.tif,256,256,65536,3234,62302,0.049347,0.950653,7
Train,img_9_patch_0400_mask.tif,256,256,65536,1172,64364,0.017883,0.982117,2
Train,img_9_patch_0401_mask.tif,256,256,65536,490,65046,0.007477,0.992523,1
Train,img_9_patch_0402_mask.tif,256,256,65536,1293,64243,0.019730,0.980270,1
Train,img_9_patch_0403_mask.tif,256,256,65536,1293,64243,0.019730,0.980270,1
Train,img_9_patch_0404_mask.tif,256,256,65536,1293,64243,0.019730,0.980270,1
Train,img_9_patch_0405_mask.tif,256,256,65536,803,64733,0.012253,0.987747,1
Train,img_9_patch_0406_mask.tif,256,256,65536,0,65536,0.000000,1.000000,0
Train,img_9_patch_0407_mask.tif,256,256,65536,0,65536,0.000000,1.000000,0
Train,img_9_patch_0408_mask.tif,256,256,65536,0,65536,0.000000,1.000000,0
Train,img_9_patch_0409_mask.tif,256,256,65536,0,65536,0.000000,1.000000,0
Train,img_9_patch_0410_mask.tif,256,256,65536,0,65536,0.000000,1.000000,0
Train,img_9_patch_0411_mask.tif,256,256,65536,0,65536,0.000000,1.000000,0
Train,img_9_patch_0412_mask.tif,256,256,65536,0,65536,0.000000,1.000000,0
Train,img_9_patch_0413_mask.tif,256,256,65536,0,65536,0.000000,1.000000,0
Train,img_9_patch_0414_mask.tif,256,256,65536,0,65536,0.000000,1.000000,0
Train,img_9_patch_0415_mask.tif,256,256,65536,0,65536,0.000000,1.000000,0
Train,img_9_patch_0416_mask.tif,256,256,65536,0,65536,0.000000,1.000000,0
Train,img_9_patch_0417_mask.tif,256,256,65536,0,65536,0.000000,1.000000,0
Train,img_9_patch_0418_mask.tif,256,256,65536,0,65536,0.000000,1.000000,0
Train,img_9_patch_0419_mask.tif,256,256,65536,0,65536,0.000000,1.000000,0
Train,img_9_patch_0420_mask.tif,256,256,65536,0,65536,0.000000,1.000000,0
Train,img_9_patch_0421_mask.tif,256,256,65536,0,65536,0.000000,1.000000,0
Train,img_9_patch_0422_mask.tif,256,256,65536,0,65536,0.000000,1.000000,0
Train,img_9_patch_0423_mask.tif,256,256,65536,0,65536,0.000000,1.000000,0
Train,img_9_patch_0424_mask.tif,256,256,65536,0,65536,0.000000,1.000000,0
Train,img_9_patch_0425_mask.tif,256,256,65536,0,65536,0.000000,1.000000,0
Train,img_9_patch_0426_mask.tif,256,256,65536,0,65536,0.000000,1.000000,0
Train,img_9_patch_0427_mask.tif,256,256,65536,0,65536,0.000000,1.000000,0
Train,img_9_patch_0428_mask.tif,256,256,65536,0,65536,0.000000,1.000000,0
Train,img_9_patch_0429_mask.tif,256,256,65536,0,65536,0.000000,1.000000,0
Train,img_9_patch_0430_mask.tif,256,256,65536,0,65536,0.000000,1.000000,0
Train,img_9_patch_0431_mask.tif,256,256,65536,0,65536,0.000000,1.000000,0
Train,img_9_patch_0432_mask.tif,256,256,65536,0,65536,0.000000,1.000000,0
Train,img_9_patch_0433_mask.tif,256,256,65536,29268,36268,0.446594,0.553406,1
Train,img_9_patch_0434_mask.tif,256,256,65536,45181,20355,0.689407,0.310593,1
Train,img_9_patch_0435_mask.tif,256,256,65536,57374,8162,0.875458,0.124542,1
Train,img_9_patch_0436_mask.tif,256,256,65536,65536,0,1.000000,0.000000,1
Train,img_9_patch_0437_mask.tif,256,256,65536,65536,0,1.000000,0.000000,1
Train,img_9_patch_0438_mask.tif,256,256,65536,65536,0,1.000000,0.000000,1
Train,img_9_patch_0439_mask.tif,256,256,65536,65536,0,1.000000,0.000000,1
Train,img_9_patch_0440_mask.tif,256,256,65536,62122,3414,0.947906,0.052094,1
Train,img_9_patch_0441_mask.tif,256,256,65536,48094,17442,0.733856,0.266144,1
Train,img_9_patch_0442_mask.tif,256,256,65536,31710,33826,0.483856,0.516144,1
Train,img_9_patch_0443_mask.tif,256,256,65536,15326,50210,0.233856,0.766144,1
Train,img_9_patch_0444_mask.tif,256,256,65536,2633,62903,0.040176,0.959824,3
Train,img_9_patch_0445_mask.tif,256,256,65536,4048,61488,0.061768,0.938232,1
Train,img_9_patch_0446_mask.tif,256,256,65536,10976,54560,0.167480,0.832520,2
Train,img_9_patch_0447_mask.tif,256,256,65536,21500,44036,0.328064,0.671936,1
Train,img_9_patch_0448_mask.tif,256,256,65536,33112,32424,0.505249,0.494751,4
Train,img_9_patch_0449_mask.tif,256,256,65536,34080,31456,0.520020,0.479980,6
Train,img_9_patch_0450_mask.tif,256,256,65536,27738,37798,0.423248,0.576752,9
Train,img_9_patch_0451_mask.tif,256,256,65536,18766,46770,0.286346,0.713654,11
Train,img_9_patch_0452_mask.tif,256,256,65536,6877,58659,0.104935,0.895065,9
Train,img_9_patch_0453_mask.tif,256,256,65536,2138,63398,0.032623,0.967377,6
Train,img_9_patch_0454_mask.tif,256,256,65536,1552,63984,0.023682,0.976318,2
Train,img_9_patch_0455_mask.tif,256,256,65536,1129,64407,0.017227,0.982773,1
Train,img_9_patch_0456_mask.tif,256,256,65536,4292,61244,0.065491,0.934509,1
Train,img_9_patch_0457_mask.tif,256,256,65536,6185,59351,0.094376,0.905624,2
Train,img_9_patch_0458_mask.tif,256,256,65536,7650,57886,0.116730,0.883270,2
Train,img_9_patch_0459_mask.tif,256,256,65536,6521,59015,0.099503,0.900497,2
Train,img_9_patch_0460_mask.tif,256,256,65536,3358,62178,0.051239,0.948761,1
Train,img_9_patch_0461_mask.tif,256,256,65536,1465,64071,0.022354,0.977646,1
Train,img_9_patch_0462_mask.tif,256,256,65536,0,65536,0.000000,1.000000,0
Train,img_9_patch_0463_mask.tif,256,256,65536,0,65536,0.000000,1.000000,0
Train,img_9_patch_0464_mask.tif,256,256,65536,0,65536,0.000000,1.000000,0
Train,img_9_patch_0465_mask.tif,256,256,65536,0,65536,0.000000,1.000000,0
Train,img_9_patch_0466_mask.tif,256,256,65536,0,65536,0.000000,1.000000,0
Train,img_9_patch_0467_mask.tif,256,256,65536,0,65536,0.000000,1.000000,0
Train,img_9_patch_0468_mask.tif,256,256,65536,0,65536,0.000000,1.000000,0
Train,img_9_patch_0469_mask.tif,256,256,65536,0,65536,0.000000,1.000000,0
Train,img_9_patch_0470_mask.tif,256,256,65536,0,65536,0.000000,1.000000,0
Train,img_9_patch_0471_mask.tif,256,256,65536,0,65536,0.000000,1.000000,0
Train,img_9_patch_0472_mask.tif,256,256,65536,0,65536,0.000000,1.000000,0
Train,img_9_patch_0473_mask.tif,256,256,65536,0,65536,0.000000,1.000000,0
Train,img_9_patch_0474_mask.tif,256,256,65536,0,65536,0.000000,1.000000,0
Train,img_9_patch_0475_mask.tif,256,256,65536,0,65536,0.000000,1.000000,0
Train,img_9_patch_0476_mask.tif,256,256,65536,0,65536,0.000000,1.000000,0
Train,img_9_patch_0477_mask.tif,256,256,65536,0,65536,0.000000,1.000000,0
Train,img_9_patch_0478_mask.tif,256,256,65536,0,65536,0.000000,1.000000,0
Train,img_9_patch_0479_mask.tif,256,256,65536,0,65536,0.000000,1.000000,0
Train,img_9_patch_0480_mask.tif,256,256,65536,0,65536,0.000000,1.000000,0
Train,img_9_patch_0481_mask.tif,256,256,65536,0,65536,0.000000,1.000000,0
Train,img_9_patch_0482_mask.tif,256,256,65536,0,65536,0.000000,1.000000,0
Train,img_9_patch_0483_mask.tif,256,256,65536,0,65536,0.000000,1.000000,0
Train,img_9_patch_0484_mask.tif,256,256,65536,0,65536,0.000000,1.000000,0
Train,img_9_patch_0485_mask.tif,256,256,65536,0,65536,0.000000,1.000000,0
Train,img_9_patch_0486_mask.tif,256,256,65536,0,65536,0.000000,1.000000,0
Train,img_9_patch_0487_mask.tif,256,256,65536,37389,28147,0.570511,0.429489,1
Train,img_9_patch_0488_mask.tif,256,256,65536,52561,12975,0.802017,0.197983,1
Train,img_9_patch_0489_mask.tif,256,256,65536,60830,4706,0.928192,0.071808,1
Train,img_9_patch_0490_mask.tif,256,256,65536,65536,0,1.000000,0.000000,1
Train,img_9_patch_0491_mask.tif,256,256,65536,65536,0,1.000000,0.000000,1
Train,img_9_patch_0492_mask.tif,256,256,65536,65536,0,1.000000,0.000000,1
Train,img_9_patch_0493_mask.tif,256,256,65536,65536,0,1.000000,0.000000,1
Train,img_9_patch_0494_mask.tif,256,256,65536,62914,2622,0.959991,0.040009,1
Train,img_9_patch_0495_mask.tif,256,256,65536,52622,12914,0.802948,0.197052,1
Train,img_9_patch_0496_mask.tif,256,256,65536,36692,28844,0.559875,0.440125,1
Train,img_9_patch_0497_mask.tif,256,256,65536,20308,45228,0.309875,0.690125,1
Train,img_9_patch_0498_mask.tif,256,256,65536,6823,58713,0.104111,0.895889,2
Train,img_9_patch_0499_mask.tif,256,256,65536,4502,61034,0.068695,0.931305,2
Train,img_9_patch_0500_mask.tif,256,256,65536,10404,55132,0.158752,0.841248,1
Train,img_9_patch_0501_mask.tif,256,256,65536,17592,47944,0.268433,0.731567,2
Train,img_9_patch_0502_mask.tif,256,256,65536,26594,38942,0.405792,0.594208,5
Train,img_9_patch_0503_mask.tif,256,256,65536,26988,38548,0.411804,0.588196,7
Train,img_9_patch_0504_mask.tif,256,256,65536,21392,44144,0.326416,0.673584,10
Train,img_9_patch_0505_mask.tif,256,256,65536,16232,49304,0.247681,0.752319,14
Train,img_9_patch_0506_mask.tif,256,256,65536,6953,58583,0.106094,0.893906,12
Train,img_9_patch_0507_mask.tif,256,256,65536,2788,62748,0.042542,0.957458,8
Train,img_9_patch_0508_mask.tif,256,256,65536,2028,63508,0.030945,0.969055,4
Train,img_9_patch_0509_mask.tif,256,256,65536,2114,63422,0.032257,0.967743,2
Train,img_9_patch_0510_mask.tif,256,256,65536,6736,58800,0.102783,0.897217,2
Train,img_9_patch_0511_mask.tif,256,256,65536,11447,54089,0.174667,0.825333,2
Train,img_9_patch_0512_mask.tif,256,256,65536,13913,51623,0.212296,0.787704,2
Train,img_9_patch_0513_mask.tif,256,256,65536,11799,53737,0.180038,0.819962,2
Train,img_9_patch_0514_mask.tif,256,256,65536,7177,58359,0.109512,0.890488,1
Train,img_9_patch_0515_mask.tif,256,256,65536,2466,63070,0.037628,0.962372,1
Train,img_9_patch_0516_mask.tif,256,256,65536,0,65536,0.000000,1.000000,0
Train,img_9_patch_0517_mask.tif,256,256,65536,0,65536,0.000000,1.000000,0
Train,img_9_patch_0518_mask.tif,256,256,65536,0,65536,0.000000,1.000000,0
Train,img_9_patch_0519_mask.tif,256,256,65536,0,65536,0.000000,1.000000,0
Train,img_9_patch_0520_mask.tif,256,256,65536,0,65536,0.000000,1.000000,0
Train,img_9_patch_0521_mask.tif,256,256,65536,0,65536,0.000000,1.000000,0
Train,img_9_patch_0522_mask.tif,256,256,65536,0,65536,0.000000,1.000000,0
Train,img_9_patch_0523_mask.tif,256,256,65536,0,65536,0.000000,1.000000,0
Train,img_9_patch_0524_mask.tif,256,256,65536,0,65536,0.000000,1.000000,0
Train,img_9_patch_0525_mask.tif,256,256,65536,0,65536,0.000000,1.000000,0
Train,img_9_patch_0526_mask.tif,256,256,65536,0,65536,0.000000,1.000000,0
Train,img_9_patch_0527_mask.tif,256,256,65536,0,65536,0.000000,1.000000,0
Train,img_9_patch_0528_mask.tif,256,256,65536,0,65536,0.000000,1.000000,0
Train,img_9_patch_0529_mask.tif,256,256,65536,0,65536,0.000000,1.000000,0
Train,img_9_patch_0530_mask.tif,256,256,65536,0,65536,0.000000,1.000000,0
Train,img_9_patch_0531_mask.tif,256,256,65536,0,65536,0.000000,1.000000,0
Train,img_9_patch_0532_mask.tif,256,256,65536,0,65536,0.000000,1.000000,0
Train,img_9_patch_0533_mask.tif,256,256,65536,0,65536,0.000000,1.000000,0
Train,img_9_patch_0534_mask.tif,256,256,65536,0,65536,0.000000,1.000000,0
Train,img_9_patch_0535_mask.tif,256,256,65536,0,65536,0.000000,1.000000,0
Train,img_9_patch_0536_mask.tif,256,256,65536,0,65536,0.000000,1.000000,0
Train,img_9_patch_0537_mask.tif,256,256,65536,0,65536,0.000000,1.000000,0
Train,img_9_patch_0538_mask.tif,256,256,65536,0,65536,0.000000,1.000000,0
Train,img_9_patch_0539_mask.tif,256,256,65536,0,65536,0.000000,1.000000,0
Train,img_9_patch_0540_mask.tif,256,256,65536,0,65536,0.000000,1.000000,0
Train,img_9_patch_0541_mask.tif,256,256,65536,44212,21324,0.674622,0.325378,1
Train,img_9_patch_0542_mask.tif,256,256,65536,59093,6443,0.901688,0.098312,1
Train,img_9_patch_0543_mask.tif,256,256,65536,64091,1445,0.977951,0.022049,1
Train,img_9_patch_0544_mask.tif,256,256,65536,65536,0,1.000000,0.000000,1
Train,img_9_patch_0545_mask.tif,256,256,65536,65536,0,1.000000,0.000000,1
Train,img_9_patch_0546_mask.tif,256,256,65536,65536,0,1.000000,0.000000,1
Train,img_9_patch_0547_mask.tif,256,256,65536,65536,0,1.000000,0.000000,1
Train,img_9_patch_0548_mask.tif,256,256,65536,64472,1064,0.983765,0.016235,1
Train,img_9_patch_0549_mask.tif,256,256,65536,58276,7260,0.889221,0.110779,1
Train,img_9_patch_0550_mask.tif,256,256,65536,44918,20618,0.685394,0.314606,1
Train,img_9_patch_0551_mask.tif,256,256,65536,28534,37002,0.435394,0.564606,1
Train,img_9_patch_0552_mask.tif,256,256,65536,13214,52322,0.201630,0.798370,1
Train,img_9_patch_0553_mask.tif,256,256,65536,3636,61900,0.055481,0.944519,2
Train,img_9_patch_0554_mask.tif,256,256,65536,3514,62022,0.053619,0.946381,1
Train,img_9_patch_0555_mask.tif,256,256,65536,7879,57657,0.120224,0.879776,2
Train,img_9_patch_0556_mask.tif,256,256,65536,13284,52252,0.202698,0.797302,6
Train,img_9_patch_0557_mask.tif,256,256,65536,16167,49369,0.246689,0.753311,8
Train,img_9_patch_0558_mask.tif,256,256,65536,15039,50497,0.229477,0.770523,11
Train,img_9_patch_0559_mask.tif,256,256,65536,13130,52406,0.200348,0.799652,14
Train,img_9_patch_0560_mask.tif,256,256,65536,7725,57811,0.117874,0.882126,11
Train,img_9_patch_0561_mask.tif,256,256,65536,4232,61304,0.064575,0.935425,7
Train,img_9_patch_0562_mask.tif,256,256,65536,2456,63080,0.037476,0.962524,4
Train,img_9_patch_0563_mask.tif,256,256,65536,3487,62049,0.053207,0.946793,2
Train,img_9_patch_0564_mask.tif,256,256,65536,12205,53331,0.186234,0.813766,2
Train,img_9_patch_0565_mask.tif,256,256,65536,19473,46063,0.297134,0.702866,2
Train,img_9_patch_0566_mask.tif,256,256,65536,21939,43597,0.334763,0.665237,2
Train,img_9_patch_0567_mask.tif,256,256,65536,18452,47084,0.281555,0.718445,2
Train,img_9_patch_0568_mask.tif,256,256,65536,9734,55802,0.148529,0.851471,1
Train,img_9_patch_0569_mask.tif,256,256,65536,2466,63070,0.037628,0.962372,1
Train,img_9_patch_0570_mask.tif,256,256,65536,0,65536,0.000000,1.000000,0
Train,img_9_patch_0571_mask.tif,256,256,65536,0,65536,0.000000,1.000000,0
Train,img_9_patch_0572_mask.tif,256,256,65536,0,65536,0.000000,1.000000,0
Train,img_9_patch_0573_mask.tif,256,256,65536,0,65536,0.000000,1.000000,0
Train,img_9_patch_0574_mask.tif,256,256,65536,0,65536,0.000000,1.000000,0
Train,img_9_patch_0575_mask.tif,256,256,65536,0,65536,0.000000,1.000000,0
Train,img_9_patch_0576_mask.tif,256,256,65536,0,65536,0.000000,1.000000,0
Train,img_9_patch_0577_mask.tif,256,256,65536,0,65536,0.000000,1.000000,0
Train,img_9_patch_0578_mask.tif,256,256,65536,0,65536,0.000000,1.000000,0
Train,img_9_patch_0579_mask.tif,256,256,65536,0,65536,0.000000,1.000000,0
Train,img_9_patch_0580_mask.tif,256,256,65536,0,65536,0.000000,1.000000,0
Train,img_9_patch_0581_mask.tif,256,256,65536,0,65536,0.000000,1.000000,0
Train,img_9_patch_0582_mask.tif,256,256,65536,0,65536,0.000000,1.000000,0
Train,img_9_patch_0583_mask.tif,256,256,65536,0,65536,0.000000,1.000000,0
Train,img_9_patch_0584_mask.tif,256,256,65536,0,65536,0.000000,1.000000,0
Train,img_9_patch_0585_mask.tif,256,256,65536,0,65536,0.000000,1.000000,0
Train,img_9_patch_0586_mask.tif,256,256,65536,0,65536,0.000000,1.000000,0
Train,img_9_patch_0587_mask.tif,256,256,65536,0,65536,0.000000,1.000000,0
Train,img_9_patch_0588_mask.tif,256,256,65536,0,65536,0.000000,1.000000,0
Train,img_9_patch_0589_mask.tif,256,256,65536,0,65536,0.000000,1.000000,0
Train,img_9_patch_0590_mask.tif,256,256,65536,0,65536,0.000000,1.000000,0
Train,img_9_patch_0591_mask.tif,256,256,65536,0,65536,0.000000,1.000000,0
Train,img_9_patch_0592_mask.tif,256,256,65536,0,65536,0.000000,1.000000,0
Train,img_9_patch_0593_mask.tif,256,256,65536,0,65536,0.000000,1.000000,0
Train,img_9_patch_0594_mask.tif,256,256,65536,0,65536,0.000000,1.000000,0
Train,img_9_patch_0595_mask.tif,256,256,65536,51725,13811,0.789261,0.210739,1
Train,img_9_patch_0596_mask.tif,256,256,65536,64113,1423,0.978287,0.021713,1
Train,img_9_patch_0597_mask.tif,256,256,65536,65536,0,1.000000,0.000000,1
Train,img_9_patch_0598_mask.tif,256,256,65536,65536,0,1.000000,0.000000,1
Train,img_9_patch_0599_mask.tif,256,256,65536,65536,0,1.000000,0.000000,1
Train,img_9_patch_0600_mask.tif,256,256,65536,65536,0,1.000000,0.000000,1
Train,img_9_patch_0601_mask.tif,256,256,65536,65536,0,1.000000,0.000000,1
Train,img_9_patch_0602_mask.tif,256,256,65536,65536,0,1.000000,0.000000,1
Train,img_9_patch_0603_mask.tif,256,256,65536,63371,2165,0.966965,0.033035,1
Train,img_9_patch_0604_mask.tif,256,256,65536,54074,11462,0.825104,0.174896,1
Train,img_9_patch_0605_mask.tif,256,256,65536,39088,26448,0.596436,0.403564,1
Train,img_9_patch_0606_mask.tif,256,256,65536,22704,42832,0.346436,0.653564,1
Train,img_9_patch_0607_mask.tif,256,256,65536,8485,57051,0.129471,0.870529,1
Train,img_9_patch_0608_mask.tif,256,256,65536,1742,63794,0.026581,0.973419,2
Train,img_9_patch_0609_mask.tif,256,256,65536,838,64698,0.012787,0.987213,2
Train,img_9_patch_0610_mask.tif,256,256,65536,4717,60819,0.071976,0.928024,5
Train,img_9_patch_0611_mask.tif,256,256,65536,8350,57186,0.127411,0.872589,9
Train,img_9_patch_0612_mask.tif,256,256,65536,9585,55951,0.146255,0.853745,11
Train,img_9_patch_0613_mask.tif,256,256,65536,10375,55161,0.158310,0.841690,12
Train,img_9_patch_0614_mask.tif,256,256,65536,6496,59040,0.099121,0.900879,9
Train,img_9_patch_0615_mask.tif,256,256,65536,2863,62673,0.043686,0.956314,6
Train,img_9_patch_0616_mask.tif,256,256,65536,1532,64004,0.023376,0.976624,4
Train,img_9_patch_0617_mask.tif,256,256,65536,4837,60699,0.073807,0.926193,3
Train,img_9_patch_0618_mask.tif,256,256,65536,14609,50927,0.222916,0.777084,3
Train,img_9_patch_0619_mask.tif,256,256,65536,22281,43255,0.339981,0.660019,3
Train,img_9_patch_0620_mask.tif,256,256,65536,24499,41037,0.373825,0.626175,2
Train,img_9_patch_0621_mask.tif,256,256,65536,19910,45626,0.303802,0.696198,2
Train,img_9_patch_0622_mask.tif,256,256,65536,10138,55398,0.154694,0.845306,1
Train,img_9_patch_0623_mask.tif,256,256,65536,2466,63070,0.037628,0.962372,1
Train,img_9_patch_0624_mask.tif,256,256,65536,0,65536,0.000000,1.000000,0
Train,img_9_patch_0625_mask.tif,256,256,65536,0,65536,0.000000,1.000000,0
Train,img_9_patch_0626_mask.tif,256,256,65536,0,65536,0.000000,1.000000,0
Train,img_9_patch_0627_mask.tif,256,256,65536,0,65536,0.000000,1.000000,0
Train,img_9_patch_0628_mask.tif,256,256,65536,0,65536,0.000000,1.000000,0
Train,img_9_patch_0629_mask.tif,256,256,65536,0,65536,0.000000,1.000000,0
Train,img_9_patch_0630_mask.tif,256,256,65536,0,65536,0.000000,1.000000,0
Train,img_9_patch_0631_mask.tif,256,256,65536,0,65536,0.000000,1.000000,0
Train,img_9_patch_0632_mask.tif,256,256,65536,0,65536,0.000000,1.000000,0
Train,img_9_patch_0633_mask.tif,256,256,65536,0,65536,0.000000,1.000000,0
Train,img_9_patch_0634_mask.tif,256,256,65536,0,65536,0.000000,1.000000,0
Train,img_9_patch_0635_mask.tif,256,256,65536,0,65536,0.000000,1.000000,0
Train,img_9_patch_0636_mask.tif,256,256,65536,0,65536,0.000000,1.000000,0
Train,img_9_patch_0637_mask.tif,256,256,65536,0,65536,0.000000,1.000000,0
Train,img_9_patch_0638_mask.tif,256,256,65536,0,65536,0.000000,1.000000,0
Train,img_9_patch_0639_mask.tif,256,256,65536,0,65536,0.000000,1.000000,0
Train,img_9_patch_0640_mask.tif,256,256,65536,0,65536,0.000000,1.000000,0
Train,img_9_patch_0641_mask.tif,256,256,65536,0,65536,0.000000,1.000000,0
Train,img_9_patch_0642_mask.tif,256,256,65536,0,65536,0.000000,1.000000,0
Train,img_9_patch_0643_mask.tif,256,256,65536,0,65536,0.000000,1.000000,0
Train,img_9_patch_0644_mask.tif,256,256,65536,0,65536,0.000000,1.000000,0
Train,img_9_patch_0645_mask.tif,256,256,65536,0,65536,0.000000,1.000000,0
Train,img_9_patch_0646_mask.tif,256,256,65536,0,65536,0.000000,1.000000,0
Train,img_9_patch_0647_mask.tif,256,256,65536,0,65536,0.000000,1.000000,0
Train,img_9_patch_0648_mask.tif,256,256,65536,0,65536,0.000000,1.000000,0
Train,img_9_patch_0649_mask.tif,256,256,65536,54636,10900,0.833679,0.166321,1
Train,img_9_patch_0650_mask.tif,256,256,65536,64539,997,0.984787,0.015213,1
Train,img_9_patch_0651_mask.tif,256,256,65536,65536,0,1.000000,0.000000,1
Train,img_9_patch_0652_mask.tif,256,256,65536,65536,0,1.000000,0.000000,1
Train,img_9_patch_0653_mask.tif,256,256,65536,65536,0,1.000000,0.000000,1
Train,img_9_patch_0654_mask.tif,256,256,65536,65536,0,1.000000,0.000000,1
Train,img_9_patch_0655_mask.tif,256,256,65536,65536,0,1.000000,0.000000,1
Train,img_9_patch_0656_mask.tif,256,256,65536,65536,0,1.000000,0.000000,1
Train,img_9_patch_0657_mask.tif,256,256,65536,65299,237,0.996384,0.003616,1
Train,img_9_patch_0658_mask.tif,256,256,65536,60098,5438,0.917023,0.082977,1
Train,img_9_patch_0659_mask.tif,256,256,65536,49191,16345,0.750595,0.249405,1
Train,img_9_patch_0660_mask.tif,256,256,65536,35914,29622,0.548004,0.451996,1
Train,img_9_patch_0661_mask.tif,256,256,65536,21005,44531,0.320511,0.679489,1
Train,img_9_patch_0662_mask.tif,256,256,65536,9822,55714,0.149872,0.850128,1
Train,img_9_patch_0663_mask.tif,256,256,65536,4370,61166,0.066681,0.933319,2
Train,img_9_patch_0664_mask.tif,256,256,65536,3645,61891,0.055618,0.944382,4
Train,img_9_patch_0665_mask.tif,256,256,65536,6027,59509,0.091965,0.908035,7
Train,img_9_patch_0666_mask.tif,256,256,65536,7553,57983,0.115250,0.884750,8
Train,img_9_patch_0667_mask.tif,256,256,65536,8432,57104,0.128662,0.871338,9
Train,img_9_patch_0668_mask.tif,256,256,65536,6050,59486,0.092316,0.907684,7
Train,img_9_patch_0669_mask.tif,256,256,65536,2563,62973,0.039108,0.960892,6
Train,img_9_patch_0670_mask.tif,256,256,65536,2497,63039,0.038101,0.961899,5
Train,img_9_patch_0671_mask.tif,256,256,65536,9009,56527,0.137466,0.862534,3
Train,img_9_patch_0672_mask.tif,256,256,65536,17516,48020,0.267273,0.732727,4
Train,img_9_patch_0673_mask.tif,256,256,65536,23264,42272,0.354980,0.645020,3
Train,img_9_patch_0674_mask.tif,256,256,65536,22805,42731,0.347977,0.652023,2
Train,img_9_patch_0675_mask.tif,256,256,65536,15389,50147,0.234818,0.765182,2
Train,img_9_patch_0676_mask.tif,256,256,65536,6882,58654,0.105011,0.894989,2
Train,img_9_patch_0677_mask.tif,256,256,65536,1001,64535,0.015274,0.984726,1
Train,img_9_patch_0678_mask.tif,256,256,65536,0,65536,0.000000,1.000000,0
Train,img_9_patch_0679_mask.tif,256,256,65536,0,65536,0.000000,1.000000,0
Train,img_9_patch_0680_mask.tif,256,256,65536,0,65536,0.000000,1.000000,0
Train,img_9_patch_0681_mask.tif,256,256,65536,0,65536,0.000000,1.000000,0
Train,img_9_patch_0682_mask.tif,256,256,65536,0,65536,0.000000,1.000000,0
Train,img_9_patch_0683_mask.tif,256,256,65536,0,65536,0.000000,1.000000,0
Train,img_9_patch_0684_mask.tif,256,256,65536,0,65536,0.000000,1.000000,0
Train,img_9_patch_0685_mask.tif,256,256,65536,0,65536,0.000000,1.000000,0
Train,img_9_patch_0686_mask.tif,256,256,65536,0,65536,0.000000,1.000000,0
Train,img_9_patch_0687_mask.tif,256,256,65536,0,65536,0.000000,1.000000,0
Train,img_9_patch_0688_mask.tif,256,256,65536,0,65536,0.000000,1.000000,0
Train,img_9_patch_0689_mask.tif,256,256,65536,0,65536,0.000000,1.000000,0
Train,img_9_patch_0690_mask.tif,256,256,65536,0,65536,0.000000,1.000000,0
Train,img_9_patch_0691_mask.tif,256,256,65536,0,65536,0.000000,1.000000,0
Train,img_9_patch_0692_mask.tif,256,256,65536,0,65536,0.000000,1.000000,0
Train,img_9_patch_0693_mask.tif,256,256,65536,0,65536,0.000000,1.000000,0
Train,img_9_patch_0694_mask.tif,256,256,65536,0,65536,0.000000,1.000000,0
Train,img_9_patch_0695_mask.tif,256,256,65536,0,65536,0.000000,1.000000,0
Train,img_9_patch_0696_mask.tif,256,256,65536,0,65536,0.000000,1.000000,0
Train,img_9_patch_0697_mask.tif,256,256,65536,0,65536,0.000000,1.000000,0
Train,img_9_patch_0698_mask.tif,256,256,65536,0,65536,0.000000,1.000000,0
Train,img_9_patch_0699_mask.tif,256,256,65536,0,65536,0.000000,1.000000,0
Train,img_9_patch_0700_mask.tif,256,256,65536,0,65536,0.000000,1.000000,0
Train,img_9_patch_0701_mask.tif,256,256,65536,0,65536,0.000000,1.000000,0
Train,img_9_patch_0702_mask.tif,256,256,65536,0,65536,0.000000,1.000000,0
Train,img_9_patch_0703_mask.tif,256,256,65536,56825,8711,0.867081,0.132919,1
Train,img_9_patch_0704_mask.tif,256,256,65536,64711,825,0.987411,0.012589,1
Train,img_9_patch_0705_mask.tif,256,256,65536,65536,0,1.000000,0.000000,1
Train,img_9_patch_0706_mask.tif,256,256,65536,65536,0,1.000000,0.000000,1
Train,img_9_patch_0707_mask.tif,256,256,65536,65536,0,1.000000,0.000000,1
Train,img_9_patch_0708_mask.tif,256,256,65536,65536,0,1.000000,0.000000,1
Train,img_9_patch_0709_mask.tif,256,256,65536,65536,0,1.000000,0.000000,1
Train,img_9_patch_0710_mask.tif,256,256,65536,65536,0,1.000000,0.000000,1
Train,img_9_patch_0711_mask.tif,256,256,65536,65536,0,1.000000,0.000000,1
Train,img_9_patch_0712_mask.tif,256,256,65536,63977,1559,0.976212,0.023788,1
Train,img_9_patch_0713_mask.tif,256,256,65536,57166,8370,0.872284,0.127716,1
Train,img_9_patch_0714_mask.tif,256,256,65536,47985,17551,0.732193,0.267807,1
Train,img_9_patch_0715_mask.tif,256,256,65536,36933,28603,0.563553,0.436447,1
Train,img_9_patch_0716_mask.tif,256,256,65536,24719,40817,0.377182,0.622818,1
Train,img_9_patch_0717_mask.tif,256,256,65536,15962,49574,0.243561,0.756439,1
Train,img_9_patch_0718_mask.tif,256,256,65536,9676,55860,0.147644,0.852356,3
Train,img_9_patch_0719_mask.tif,256,256,65536,6348,59188,0.096863,0.903137,6
Train,img_9_patch_0720_mask.tif,256,256,65536,4899,60637,0.074753,0.925247,7
Train,img_9_patch_0721_mask.tif,256,256,65536,4511,61025,0.068832,0.931168,6
Train,img_9_patch_0722_mask.tif,256,256,65536,3594,61942,0.054840,0.945160,4
Train,img_9_patch_0723_mask.tif,256,256,65536,3438,62098,0.052460,0.947540,5
Train,img_9_patch_0724_mask.tif,256,256,65536,5579,59957,0.085129,0.914871,3
Train,img_9_patch_0725_mask.tif,256,256,65536,13333,52203,0.203445,0.796555,2
Train,img_9_patch_0726_mask.tif,256,256,65536,20535,45001,0.313339,0.686661,2
Train,img_9_patch_0727_mask.tif,256,256,65536,21750,43786,0.331879,0.668121,2
Train,img_9_patch_0728_mask.tif,256,256,65536,18447,47089,0.281479,0.718521,1
Train,img_9_patch_0729_mask.tif,256,256,65536,10265,55271,0.156631,0.843369,2
Train,img_9_patch_0730_mask.tif,256,256,65536,3063,62473,0.046738,0.953262,2
Train,img_9_patch_0731_mask.tif,256,256,65536,0,65536,0.000000,1.000000,0
Train,img_9_patch_0732_mask.tif,256,256,65536,0,65536,0.000000,1.000000,0
Train,img_9_patch_0733_mask.tif,256,256,65536,0,65536,0.000000,1.000000,0
Train,img_9_patch_0734_mask.tif,256,256,65536,0,65536,0.000000,1.000000,0
Train,img_9_patch_0735_mask.tif,256,256,65536,0,65536,0.000000,1.000000,0
Train,img_9_patch_0736_mask.tif,256,256,65536,0,65536,0.000000,1.000000,0
Train,img_9_patch_0737_mask.tif,256,256,65536,0,65536,0.000000,1.000000,0
Train,img_9_patch_0738_mask.tif,256,256,65536,0,65536,0.000000,1.000000,0
Train,img_9_patch_0739_mask.tif,256,256,65536,0,65536,0.000000,1.000000,0
Train,img_9_patch_0740_mask.tif,256,256,65536,0,65536,0.000000,1.000000,0
Train,img_9_patch_0741_mask.tif,256,256,65536,0,65536,0.000000,1.000000,0
Train,img_9_patch_0742_mask.tif,256,256,65536,0,65536,0.000000,1.000000,0
Train,img_9_patch_0743_mask.tif,256,256,65536,0,65536,0.000000,1.000000,0
Train,img_9_patch_0744_mask.tif,256,256,65536,0,65536,0.000000,1.000000,0
Train,img_9_patch_0745_mask.tif,256,256,65536,209,65327,0.003189,0.996811,2
Train,img_9_patch_0746_mask.tif,256,256,65536,209,65327,0.003189,0.996811,2
Train,img_9_patch_0747_mask.tif,256,256,65536,209,65327,0.003189,0.996811,2
Train,img_9_patch_0748_mask.tif,256,256,65536,209,65327,0.003189,0.996811,2
Train,img_9_patch_0749_mask.tif,256,256,65536,0,65536,0.000000,1.000000,0
Train,img_9_patch_0750_mask.tif,256,256,65536,0,65536,0.000000,1.000000,0
Train,img_9_patch_0751_mask.tif,256,256,65536,0,65536,0.000000,1.000000,0
Train,img_9_patch_0752_mask.tif,256,256,65536,0,65536,0.000000,1.000000,0
Train,img_9_patch_0753_mask.tif,256,256,65536,0,65536,0.000000,1.000000,0
Train,img_9_patch_0754_mask.tif,256,256,65536,0,65536,0.000000,1.000000,0
Train,img_9_patch_0755_mask.tif,256,256,65536,0,65536,0.000000,1.000000,0
Train,img_9_patch_0756_mask.tif,256,256,65536,0,65536,0.000000,1.000000,0
Train,img_9_patch_0757_mask.tif,256,256,65536,54646,10890,0.833832,0.166168,1
Train,img_9_patch_0758_mask.tif,256,256,65536,62293,3243,0.950516,0.049484,1
Train,img_9_patch_0759_mask.tif,256,256,65536,64508,1028,0.984314,0.015686,1
Train,img_9_patch_0760_mask.tif,256,256,65536,64584,952,0.985474,0.014526,1
Train,img_9_patch_0761_mask.tif,256,256,65536,62856,2680,0.959106,0.040894,1
Train,img_9_patch_0762_mask.tif,256,256,65536,60823,4713,0.928085,0.071915,1
Train,img_9_patch_0763_mask.tif,256,256,65536,60357,5179,0.920975,0.079025,1
Train,img_9_patch_0764_mask.tif,256,256,65536,61138,4398,0.932892,0.067108,1
Train,img_9_patch_0765_mask.tif,256,256,65536,62866,2670,0.959259,0.040741,1
Train,img_9_patch_0766_mask.tif,256,256,65536,64864,672,0.989746,0.010254,1
Train,img_9_patch_0767_mask.tif,256,256,65536,62786,2750,0.958038,0.041962,1
Train,img_9_patch_0768_mask.tif,256,256,65536,57701,7835,0.880447,0.119553,1
Train,img_9_patch_0769_mask.tif,256,256,65536,50745,14791,0.774307,0.225693,1
Train,img_9_patch_0770_mask.tif,256,256,65536,41103,24433,0.627182,0.372818,1
Train,img_9_patch_0771_mask.tif,256,256,65536,31656,33880,0.483032,0.516968,1
Train,img_9_patch_0772_mask.tif,256,256,65536,23200,42336,0.354004,0.645996,2
Train,img_9_patch_0773_mask.tif,256,256,65536,15085,50451,0.230179,0.769821,4
Train,img_9_patch_0774_mask.tif,256,256,65536,8524,57012,0.130066,0.869934,4
Train,img_9_patch_0775_mask.tif,256,256,65536,4302,61234,0.065643,0.934357,4
Train,img_9_patch_0776_mask.tif,256,256,65536,2662,62874,0.040619,0.959381,4
Train,img_9_patch_0777_mask.tif,256,256,65536,6618,58918,0.100983,0.899017,3
Train,img_9_patch_0778_mask.tif,256,256,65536,10330,55206,0.157623,0.842377,3
Train,img_9_patch_0779_mask.tif,256,256,65536,17223,48313,0.262802,0.737198,3
Train,img_9_patch_0780_mask.tif,256,256,65536,19126,46410,0.291840,0.708160,3
Train,img_9_patch_0781_mask.tif,256,256,65536,14363,51173,0.219162,0.780838,4
Train,img_9_patch_0782_mask.tif,256,256,65536,10505,55031,0.160294,0.839706,2
Train,img_9_patch_0783_mask.tif,256,256,65536,3612,61924,0.055115,0.944885,2
Train,img_9_patch_0784_mask.tif,256,256,65536,506,65030,0.007721,0.992279,2
Train,img_9_patch_0785_mask.tif,256,256,65536,0,65536,0.000000,1.000000,0
Train,img_9_patch_0786_mask.tif,256,256,65536,0,65536,0.000000,1.000000,0
Train,img_9_patch_0787_mask.tif,256,256,65536,0,65536,0.000000,1.000000,0
Train,img_9_patch_0788_mask.tif,256,256,65536,0,65536,0.000000,1.000000,0
Train,img_9_patch_0789_mask.tif,256,256,65536,0,65536,0.000000,1.000000,0
Train,img_9_patch_0790_mask.tif,256,256,65536,0,65536,0.000000,1.000000,0
Train,img_9_patch_0791_mask.tif,256,256,65536,0,65536,0.000000,1.000000,0
Train,img_9_patch_0792_mask.tif,256,256,65536,0,65536,0.000000,1.000000,0
Train,img_9_patch_0793_mask.tif,256,256,65536,1637,63899,0.024979,0.975021,1
Train,img_9_patch_0794_mask.tif,256,256,65536,2332,63204,0.035583,0.964417,1
Train,img_9_patch_0795_mask.tif,256,256,65536,2332,63204,0.035583,0.964417,1
Train,img_9_patch_0796_mask.tif,256,256,65536,2332,63204,0.035583,0.964417,1
Train,img_9_patch_0797_mask.tif,256,256,65536,695,64841,0.010605,0.989395,1
Train,img_9_patch_0798_mask.tif,256,256,65536,0,65536,0.000000,1.000000,0
Train,img_9_patch_0799_mask.tif,256,256,65536,1170,64366,0.017853,0.982147,5
Train,img_9_patch_0800_mask.tif,256,256,65536,1170,64366,0.017853,0.982147,5
Train,img_9_patch_0801_mask.tif,256,256,65536,1170,64366,0.017853,0.982147,5
Train,img_9_patch_0802_mask.tif,256,256,65536,1170,64366,0.017853,0.982147,5
Train,img_9_patch_0803_mask.tif,256,256,65536,0,65536,0.000000,1.000000,0
Train,img_9_patch_0804_mask.tif,256,256,65536,0,65536,0.000000,1.000000,0
Train,img_9_patch_0805_mask.tif,256,256,65536,0,65536,0.000000,1.000000,0
Train,img_9_patch_0806_mask.tif,256,256,65536,0,65536,0.000000,1.000000,0
Train,img_9_patch_0807_mask.tif,256,256,65536,0,65536,0.000000,1.000000,0
Train,img_9_patch_0808_mask.tif,256,256,65536,0,65536,0.000000,1.000000,0
Train,img_9_patch_0809_mask.tif,256,256,65536,0,65536,0.000000,1.000000,0
Train,img_9_patch_0810_mask.tif,256,256,65536,0,65536,0.000000,1.000000,0
Train,img_9_patch_0811_mask.tif,256,256,65536,40807,24729,0.622665,0.377335,1
Train,img_9_patch_0812_mask.tif,256,256,65536,47014,18522,0.717377,0.282623,1
Train,img_9_patch_0813_mask.tif,256,256,65536,49229,16307,0.751175,0.248825,1
Train,img_9_patch_0814_mask.tif,256,256,65536,48971,16565,0.747238,0.252762,1
Train,img_9_patch_0815_mask.tif,256,256,65536,46635,18901,0.711594,0.288406,1
Train,img_9_patch_0816_mask.tif,256,256,65536,44439,21097,0.678085,0.321915,1
Train,img_9_patch_0817_mask.tif,256,256,65536,46643,18893,0.711716,0.288284,1
Train,img_9_patch_0818_mask.tif,256,256,65536,51520,14016,0.786133,0.213867,1
Train,img_9_patch_0819_mask.tif,256,256,65536,57344,8192,0.875000,0.125000,1
Train,img_9_patch_0820_mask.tif,256,256,65536,63473,2063,0.968521,0.031479,1
Train,img_9_patch_0821_mask.tif,256,256,65536,65519,17,0.999741,0.000259,1
Train,img_9_patch_0822_mask.tif,256,256,65536,64530,1006,0.984650,0.015350,1
Train,img_9_patch_0823_mask.tif,256,256,65536,61670,3866,0.941010,0.058990,1
Train,img_9_patch_0824_mask.tif,256,256,65536,56089,9447,0.855850,0.144150,1
Train,img_9_patch_0825_mask.tif,256,256,65536,48040,17496,0.733032,0.266968,1
Train,img_9_patch_0826_mask.tif,256,256,65536,38889,26647,0.593399,0.406601,1
Train,img_9_patch_0827_mask.tif,256,256,65536,28560,36976,0.435791,0.564209,1
Train,img_9_patch_0828_mask.tif,256,256,65536,18369,47167,0.280289,0.719711,1
Train,img_9_patch_0829_mask.tif,256,256,65536,10051,55485,0.153366,0.846634,1
Train,img_9_patch_0830_mask.tif,256,256,65536,5484,60052,0.083679,0.916321,2
Train,img_9_patch_0831_mask.tif,256,256,65536,11464,54072,0.174927,0.825073,3
Train,img_9_patch_0832_mask.tif,256,256,65536,17886,47650,0.272919,0.727081,2
Train,img_9_patch_0833_mask.tif,256,256,65536,23208,42328,0.354126,0.645874,2
Train,img_9_patch_0834_mask.tif,256,256,65536,22780,42756,0.347595,0.652405,3
Train,img_9_patch_0835_mask.tif,256,256,65536,13707,51829,0.209152,0.790848,4
Train,img_9_patch_0836_mask.tif,256,256,65536,6673,58863,0.101822,0.898178,3
Train,img_9_patch_0837_mask.tif,256,256,65536,1351,64185,0.020615,0.979385,2
Train,img_9_patch_0838_mask.tif,256,256,65536,102,65434,0.001556,0.998444,1
Train,img_9_patch_0839_mask.tif,256,256,65536,0,65536,0.000000,1.000000,0
Train,img_9_patch_0840_mask.tif,256,256,65536,0,65536,0.000000,1.000000,0
Train,img_9_patch_0841_mask.tif,256,256,65536,0,65536,0.000000,1.000000,0
Train,img_9_patch_0842_mask.tif,256,256,65536,0,65536,0.000000,1.000000,0
Train,img_9_patch_0843_mask.tif,256,256,65536,0,65536,0.000000,1.000000,0
Train,img_9_patch_0844_mask.tif,256,256,65536,0,65536,0.000000,1.000000,0
Train,img_9_patch_0845_mask.tif,256,256,65536,0,65536,0.000000,1.000000,0
Train,img_9_patch_0846_mask.tif,256,256,65536,0,65536,0.000000,1.000000,0
Train,img_9_patch_0847_mask.tif,256,256,65536,3542,61994,0.054047,0.945953,1
Train,img_9_patch_0848_mask.tif,256,256,65536,4237,61299,0.064651,0.935349,1
Train,img_9_patch_0849_mask.tif,256,256,65536,4237,61299,0.064651,0.935349,1
Train,img_9_patch_0850_mask.tif,256,256,65536,4237,61299,0.064651,0.935349,1
Train,img_9_patch_0851_mask.tif,256,256,65536,695,64841,0.010605,0.989395,1
Train,img_9_patch_0852_mask.tif,256,256,65536,0,65536,0.000000,1.000000,0
Train,img_9_patch_0853_mask.tif,256,256,65536,1554,63982,0.023712,0.976288,8
Train,img_9_patch_0854_mask.tif,256,256,65536,1554,63982,0.023712,0.976288,8
Train,img_9_patch_0855_mask.tif,256,256,65536,1554,63982,0.023712,0.976288,8
Train,img_9_patch_0856_mask.tif,256,256,65536,1554,63982,0.023712,0.976288,8
Train,img_9_patch_0857_mask.tif,256,256,65536,0,65536,0.000000,1.000000,0
Train,img_9_patch_0858_mask.tif,256,256,65536,0,65536,0.000000,1.000000,0
Train,img_9_patch_0859_mask.tif,256,256,65536,0,65536,0.000000,1.000000,0
Train,img_9_patch_0860_mask.tif,256,256,65536,0,65536,0.000000,1.000000,0
Train,img_9_patch_0861_mask.tif,256,256,65536,0,65536,0.000000,1.000000,0
Train,img_9_patch_0862_mask.tif,256,256,65536,0,65536,0.000000,1.000000,0
Train,img_9_patch_0863_mask.tif,256,256,65536,0,65536,0.000000,1.000000,0
Train,img_9_patch_0864_mask.tif,256,256,65536,0,65536,0.000000,1.000000,0
Train,img_9_patch_0865_mask.tif,256,256,65536,25563,39973,0.390060,0.609940,1
Train,img_9_patch_0866_mask.tif,256,256,65536,30630,34906,0.467377,0.532623,1
Train,img_9_patch_0867_mask.tif,256,256,65536,32845,32691,0.501175,0.498825,1
Train,img_9_patch_0868_mask.tif,256,256,65536,32587,32949,0.497238,0.502762,1
Train,img_9_patch_0869_mask.tif,256,256,65536,30251,35285,0.461594,0.538406,1
Train,img_9_patch_0870_mask.tif,256,256,65536,28055,37481,0.428085,0.571915,1
Train,img_9_patch_0871_mask.tif,256,256,65536,32624,32912,0.497803,0.502197,1
Train,img_9_patch_0872_mask.tif,256,256,65536,41597,23939,0.634720,0.365280,1
Train,img_9_patch_0873_mask.tif,256,256,65536,51517,14019,0.786087,0.213913,1
Train,img_9_patch_0874_mask.tif,256,256,65536,61742,3794,0.942108,0.057892,1
Train,img_9_patch_0875_mask.tif,256,256,65536,65536,0,1.000000,0.000000,1
Train,img_9_patch_0876_mask.tif,256,256,65536,65536,0,1.000000,0.000000,1
Train,img_9_patch_0877_mask.tif,256,256,65536,65534,2,0.999969,0.000031,1
Train,img_9_patch_0878_mask.tif,256,256,65536,64049,1487,0.977310,0.022690,1
Train,img_9_patch_0879_mask.tif,256,256,65536,60079,5457,0.916733,0.083267,1
Train,img_9_patch_0880_mask.tif,256,256,65536,54035,11501,0.824509,0.175491,1
Train,img_9_patch_0881_mask.tif,256,256,65536,44944,20592,0.685791,0.314209,1
Train,img_9_patch_0882_mask.tif,256,256,65536,34666,30870,0.528961,0.471039,1
Train,img_9_patch_0883_mask.tif,256,256,65536,24448,41088,0.373047,0.626953,1
Train,img_9_patch_0884_mask.tif,256,256,65536,15785,49751,0.240860,0.759140,2
Train,img_9_patch_0885_mask.tif,256,256,65536,19718,45818,0.300873,0.699127,3
Train,img_9_patch_0886_mask.tif,256,256,65536,23600,41936,0.360107,0.639893,2
Train,img_9_patch_0887_mask.tif,256,256,65536,23583,41953,0.359848,0.640152,2
Train,img_9_patch_0888_mask.tif,256,256,65536,22060,43476,0.336609,0.663391,2
Train,img_9_patch_0889_mask.tif,256,256,65536,10836,54700,0.165344,0.834656,3
Train,img_9_patch_0890_mask.tif,256,256,65536,2333,63203,0.035599,0.964401,3
Train,img_9_patch_0891_mask.tif,256,256,65536,154,65382,0.002350,0.997650,1
Train,img_9_patch_0892_mask.tif,256,256,65536,0,65536,0.000000,1.000000,0
Train,img_9_patch_0893_mask.tif,256,256,65536,0,65536,0.000000,1.000000,0
Train,img_9_patch_0894_mask.tif,256,256,65536,0,65536,0.000000,1.000000,0
Train,img_9_patch_0895_mask.tif,256,256,65536,0,65536,0.000000,1.000000,0
Train,img_9_patch_0896_mask.tif,256,256,65536,0,65536,0.000000,1.000000,0
Train,img_9_patch_0897_mask.tif,256,256,65536,0,65536,0.000000,1.000000,0
Train,img_9_patch_0898_mask.tif,256,256,65536,0,65536,0.000000,1.000000,0
Train,img_9_patch_0899_mask.tif,256,256,65536,0,65536,0.000000,1.000000,0
Train,img_9_patch_0900_mask.tif,256,256,65536,0,65536,0.000000,1.000000,0
Train,img_9_patch_0901_mask.tif,256,256,65536,4904,60632,0.074829,0.925171,1
Train,img_9_patch_0902_mask.tif,256,256,65536,5599,59937,0.085434,0.914566,1
Train,img_9_patch_0903_mask.tif,256,256,65536,5599,59937,0.085434,0.914566,1
Train,img_9_patch_0904_mask.tif,256,256,65536,5599,59937,0.085434,0.914566,1
Train,img_9_patch_0905_mask.tif,256,256,65536,695,64841,0.010605,0.989395,1
Train,img_9_patch_0906_mask.tif,256,256,65536,0,65536,0.000000,1.000000,0
Train,img_9_patch_0907_mask.tif,256,256,65536,1765,63771,0.026932,0.973068,8
Train,img_9_patch_0908_mask.tif,256,256,65536,1765,63771,0.026932,0.973068,8
Train,img_9_patch_0909_mask.tif,256,256,65536,1765,63771,0.026932,0.973068,8
Train,img_9_patch_0910_mask.tif,256,256,65536,1765,63771,0.026932,0.973068,8
Train,img_9_patch_0911_mask.tif,256,256,65536,0,65536,0.000000,1.000000,0
Train,img_9_patch_0912_mask.tif,256,256,65536,0,65536,0.000000,1.000000,0
Train,img_9_patch_0913_mask.tif,256,256,65536,0,65536,0.000000,1.000000,0
Train,img_9_patch_0914_mask.tif,256,256,65536,0,65536,0.000000,1.000000,0
Train,img_9_patch_0915_mask.tif,256,256,65536,0,65536,0.000000,1.000000,0
Train,img_9_patch_0916_mask.tif,256,256,65536,0,65536,0.000000,1.000000,0
Train,img_9_patch_0917_mask.tif,256,256,65536,0,65536,0.000000,1.000000,0
Train,img_9_patch_0918_mask.tif,256,256,65536,0,65536,0.000000,1.000000,0
Train,img_9_patch_0919_mask.tif,256,256,65536,10517,55019,0.160477,0.839523,1
Train,img_9_patch_0920_mask.tif,256,256,65536,14246,51290,0.217377,0.782623,1
Train,img_9_patch_0921_mask.tif,256,256,65536,16461,49075,0.251175,0.748825,1
Train,img_9_patch_0922_mask.tif,256,256,65536,16203,49333,0.247238,0.752762,1
Train,img_9_patch_0923_mask.tif,256,256,65536,13867,51669,0.211594,0.788406,1
Train,img_9_patch_0924_mask.tif,256,256,65536,11671,53865,0.178085,0.821915,1
Train,img_9_patch_0925_mask.tif,256,256,65536,18299,47237,0.279221,0.720779,1
Train,img_9_patch_0926_mask.tif,256,256,65536,31368,34168,0.478638,0.521362,1
Train,img_9_patch_0927_mask.tif,256,256,65536,45384,20152,0.692505,0.307495,1
Train,img_9_patch_0928_mask.tif,256,256,65536,59705,5831,0.911026,0.088974,1
Train,img_9_patch_0929_mask.tif,256,256,65536,65536,0,1.000000,0.000000,1
Train,img_9_patch_0930_mask.tif,256,256,65536,65536,0,1.000000,0.000000,1
Train,img_9_patch_0931_mask.tif,256,256,65536,65536,0,1.000000,0.000000,1
Train,img_9_patch_0932_mask.tif,256,256,65536,65536,0,1.000000,0.000000,1
Train,img_9_patch_0933_mask.tif,256,256,65536,64846,690,0.989471,0.010529,1
Train,img_9_patch_0934_mask.tif,256,256,65536,62898,2638,0.959747,0.040253,1
Train,img_9_patch_0935_mask.tif,256,256,65536,57901,7635,0.883499,0.116501,1
Train,img_9_patch_0936_mask.tif,256,256,65536,50234,15302,0.766510,0.233490,1
Train,img_9_patch_0937_mask.tif,256,256,65536,40594,24942,0.619415,0.380585,1
Train,img_9_patch_0938_mask.tif,256,256,65536,29714,35822,0.453400,0.546600,2
Train,img_9_patch_0939_mask.tif,256,256,65536,28236,37300,0.430847,0.569153,2
Train,img_9_patch_0940_mask.tif,256,256,65536,26201,39335,0.399796,0.600204,2
Train,img_9_patch_0941_mask.tif,256,256,65536,20674,44862,0.315460,0.684540,2
Train,img_9_patch_0942_mask.tif,256,256,65536,17118,48418,0.261200,0.738800,2
Train,img_9_patch_0943_mask.tif,256,256,65536,7209,58327,0.110001,0.889999,2
Train,img_9_patch_0944_mask.tif,256,256,65536,527,65009,0.008041,0.991959,2
Train,img_9_patch_0945_mask.tif,256,256,65536,0,65536,0.000000,1.000000,0
Train,img_9_patch_0946_mask.tif,256,256,65536,0,65536,0.000000,1.000000,0
Train,img_9_patch_0947_mask.tif,256,256,65536,0,65536,0.000000,1.000000,0
Train,img_9_patch_0948_mask.tif,256,256,65536,0,65536,0.000000,1.000000,0
Train,img_9_patch_0949_mask.tif,256,256,65536,0,65536,0.000000,1.000000,0
Train,img_9_patch_0950_mask.tif,256,256,65536,0,65536,0.000000,1.000000,0
Train,img_9_patch_0951_mask.tif,256,256,65536,0,65536,0.000000,1.000000,0
Train,img_9_patch_0952_mask.tif,256,256,65536,0,65536,0.000000,1.000000,0
Train,img_9_patch_0953_mask.tif,256,256,65536,0,65536,0.000000,1.000000,0
Train,img_9_patch_0954_mask.tif,256,256,65536,0,65536,0.000000,1.000000,0
Train,img_9_patch_0955_mask.tif,256,256,65536,4982,60554,0.076019,0.923981,1
Train,img_9_patch_0956_mask.tif,256,256,65536,5677,59859,0.086624,0.913376,1
Train,img_9_patch_0957_mask.tif,256,256,65536,5677,59859,0.086624,0.913376,1
Train,img_9_patch_0958_mask.tif,256,256,65536,5677,59859,0.086624,0.913376,1
Train,img_9_patch_0959_mask.tif,256,256,65536,695,64841,0.010605,0.989395,1
Train,img_9_patch_0960_mask.tif,256,256,65536,0,65536,0.000000,1.000000,0
Train,img_9_patch_0961_mask.tif,256,256,65536,1556,63980,0.023743,0.976257,8
Train,img_9_patch_0962_mask.tif,256,256,65536,1556,63980,0.023743,0.976257,8
Train,img_9_patch_0963_mask.tif,256,256,65536,1556,63980,0.023743,0.976257,8
Train,img_9_patch_0964_mask.tif,256,256,65536,1556,63980,0.023743,0.976257,8
Train,img_9_patch_0965_mask.tif,256,256,65536,0,65536,0.000000,1.000000,0
Train,img_9_patch_0966_mask.tif,256,256,65536,0,65536,0.000000,1.000000,0
Train,img_9_patch_0967_mask.tif,256,256,65536,0,65536,0.000000,1.000000,0
Train,img_9_patch_0968_mask.tif,256,256,65536,0,65536,0.000000,1.000000,0
Train,img_9_patch_0969_mask.tif,256,256,65536,0,65536,0.000000,1.000000,0
Train,img_9_patch_0970_mask.tif,256,256,65536,0,65536,0.000000,1.000000,0
Train,img_9_patch_0971_mask.tif,256,256,65536,0,65536,0.000000,1.000000,0
Train,img_9_patch_0972_mask.tif,256,256,65536,0,65536,0.000000,1.000000,0
Train,img_9_patch_0973_mask.tif,256,256,65536,942,64594,0.014374,0.985626,1
Train,img_9_patch_0974_mask.tif,256,256,65536,1105,64431,0.016861,0.983139,1
Train,img_9_patch_0975_mask.tif,256,256,65536,1105,64431,0.016861,0.983139,1
Train,img_9_patch_0976_mask.tif,256,256,65536,771,64765,0.011765,0.988235,1
Train,img_9_patch_0977_mask.tif,256,256,65536,163,65373,0.002487,0.997513,1
Train,img_9_patch_0978_mask.tif,256,256,65536,0,65536,0.000000,1.000000,0
Train,img_9_patch_0979_mask.tif,256,256,65536,8801,56735,0.134293,0.865707,1
Train,img_9_patch_0980_mask.tif,256,256,65536,25185,40351,0.384293,0.615707,1
Train,img_9_patch_0981_mask.tif,256,256,65536,41569,23967,0.634293,0.365707,1
Train,img_9_patch_0982_mask.tif,256,256,65536,57953,7583,0.884293,0.115707,1
Train,img_9_patch_0983_mask.tif,256,256,65536,65536,0,1.000000,0.000000,1
Train,img_9_patch_0984_mask.tif,256,256,65536,65536,0,1.000000,0.000000,1
Train,img_9_patch_0985_mask.tif,256,256,65536,65536,0,1.000000,0.000000,1
Train,img_9_patch_0986_mask.tif,256,256,65536,65536,0,1.000000,0.000000,1
Train,img_9_patch_0987_mask.tif,256,256,65536,65536,0,1.000000,0.000000,1
Train,img_9_patch_0988_mask.tif,256,256,65536,65536,0,1.000000,0.000000,1
Train,img_9_patch_0989_mask.tif,256,256,65536,64357,1179,0.982010,0.017990,1
Train,img_9_patch_0990_mask.tif,256,256,65536,60786,4750,0.927521,0.072479,1
Train,img_9_patch_0991_mask.tif,256,256,65536,54552,10984,0.832397,0.167603,1
Train,img_9_patch_0992_mask.tif,256,256,65536,44617,20919,0.680801,0.319199,2
Train,img_9_patch_0993_mask.tif,256,256,65536,37823,27713,0.577133,0.422867,2
Train,img_9_patch_0994_mask.tif,256,256,65536,31173,34363,0.475662,0.524338,2
Train,img_9_patch_0995_mask.tif,256,256,65536,21466,44070,0.327545,0.672455,2
Train,img_9_patch_0996_mask.tif,256,256,65536,15017,50519,0.229141,0.770859,2
Train,img_9_patch_0997_mask.tif,256,256,65536,6606,58930,0.100800,0.899200,2
Train,img_9_patch_0998_mask.tif,256,256,65536,443,65093,0.006760,0.993240,2
Train,img_9_patch_0999_mask.tif,256,256,65536,0,65536,0.000000,1.000000,0
Train,img_9_patch_1000_mask.tif,256,256,65536,0,65536,0.000000,1.000000,0
Train,img_9_patch_1001_mask.tif,256,256,65536,0,65536,0.000000,1.000000,0
Train,img_9_patch_1002_mask.tif,256,256,65536,0,65536,0.000000,1.000000,0
Train,img_9_patch_1003_mask.tif,256,256,65536,0,65536,0.000000,1.000000,0
Train,img_9_patch_1004_mask.tif,256,256,65536,0,65536,0.000000,1.000000,0
Train,img_9_patch_1005_mask.tif,256,256,65536,0,65536,0.000000,1.000000,0
Train,img_9_patch_1006_mask.tif,256,256,65536,0,65536,0.000000,1.000000,0
Train,img_9_patch_1007_mask.tif,256,256,65536,0,65536,0.000000,1.000000,0
Train,img_9_patch_1008_mask.tif,256,256,65536,0,65536,0.000000,1.000000,0
Train,img_9_patch_1009_mask.tif,256,256,65536,3345,62191,0.051041,0.948959,1
Train,img_9_patch_1010_mask.tif,256,256,65536,3345,62191,0.051041,0.948959,1
Train,img_9_patch_1011_mask.tif,256,256,65536,3345,62191,0.051041,0.948959,1
Train,img_9_patch_1012_mask.tif,256,256,65536,3345,62191,0.051041,0.948959,1
Train,img_9_patch_1013_mask.tif,256,256,65536,0,65536,0.000000,1.000000,0
Train,img_9_patch_1014_mask.tif,256,256,65536,0,65536,0.000000,1.000000,0
Train,img_9_patch_1015_mask.tif,256,256,65536,595,64941,0.009079,0.990921,4
Train,img_9_patch_1016_mask.tif,256,256,65536,595,64941,0.009079,0.990921,4
Train,img_9_patch_1017_mask.tif,256,256,65536,595,64941,0.009079,0.990921,4
Train,img_9_patch_1018_mask.tif,256,256,65536,595,64941,0.009079,0.990921,4
Train,img_9_patch_1019_mask.tif,256,256,65536,0,65536,0.000000,1.000000,0
Train,img_9_patch_1020_mask.tif,256,256,65536,0,65536,0.000000,1.000000,0
Train,img_9_patch_1021_mask.tif,256,256,65536,0,65536,0.000000,1.000000,0
Train,img_9_patch_1022_mask.tif,256,256,65536,0,65536,0.000000,1.000000,0
Train,img_9_patch_1023_mask.tif,256,256,65536,0,65536,0.000000,1.000000,0
Train,img_9_patch_1024_mask.tif,256,256,65536,0,65536,0.000000,1.000000,0
Train,img_9_patch_1025_mask.tif,256,256,65536,0,65536,0.000000,1.000000,0
Train,img_9_patch_1026_mask.tif,256,256,65536,0,65536,0.000000,1.000000,0
Train,img_9_patch_1027_mask.tif,256,256,65536,0,65536,0.000000,1.000000,0
Train,img_9_patch_1028_mask.tif,256,256,65536,0,65536,0.000000,1.000000,0
Train,img_9_patch_1029_mask.tif,256,256,65536,0,65536,0.000000,1.000000,0
Train,img_9_patch_1030_mask.tif,256,256,65536,0,65536,0.000000,1.000000,0
Train,img_9_patch_1031_mask.tif,256,256,65536,0,65536,0.000000,1.000000,0
Train,img_9_patch_1032_mask.tif,256,256,65536,0,65536,0.000000,1.000000,0
Train,img_9_patch_1033_mask.tif,256,256,65536,7338,58198,0.111969,0.888031,1
Train,img_9_patch_1034_mask.tif,256,256,65536,23722,41814,0.361969,0.638031,1
Train,img_9_patch_1035_mask.tif,256,256,65536,40106,25430,0.611969,0.388031,1
Train,img_9_patch_1036_mask.tif,256,256,65536,56490,9046,0.861969,0.138031,1
Train,img_9_patch_1037_mask.tif,256,256,65536,65536,0,1.000000,0.000000,1
Train,img_9_patch_1038_mask.tif,256,256,65536,65536,0,1.000000,0.000000,1
Train,img_9_patch_1039_mask.tif,256,256,65536,65536,0,1.000000,0.000000,1
Train,img_9_patch_1040_mask.tif,256,256,65536,65536,0,1.000000,0.000000,1
Train,img_9_patch_1041_mask.tif,256,256,65536,65536,0,1.000000,0.000000,1
Train,img_9_patch_1042_mask.tif,256,256,65536,65536,0,1.000000,0.000000,1
Train,img_9_patch_1043_mask.tif,256,256,65536,65536,0,1.000000,0.000000,1
Train,img_9_patch_1044_mask.tif,256,256,65536,65449,87,0.998672,0.001328,1
Train,img_9_patch_1045_mask.tif,256,256,65536,63311,2225,0.966049,0.033951,1
Train,img_9_patch_1046_mask.tif,256,256,65536,56998,8538,0.869720,0.130280,1
Train,img_9_patch_1047_mask.tif,256,256,65536,49105,16431,0.749283,0.250717,2
Train,img_9_patch_1048_mask.tif,256,256,65536,36477,29059,0.556595,0.443405,2
Train,img_9_patch_1049_mask.tif,256,256,65536,22653,42883,0.345657,0.654343,2
Train,img_9_patch_1050_mask.tif,256,256,65536,12582,52954,0.191986,0.808014,2
Train,img_9_patch_1051_mask.tif,256,256,65536,4091,61445,0.062424,0.937576,3
Train,img_9_patch_1052_mask.tif,256,256,65536,422,65114,0.006439,0.993561,1
Train,img_9_patch_1053_mask.tif,256,256,65536,0,65536,0.000000,1.000000,0
Train,img_9_patch_1054_mask.tif,256,256,65536,0,65536,0.000000,1.000000,0
Train,img_9_patch_1055_mask.tif,256,256,65536,0,65536,0.000000,1.000000,0
Train,img_9_patch_1056_mask.tif,256,256,65536,3,65533,0.000046,0.999954,1
Train,img_9_patch_1057_mask.tif,256,256,65536,484,65052,0.007385,0.992615,1
Train,img_9_patch_1058_mask.tif,256,256,65536,484,65052,0.007385,0.992615,1
Train,img_9_patch_1059_mask.tif,256,256,65536,484,65052,0.007385,0.992615,1
Train,img_9_patch_1060_mask.tif,256,256,65536,481,65055,0.007339,0.992661,1
Train,img_9_patch_1061_mask.tif,256,256,65536,0,65536,0.000000,1.000000,0
Train,img_9_patch_1062_mask.tif,256,256,65536,1003,64533,0.015305,0.984695,1
Train,img_9_patch_1063_mask.tif,256,256,65536,2452,63084,0.037415,0.962585,2
Train,img_9_patch_1064_mask.tif,256,256,65536,2452,63084,0.037415,0.962585,2
Train,img_9_patch_1065_mask.tif,256,256,65536,2452,63084,0.037415,0.962585,2
Train,img_9_patch_1066_mask.tif,256,256,65536,1449,64087,0.022110,0.977890,2
Train,img_9_patch_1067_mask.tif,256,256,65536,0,65536,0.000000,1.000000,0
Train,img_9_patch_1068_mask.tif,256,256,65536,0,65536,0.000000,1.000000,0
Train,img_9_patch_1069_mask.tif,256,256,65536,211,65325,0.003220,0.996780,1
Train,img_9_patch_1070_mask.tif,256,256,65536,211,65325,0.003220,0.996780,1
Train,img_9_patch_1071_mask.tif,256,256,65536,211,65325,0.003220,0.996780,1
Train,img_9_patch_1072_mask.tif,256,256,65536,211,65325,0.003220,0.996780,1
Train,img_9_patch_1073_mask.tif,256,256,65536,0,65536,0.000000,1.000000,0
Train,img_9_patch_1074_mask.tif,256,256,65536,0,65536,0.000000,1.000000,0
Train,img_9_patch_1075_mask.tif,256,256,65536,0,65536,0.000000,1.000000,0
Train,img_9_patch_1076_mask.tif,256,256,65536,0,65536,0.000000,1.000000,0
Train,img_9_patch_1077_mask.tif,256,256,65536,0,65536,0.000000,1.000000,0
Train,img_9_patch_1078_mask.tif,256,256,65536,0,65536,0.000000,1.000000,0
Train,img_9_patch_1079_mask.tif,256,256,65536,0,65536,0.000000,1.000000,0
Train,img_9_patch_1080_mask.tif,256,256,65536,0,65536,0.000000,1.000000,0
Train,img_9_patch_1081_mask.tif,256,256,65536,0,65536,0.000000,1.000000,0
Train,img_9_patch_1082_mask.tif,256,256,65536,0,65536,0.000000,1.000000,0
Train,img_9_patch_1083_mask.tif,256,256,65536,0,65536,0.000000,1.000000,0
Train,img_9_patch_1084_mask.tif,256,256,65536,0,65536,0.000000,1.000000,0
Train,img_9_patch_1085_mask.tif,256,256,65536,0,65536,0.000000,1.000000,0
Train,img_9_patch_1086_mask.tif,256,256,65536,0,65536,0.000000,1.000000,0
Train,img_9_patch_1087_mask.tif,256,256,65536,5942,59594,0.090668,0.909332,1
Train,img_9_patch_1088_mask.tif,256,256,65536,22326,43210,0.340668,0.659332,1
Train,img_9_patch_1089_mask.tif,256,256,65536,38710,26826,0.590668,0.409332,1
Train,img_9_patch_1090_mask.tif,256,256,65536,55094,10442,0.840668,0.159332,1
Train,img_9_patch_1091_mask.tif,256,256,65536,65536,0,1.000000,0.000000,1
Train,img_9_patch_1092_mask.tif,256,256,65536,65536,0,1.000000,0.000000,1
Train,img_9_patch_1093_mask.tif,256,256,65536,65536,0,1.000000,0.000000,1
Train,img_9_patch_1094_mask.tif,256,256,65536,65536,0,1.000000,0.000000,1
Train,img_9_patch_1095_mask.tif,256,256,65536,65536,0,1.000000,0.000000,1
Train,img_9_patch_1096_mask.tif,256,256,65536,65536,0,1.000000,0.000000,1
Train,img_9_patch_1097_mask.tif,256,256,65536,65536,0,1.000000,0.000000,1
Train,img_9_patch_1098_mask.tif,256,256,65536,65536,0,1.000000,0.000000,1
Train,img_9_patch_1099_mask.tif,256,256,65536,65298,238,0.996368,0.003632,1
Train,img_9_patch_1100_mask.tif,256,256,65536,63081,2455,0.962540,0.037460,1
Train,img_9_patch_1101_mask.tif,256,256,65536,56614,8922,0.863861,0.136139,2
Train,img_9_patch_1102_mask.tif,256,256,65536,42522,23014,0.648834,0.351166,4
Train,img_9_patch_1103_mask.tif,256,256,65536,26475,39061,0.403976,0.596024,4
Train,img_9_patch_1104_mask.tif,256,256,65536,12308,53228,0.187805,0.812195,4
Train,img_9_patch_1105_mask.tif,256,256,65536,2391,63145,0.036484,0.963516,4
Train,img_9_patch_1106_mask.tif,256,256,65536,99,65437,0.001511,0.998489,1
Train,img_9_patch_1107_mask.tif,256,256,65536,1165,64371,0.017776,0.982224,1
Train,img_9_patch_1108_mask.tif,256,256,65536,1423,64113,0.021713,0.978287,1
Train,img_9_patch_1109_mask.tif,256,256,65536,1423,64113,0.021713,0.978287,1
Train,img_9_patch_1110_mask.tif,256,256,65536,1930,63606,0.029449,0.970551,2
Train,img_9_patch_1111_mask.tif,256,256,65536,2709,62827,0.041336,0.958664,2
Train,img_9_patch_1112_mask.tif,256,256,65536,2451,63085,0.037399,0.962601,1
Train,img_9_patch_1113_mask.tif,256,256,65536,2451,63085,0.037399,0.962601,1
Train,img_9_patch_1114_mask.tif,256,256,65536,1944,63592,0.029663,0.970337,1
Train,img_9_patch_1115_mask.tif,256,256,65536,193,65343,0.002945,0.997055,1
Train,img_9_patch_1116_mask.tif,256,256,65536,4255,61281,0.064926,0.935074,1
Train,img_9_patch_1117_mask.tif,256,256,65536,4527,61009,0.069077,0.930923,2
Train,img_9_patch_1118_mask.tif,256,256,65536,4527,61009,0.069077,0.930923,2
Train,img_9_patch_1119_mask.tif,256,256,65536,4334,61202,0.066132,0.933868,2
Train,img_9_patch_1120_mask.tif,256,256,65536,272,65264,0.004150,0.995850,3
Train,img_9_patch_1121_mask.tif,256,256,65536,0,65536,0.000000,1.000000,0
Train,img_9_patch_1122_mask.tif,256,256,65536,0,65536,0.000000,1.000000,0
Train,img_9_patch_1123_mask.tif,256,256,65536,0,65536,0.000000,1.000000,0
Train,img_9_patch_1124_mask.tif,256,256,65536,0,65536,0.000000,1.000000,0
Train,img_9_patch_1125_mask.tif,256,256,65536,0,65536,0.000000,1.000000,0
Train,img_9_patch_1126_mask.tif,256,256,65536,0,65536,0.000000,1.000000,0
Train,img_9_patch_1127_mask.tif,256,256,65536,0,65536,0.000000,1.000000,0
Train,img_9_patch_1128_mask.tif,256,256,65536,0,65536,0.000000,1.000000,0
Train,img_9_patch_1129_mask.tif,256,256,65536,0,65536,0.000000,1.000000,0
Train,img_9_patch_1130_mask.tif,256,256,65536,0,65536,0.000000,1.000000,0
Train,img_9_patch_1131_mask.tif,256,256,65536,0,65536,0.000000,1.000000,0
Train,img_9_patch_1132_mask.tif,256,256,65536,0,65536,0.000000,1.000000,0
Train,img_9_patch_1133_mask.tif,256,256,65536,0,65536,0.000000,1.000000,0
Train,img_9_patch_1134_mask.tif,256,256,65536,0,65536,0.000000,1.000000,0
Train,img_9_patch_1135_mask.tif,256,256,65536,0,65536,0.000000,1.000000,0
Train,img_9_patch_1136_mask.tif,256,256,65536,0,65536,0.000000,1.000000,0
Train,img_9_patch_1137_mask.tif,256,256,65536,0,65536,0.000000,1.000000,0
Train,img_9_patch_1138_mask.tif,256,256,65536,0,65536,0.000000,1.000000,0
Train,img_9_patch_1139_mask.tif,256,256,65536,0,65536,0.000000,1.000000,0
Train,img_9_patch_1140_mask.tif,256,256,65536,0,65536,0.000000,1.000000,0
Train,img_9_patch_1141_mask.tif,256,256,65536,4559,60977,0.069565,0.930435,1
Train,img_9_patch_1142_mask.tif,256,256,65536,20943,44593,0.319565,0.680435,1
Train,img_9_patch_1143_mask.tif,256,256,65536,37327,28209,0.569565,0.430435,1
Train,img_9_patch_1144_mask.tif,256,256,65536,53711,11825,0.819565,0.180435,1
Train,img_9_patch_1145_mask.tif,256,256,65536,65536,0,1.000000,0.000000,1
Train,img_9_patch_1146_mask.tif,256,256,65536,65536,0,1.000000,0.000000,1
Train,img_9_patch_1147_mask.tif,256,256,65536,65536,0,1.000000,0.000000,1
Train,img_9_patch_1148_mask.tif,256,256,65536,65325,211,0.996780,0.003220,1
Train,img_9_patch_1149_mask.tif,256,256,65536,64951,585,0.991074,0.008926,1
Train,img_9_patch_1150_mask.tif,256,256,65536,64945,591,0.990982,0.009018,1
Train,img_9_patch_1151_mask.tif,256,256,65536,64945,591,0.990982,0.009018,1
Train,img_9_patch_1152_mask.tif,256,256,65536,65156,380,0.994202,0.005798,1
Train,img_9_patch_1153_mask.tif,256,256,65536,65530,6,0.999908,0.000092,1
Train,img_9_patch_1154_mask.tif,256,256,65536,65003,533,0.991867,0.008133,1
Train,img_9_patch_1155_mask.tif,256,256,65536,58837,6699,0.897781,0.102219,1
Train,img_9_patch_1156_mask.tif,256,256,65536,44725,20811,0.682449,0.317551,2
Train,img_9_patch_1157_mask.tif,256,256,65536,28341,37195,0.432449,0.567551,2
Train,img_9_patch_1158_mask.tif,256,256,65536,12490,53046,0.190582,0.809418,2
Train,img_9_patch_1159_mask.tif,256,256,65536,2272,63264,0.034668,0.965332,3
Train,img_9_patch_1160_mask.tif,256,256,65536,1959,63577,0.029892,0.970108,1
Train,img_9_patch_1161_mask.tif,256,256,65536,7036,58500,0.107361,0.892639,1
Train,img_9_patch_1162_mask.tif,256,256,65536,10013,55523,0.152786,0.847214,1
Train,img_9_patch_1163_mask.tif,256,256,65536,10013,55523,0.152786,0.847214,1
Train,img_9_patch_1164_mask.tif,256,256,65536,8561,56975,0.130630,0.869370,2
Train,img_9_patch_1165_mask.tif,256,256,65536,5428,60108,0.082825,0.917175,2
Train,img_9_patch_1166_mask.tif,256,256,65536,2451,63085,0.037399,0.962601,1
Train,img_9_patch_1167_mask.tif,256,256,65536,2451,63085,0.037399,0.962601,1
Train,img_9_patch_1168_mask.tif,256,256,65536,1954,63582,0.029816,0.970184,2
Train,img_9_patch_1169_mask.tif,256,256,65536,2897,62639,0.044205,0.955795,1
Train,img_9_patch_1170_mask.tif,256,256,65536,9046,56490,0.138031,0.861969,1
Train,img_9_patch_1171_mask.tif,256,256,65536,9240,56296,0.140991,0.859009,1
Train,img_9_patch_1172_mask.tif,256,256,65536,9230,56306,0.140839,0.859161,1
Train,img_9_patch_1173_mask.tif,256,256,65536,6343,59193,0.096786,0.903214,1
Train,img_9_patch_1174_mask.tif,256,256,65536,194,65342,0.002960,0.997040,2
Train,img_9_patch_1175_mask.tif,256,256,65536,0,65536,0.000000,1.000000,0
Train,img_9_patch_1176_mask.tif,256,256,65536,0,65536,0.000000,1.000000,0
Train,img_9_patch_1177_mask.tif,256,256,65536,0,65536,0.000000,1.000000,0
Train,img_9_patch_1178_mask.tif,256,256,65536,0,65536,0.000000,1.000000,0
Train,img_9_patch_1179_mask.tif,256,256,65536,0,65536,0.000000,1.000000,0
Train,img_9_patch_1180_mask.tif,256,256,65536,0,65536,0.000000,1.000000,0
Train,img_9_patch_1181_mask.tif,256,256,65536,0,65536,0.000000,1.000000,0
Train,img_9_patch_1182_mask.tif,256,256,65536,0,65536,0.000000,1.000000,0
Train,img_9_patch_1183_mask.tif,256,256,65536,0,65536,0.000000,1.000000,0
Train,img_9_patch_1184_mask.tif,256,256,65536,0,65536,0.000000,1.000000,0
Train,img_9_patch_1185_mask.tif,256,256,65536,0,65536,0.000000,1.000000,0
Train,img_9_patch_1186_mask.tif,256,256,65536,0,65536,0.000000,1.000000,0
Train,img_9_patch_1187_mask.tif,256,256,65536,0,65536,0.000000,1.000000,0
Train,img_9_patch_1188_mask.tif,256,256,65536,0,65536,0.000000,1.000000,0
Train,img_9_patch_1189_mask.tif,256,256,65536,0,65536,0.000000,1.000000,0
Train,img_9_patch_1190_mask.tif,256,256,65536,0,65536,0.000000,1.000000,0
Train,img_9_patch_1191_mask.tif,256,256,65536,0,65536,0.000000,1.000000,0
Train,img_9_patch_1192_mask.tif,256,256,65536,0,65536,0.000000,1.000000,0
Train,img_9_patch_1193_mask.tif,256,256,65536,0,65536,0.000000,1.000000,0
Train,img_9_patch_1194_mask.tif,256,256,65536,0,65536,0.000000,1.000000,0
Train,img_9_patch_1195_mask.tif,256,256,65536,3015,62521,0.046005,0.953995,1
Train,img_9_patch_1196_mask.tif,256,256,65536,19385,46151,0.295792,0.704208,1
Train,img_9_patch_1197_mask.tif,256,256,65536,35769,29767,0.545792,0.454208,1
Train,img_9_patch_1198_mask.tif,256,256,65536,52153,13383,0.795792,0.204208,1
Train,img_9_patch_1199_mask.tif,256,256,65536,65522,14,0.999786,0.000214,1
Train,img_9_patch_1200_mask.tif,256,256,65536,65378,158,0.997589,0.002411,1
Train,img_9_patch_1201_mask.tif,256,256,65536,63232,2304,0.964844,0.035156,1
Train,img_9_patch_1202_mask.tif,256,256,65536,59589,5947,0.909256,0.090744,1
Train,img_9_patch_1203_mask.tif,256,256,65536,55119,10417,0.841049,0.158951,1
Train,img_9_patch_1204_mask.tif,256,256,65536,52192,13344,0.796387,0.203613,1
Train,img_9_patch_1205_mask.tif,256,256,65536,53263,12273,0.812729,0.187271,1
Train,img_9_patch_1206_mask.tif,256,256,65536,55615,9921,0.848618,0.151382,1
Train,img_9_patch_1207_mask.tif,256,256,65536,58032,7504,0.885498,0.114502,1
Train,img_9_patch_1208_mask.tif,256,256,65536,57021,8515,0.870071,0.129929,1
Train,img_9_patch_1209_mask.tif,256,256,65536,50007,15529,0.763046,0.236954,1
Train,img_9_patch_1210_mask.tif,256,256,65536,37150,28386,0.566864,0.433136,2
Train,img_9_patch_1211_mask.tif,256,256,65536,22819,42717,0.348190,0.651810,2
Train,img_9_patch_1212_mask.tif,256,256,65536,11442,54094,0.174591,0.825409,4
Train,img_9_patch_1213_mask.tif,256,256,65536,6180,59356,0.094299,0.905701,3
Train,img_9_patch_1214_mask.tif,256,256,65536,9878,55658,0.150726,0.849274,1
Train,img_9_patch_1215_mask.tif,256,256,65536,16163,49373,0.246628,0.753372,1
Train,img_9_patch_1216_mask.tif,256,256,65536,19949,45587,0.304398,0.695602,1
Train,img_9_patch_1217_mask.tif,256,256,65536,16965,48571,0.258865,0.741135,1
Train,img_9_patch_1218_mask.tif,256,256,65536,11538,53998,0.176056,0.823944,3
Train,img_9_patch_1219_mask.tif,256,256,65536,7197,58339,0.109818,0.890182,2
Train,img_9_patch_1220_mask.tif,256,256,65536,2500,63036,0.038147,0.961853,2
Train,img_9_patch_1221_mask.tif,256,256,65536,3237,62299,0.049393,0.950607,2
Train,img_9_patch_1222_mask.tif,256,256,65536,5127,60409,0.078232,0.921768,2
Train,img_9_patch_1223_mask.tif,256,256,65536,7952,57584,0.121338,0.878662,1
Train,img_9_patch_1224_mask.tif,256,256,65536,14188,51348,0.216492,0.783508,1
Train,img_9_patch_1225_mask.tif,256,256,65536,13596,51940,0.207458,0.792542,1
Train,img_9_patch_1226_mask.tif,256,256,65536,11199,54337,0.170883,0.829117,1
Train,img_9_patch_1227_mask.tif,256,256,65536,6430,59106,0.098114,0.901886,1
Train,img_9_patch_1228_mask.tif,256,256,65536,194,65342,0.002960,0.997040,2
Train,img_9_patch_1229_mask.tif,256,256,65536,0,65536,0.000000,1.000000,0
Train,img_9_patch_1230_mask.tif,256,256,65536,0,65536,0.000000,1.000000,0
Train,img_9_patch_1231_mask.tif,256,256,65536,0,65536,0.000000,1.000000,0
Train,img_9_patch_1232_mask.tif,256,256,65536,0,65536,0.000000,1.000000,0
Train,img_9_patch_1233_mask.tif,256,256,65536,0,65536,0.000000,1.000000,0
Train,img_9_patch_1234_mask.tif,256,256,65536,0,65536,0.000000,1.000000,0
Train,img_9_patch_1235_mask.tif,256,256,65536,0,65536,0.000000,1.000000,0
Train,img_9_patch_1236_mask.tif,256,256,65536,0,65536,0.000000,1.000000,0
Train,img_9_patch_1237_mask.tif,256,256,65536,0,65536,0.000000,1.000000,0
Train,img_9_patch_1238_mask.tif,256,256,65536,0,65536,0.000000,1.000000,0
Train,img_9_patch_1239_mask.tif,256,256,65536,0,65536,0.000000,1.000000,0
Train,img_9_patch_1240_mask.tif,256,256,65536,0,65536,0.000000,1.000000,0
Train,img_9_patch_1241_mask.tif,256,256,65536,0,65536,0.000000,1.000000,0
Train,img_9_patch_1242_mask.tif,256,256,65536,0,65536,0.000000,1.000000,0
Train,img_9_patch_1243_mask.tif,256,256,65536,0,65536,0.000000,1.000000,0
Train,img_9_patch_1244_mask.tif,256,256,65536,0,65536,0.000000,1.000000,0
Train,img_9_patch_1245_mask.tif,256,256,65536,0,65536,0.000000,1.000000,0
Train,img_9_patch_1246_mask.tif,256,256,65536,0,65536,0.000000,1.000000,0
Train,img_9_patch_1247_mask.tif,256,256,65536,0,65536,0.000000,1.000000,0
Train,img_9_patch_1248_mask.tif,256,256,65536,0,65536,0.000000,1.000000,0
Train,img_9_patch_1249_mask.tif,256,256,65536,1808,63728,0.027588,0.972412,1
Train,img_9_patch_1250_mask.tif,256,256,65536,17967,47569,0.274155,0.725845,1
Train,img_9_patch_1251_mask.tif,256,256,65536,34351,31185,0.524155,0.475845,1
Train,img_9_patch_1252_mask.tif,256,256,65536,49954,15582,0.762238,0.237762,1
Train,img_9_patch_1253_mask.tif,256,256,65536,62773,2763,0.957840,0.042160,1
Train,img_9_patch_1254_mask.tif,256,256,65536,59186,6350,0.903107,0.096893,2
Train,img_9_patch_1255_mask.tif,256,256,65536,53115,12421,0.810471,0.189529,2
Train,img_9_patch_1256_mask.tif,256,256,65536,46231,19305,0.705429,0.294571,4
Train,img_9_patch_1257_mask.tif,256,256,65536,41015,24521,0.625839,0.374161,3
Train,img_9_patch_1258_mask.tif,256,256,65536,38661,26875,0.589920,0.410080,5
Train,img_9_patch_1259_mask.tif,256,256,65536,40436,25100,0.617004,0.382996,4
Train,img_9_patch_1260_mask.tif,256,256,65536,42714,22822,0.651764,0.348236,4
Train,img_9_patch_1261_mask.tif,256,256,65536,43538,21998,0.664337,0.335663,4
Train,img_9_patch_1262_mask.tif,256,256,65536,41512,24024,0.633423,0.366577,3
Train,img_9_patch_1263_mask.tif,256,256,65536,33733,31803,0.514725,0.485275,1
Train,img_9_patch_1264_mask.tif,256,256,65536,24042,41494,0.366852,0.633148,2
Train,img_9_patch_1265_mask.tif,256,256,65536,14654,50882,0.223602,0.776398,3
Train,img_9_patch_1266_mask.tif,256,256,65536,11302,54234,0.172455,0.827545,4
Train,img_9_patch_1267_mask.tif,256,256,65536,14122,51414,0.215485,0.784515,3
Train,img_9_patch_1268_mask.tif,256,256,65536,22846,42690,0.348602,0.651398,1
Train,img_9_patch_1269_mask.tif,256,256,65536,30712,34824,0.468628,0.531372,1
Train,img_9_patch_1270_mask.tif,256,256,65536,30569,34967,0.466446,0.533554,1
Train,img_9_patch_1271_mask.tif,256,256,65536,23489,42047,0.358414,0.641586,1
Train,img_9_patch_1272_mask.tif,256,256,65536,13963,51573,0.213058,0.786942,3
Train,img_9_patch_1273_mask.tif,256,256,65536,6713,58823,0.102432,0.897568,2
Train,img_9_patch_1274_mask.tif,256,256,65536,2297,63239,0.035049,0.964951,3
Train,img_9_patch_1275_mask.tif,256,256,65536,6612,58924,0.100891,0.899109,2
Train,img_9_patch_1276_mask.tif,256,256,65536,11412,54124,0.174133,0.825867,2
Train,img_9_patch_1277_mask.tif,256,256,65536,14718,50818,0.224579,0.775421,1
Train,img_9_patch_1278_mask.tif,256,256,65536,19670,45866,0.300140,0.699860,1
Train,img_9_patch_1279_mask.tif,256,256,65536,15491,50045,0.236374,0.763626,1
Train,img_9_patch_1280_mask.tif,256,256,65536,10187,55349,0.155441,0.844559,1
Train,img_9_patch_1281_mask.tif,256,256,65536,5418,60118,0.082672,0.917328,1
Train,img_9_patch_1282_mask.tif,256,256,65536,185,65351,0.002823,0.997177,1
Train,img_9_patch_1283_mask.tif,256,256,65536,0,65536,0.000000,1.000000,0
Train,img_9_patch_1284_mask.tif,256,256,65536,0,65536,0.000000,1.000000,0
Train,img_9_patch_1285_mask.tif,256,256,65536,0,65536,0.000000,1.000000,0
Train,img_9_patch_1286_mask.tif,256,256,65536,0,65536,0.000000,1.000000,0
Train,img_9_patch_1287_mask.tif,256,256,65536,0,65536,0.000000,1.000000,0
Train,img_9_patch_1288_mask.tif,256,256,65536,0,65536,0.000000,1.000000,0
Train,img_9_patch_1289_mask.tif,256,256,65536,0,65536,0.000000,1.000000,0
Train,img_9_patch_1290_mask.tif,256,256,65536,0,65536,0.000000,1.000000,0
Train,img_9_patch_1291_mask.tif,256,256,65536,0,65536,0.000000,1.000000,0
Train,img_9_patch_1292_mask.tif,256,256,65536,0,65536,0.000000,1.000000,0
Train,img_9_patch_1293_mask.tif,256,256,65536,0,65536,0.000000,1.000000,0
Train,img_9_patch_1294_mask.tif,256,256,65536,0,65536,0.000000,1.000000,0
Train,img_9_patch_1295_mask.tif,256,256,65536,0,65536,0.000000,1.000000,0
Train,img_9_patch_1296_mask.tif,256,256,65536,0,65536,0.000000,1.000000,0
Train,img_9_patch_1297_mask.tif,256,256,65536,0,65536,0.000000,1.000000,0
Train,img_9_patch_1298_mask.tif,256,256,65536,0,65536,0.000000,1.000000,0
Train,img_9_patch_1299_mask.tif,256,256,65536,0,65536,0.000000,1.000000,0
Train,img_9_patch_1300_mask.tif,256,256,65536,0,65536,0.000000,1.000000,0
Train,img_9_patch_1301_mask.tif,256,256,65536,0,65536,0.000000,1.000000,0
Train,img_9_patch_1302_mask.tif,256,256,65536,0,65536,0.000000,1.000000,0
Train,img_9_patch_1303_mask.tif,256,256,65536,839,64697,0.012802,0.987198,1
Train,img_9_patch_1304_mask.tif,256,256,65536,14143,51393,0.215805,0.784195,1
Train,img_9_patch_1305_mask.tif,256,256,65536,27964,37572,0.426697,0.573303,1
Train,img_9_patch_1306_mask.tif,256,256,65536,39747,25789,0.606491,0.393509,1
Train,img_9_patch_1307_mask.tif,256,256,65536,50342,15194,0.768158,0.231842,3
Train,img_9_patch_1308_mask.tif,256,256,65536,48693,16843,0.742996,0.257004,3
Train,img_9_patch_1309_mask.tif,256,256,65536,44818,20718,0.683868,0.316132,3
Train,img_9_patch_1310_mask.tif,256,256,65536,40914,24622,0.624298,0.375702,5
Train,img_9_patch_1311_mask.tif,256,256,65536,38626,26910,0.589386,0.410614,2
Train,img_9_patch_1312_mask.tif,256,256,65536,36948,28588,0.563782,0.436218,4
Train,img_9_patch_1313_mask.tif,256,256,65536,37889,27647,0.578140,0.421860,3
Train,img_9_patch_1314_mask.tif,256,256,65536,38737,26799,0.591080,0.408920,3
Train,img_9_patch_1315_mask.tif,256,256,65536,35730,29806,0.545197,0.454803,3
Train,img_9_patch_1316_mask.tif,256,256,65536,29849,35687,0.455460,0.544540,3
Train,img_9_patch_1317_mask.tif,256,256,65536,19663,45873,0.300034,0.699966,2
Train,img_9_patch_1318_mask.tif,256,256,65536,11062,54474,0.168793,0.831207,3
Train,img_9_patch_1319_mask.tif,256,256,65536,9310,56226,0.142059,0.857941,3
Train,img_9_patch_1320_mask.tif,256,256,65536,14150,51386,0.215912,0.784088,4
Train,img_9_patch_1321_mask.tif,256,256,65536,23486,42050,0.358368,0.641632,2
Train,img_9_patch_1322_mask.tif,256,256,65536,34212,31324,0.522034,0.477966,1
Train,img_9_patch_1323_mask.tif,256,256,65536,37627,27909,0.574142,0.425858,1
Train,img_9_patch_1324_mask.tif,256,256,65536,33130,32406,0.505524,0.494476,1
Train,img_9_patch_1325_mask.tif,256,256,65536,23142,42394,0.353119,0.646881,1
Train,img_9_patch_1326_mask.tif,256,256,65536,12290,53246,0.187531,0.812469,2
Train,img_9_patch_1327_mask.tif,256,256,65536,4873,60663,0.074356,0.925644,2
Train,img_9_patch_1328_mask.tif,256,256,65536,2888,62648,0.044067,0.955933,2
Train,img_9_patch_1329_mask.tif,256,256,65536,11299,54237,0.172409,0.827591,1
Train,img_9_patch_1330_mask.tif,256,256,65536,18977,46559,0.289566,0.710434,1
Train,img_9_patch_1331_mask.tif,256,256,65536,23168,42368,0.353516,0.646484,1
Train,img_9_patch_1332_mask.tif,256,256,65536,22888,42648,0.349243,0.650757,1
Train,img_9_patch_1333_mask.tif,256,256,65536,14428,51108,0.220154,0.779846,1
Train,img_9_patch_1334_mask.tif,256,256,65536,6750,58786,0.102997,0.897003,1
Train,img_9_patch_1335_mask.tif,256,256,65536,2174,63362,0.033173,0.966827,1
Train,img_9_patch_1336_mask.tif,256,256,65536,0,65536,0.000000,1.000000,0
Train,img_9_patch_1337_mask.tif,256,256,65536,0,65536,0.000000,1.000000,0
Train,img_9_patch_1338_mask.tif,256,256,65536,0,65536,0.000000,1.000000,0
Train,img_9_patch_1339_mask.tif,256,256,65536,0,65536,0.000000,1.000000,0
Train,img_9_patch_1340_mask.tif,256,256,65536,0,65536,0.000000,1.000000,0
Train,img_9_patch_1341_mask.tif,256,256,65536,0,65536,0.000000,1.000000,0
Train,img_9_patch_1342_mask.tif,256,256,65536,0,65536,0.000000,1.000000,0
Train,img_9_patch_1343_mask.tif,256,256,65536,0,65536,0.000000,1.000000,0
Train,img_9_patch_1344_mask.tif,256,256,65536,0,65536,0.000000,1.000000,0
Train,img_9_patch_1345_mask.tif,256,256,65536,0,65536,0.000000,1.000000,0
Train,img_9_patch_1346_mask.tif,256,256,65536,0,65536,0.000000,1.000000,0
Train,img_9_patch_1347_mask.tif,256,256,65536,0,65536,0.000000,1.000000,0
Train,img_9_patch_1348_mask.tif,256,256,65536,0,65536,0.000000,1.000000,0
Train,img_9_patch_1349_mask.tif,256,256,65536,0,65536,0.000000,1.000000,0
Train,img_9_patch_1350_mask.tif,256,256,65536,0,65536,0.000000,1.000000,0
Train,img_9_patch_1351_mask.tif,256,256,65536,0,65536,0.000000,1.000000,0
Train,img_9_patch_1352_mask.tif,256,256,65536,0,65536,0.000000,1.000000,0
Train,img_9_patch_1353_mask.tif,256,256,65536,0,65536,0.000000,1.000000,0
Train,img_9_patch_1354_mask.tif,256,256,65536,0,65536,0.000000,1.000000,0
Train,img_9_patch_1355_mask.tif,256,256,65536,0,65536,0.000000,1.000000,0
Train,img_9_patch_1356_mask.tif,256,256,65536,0,65536,0.000000,1.000000,0
Train,img_9_patch_1357_mask.tif,256,256,65536,163,65373,0.002487,0.997513,1
Train,img_9_patch_1358_mask.tif,256,256,65536,9665,55871,0.147476,0.852524,2
Train,img_9_patch_1359_mask.tif,256,256,65536,20712,44824,0.316040,0.683960,2
Train,img_9_patch_1360_mask.tif,256,256,65536,30248,35288,0.461548,0.538452,2
Train,img_9_patch_1361_mask.tif,256,256,65536,41496,24040,0.633179,0.366821,2
Train,img_9_patch_1362_mask.tif,256,256,65536,43649,21887,0.666031,0.333969,2
Train,img_9_patch_1363_mask.tif,256,256,65536,42548,22988,0.649231,0.350769,2
Train,img_9_patch_1364_mask.tif,256,256,65536,41102,24434,0.627167,0.372833,4
Train,img_9_patch_1365_mask.tif,256,256,65536,39211,26325,0.598312,0.401688,2
Train,img_9_patch_1366_mask.tif,256,256,65536,37539,27997,0.572800,0.427200,5
Train,img_9_patch_1367_mask.tif,256,256,65536,38480,27056,0.587158,0.412842,4
Train,img_9_patch_1368_mask.tif,256,256,65536,38469,27067,0.586990,0.413010,4
Train,img_9_patch_1369_mask.tif,256,256,65536,31372,34164,0.478699,0.521301,4
Train,img_9_patch_1370_mask.tif,256,256,65536,21922,43614,0.334503,0.665497,4
Train,img_9_patch_1371_mask.tif,256,256,65536,11035,54501,0.168381,0.831619,3
Train,img_9_patch_1372_mask.tif,256,256,65536,4608,60928,0.070312,0.929688,4
Train,img_9_patch_1373_mask.tif,256,256,65536,10668,54868,0.162781,0.837219,2
Train,img_9_patch_1374_mask.tif,256,256,65536,23167,42369,0.353500,0.646500,2
Train,img_9_patch_1375_mask.tif,256,256,65536,35414,30122,0.540375,0.459625,1
Train,img_9_patch_1376_mask.tif,256,256,65536,42655,22881,0.650864,0.349136,1
Train,img_9_patch_1377_mask.tif,256,256,65536,38062,27474,0.580780,0.419220,2
Train,img_9_patch_1378_mask.tif,256,256,65536,26750,38786,0.408173,0.591827,2
Train,img_9_patch_1379_mask.tif,256,256,65536,14552,50984,0.222046,0.777954,2
Train,img_9_patch_1380_mask.tif,256,256,65536,5794,59742,0.088409,0.911591,3
Train,img_9_patch_1381_mask.tif,256,256,65536,5219,60317,0.079636,0.920364,2
Train,img_9_patch_1382_mask.tif,256,256,65536,9932,55604,0.151550,0.848450,2
Train,img_9_patch_1383_mask.tif,256,256,65536,20908,44628,0.319031,0.680969,1
Train,img_9_patch_1384_mask.tif,256,256,65536,28530,37006,0.435333,0.564667,1
Train,img_9_patch_1385_mask.tif,256,256,65536,27097,38439,0.413467,0.586533,1
Train,img_9_patch_1386_mask.tif,256,256,65536,20751,44785,0.316635,0.683365,1
Train,img_9_patch_1387_mask.tif,256,256,65536,9726,55810,0.148407,0.851593,1
Train,img_9_patch_1388_mask.tif,256,256,65536,1969,63567,0.030045,0.969955,1
Train,img_9_patch_1389_mask.tif,256,256,65536,87,65449,0.001328,0.998672,1
Train,img_9_patch_1390_mask.tif,256,256,65536,0,65536,0.000000,1.000000,0
Train,img_9_patch_1391_mask.tif,256,256,65536,0,65536,0.000000,1.000000,0
Train,img_9_patch_1392_mask.tif,256,256,65536,0,65536,0.000000,1.000000,0
Train,img_9_patch_1393_mask.tif,256,256,65536,0,65536,0.000000,1.000000,0
Train,img_9_patch_1394_mask.tif,256,256,65536,0,65536,0.000000,1.000000,0
Train,img_9_patch_1395_mask.tif,256,256,65536,0,65536,0.000000,1.000000,0
Train,img_9_patch_1396_mask.tif,256,256,65536,0,65536,0.000000,1.000000,0
Train,img_9_patch_1397_mask.tif,256,256,65536,0,65536,0.000000,1.000000,0
Train,img_9_patch_1398_mask.tif,256,256,65536,0,65536,0.000000,1.000000,0
Train,img_9_patch_1399_mask.tif,256,256,65536,0,65536,0.000000,1.000000,0
Train,img_9_patch_1400_mask.tif,256,256,65536,0,65536,0.000000,1.000000,0
Train,img_9_patch_1401_mask.tif,256,256,65536,0,65536,0.000000,1.000000,0
Train,img_9_patch_1402_mask.tif,256,256,65536,0,65536,0.000000,1.000000,0
Train,img_9_patch_1403_mask.tif,256,256,65536,0,65536,0.000000,1.000000,0
Train,img_9_patch_1404_mask.tif,256,256,65536,0,65536,0.000000,1.000000,0
Train,img_9_patch_1405_mask.tif,256,256,65536,0,65536,0.000000,1.000000,0
Train,img_9_patch_1406_mask.tif,256,256,65536,0,65536,0.000000,1.000000,0
Train,img_9_patch_1407_mask.tif,256,256,65536,0,65536,0.000000,1.000000,0
Train,img_9_patch_1408_mask.tif,256,256,65536,0,65536,0.000000,1.000000,0
Train,img_9_patch_1409_mask.tif,256,256,65536,0,65536,0.000000,1.000000,0
Train,img_9_patch_1410_mask.tif,256,256,65536,0,65536,0.000000,1.000000,0
Train,img_9_patch_1411_mask.tif,256,256,65536,0,65536,0.000000,1.000000,0
Train,img_9_patch_1412_mask.tif,256,256,65536,8094,57442,0.123505,0.876495,2
Train,img_9_patch_1413_mask.tif,256,256,65536,19141,46395,0.292068,0.707932,2
Train,img_9_patch_1414_mask.tif,256,256,65536,28677,36859,0.437576,0.562424,2
Train,img_9_patch_1415_mask.tif,256,256,65536,40088,25448,0.611694,0.388306,2
Train,img_9_patch_1416_mask.tif,256,256,65536,43807,21729,0.668442,0.331558,3
Train,img_9_patch_1417_mask.tif,256,256,65536,44852,20684,0.684387,0.315613,3
Train,img_9_patch_1418_mask.tif,256,256,65536,46838,18698,0.714691,0.285309,5
Train,img_9_patch_1419_mask.tif,256,256,65536,49043,16493,0.748337,0.251663,3
Train,img_9_patch_1420_mask.tif,256,256,65536,50292,15244,0.767395,0.232605,3
Train,img_9_patch_1421_mask.tif,256,256,65536,50162,15374,0.765411,0.234589,2
Train,img_9_patch_1422_mask.tif,256,256,65536,47621,17915,0.726639,0.273361,3
Train,img_9_patch_1423_mask.tif,256,256,65536,37180,28356,0.567322,0.432678,2
Train,img_9_patch_1424_mask.tif,256,256,65536,24118,41418,0.368011,0.631989,2
Train,img_9_patch_1425_mask.tif,256,256,65536,12156,53380,0.185486,0.814514,1
Train,img_9_patch_1426_mask.tif,256,256,65536,7725,57811,0.117874,0.882126,3
Train,img_9_patch_1427_mask.tif,256,256,65536,16208,49328,0.247314,0.752686,1
Train,img_9_patch_1428_mask.tif,256,256,65536,31556,33980,0.481506,0.518494,1
Train,img_9_patch_1429_mask.tif,256,256,65536,42724,22812,0.651917,0.348083,1
Train,img_9_patch_1430_mask.tif,256,256,65536,43409,22127,0.662369,0.337631,1
Train,img_9_patch_1431_mask.tif,256,256,65536,34433,31103,0.525406,0.474594,1
Train,img_9_patch_1432_mask.tif,256,256,65536,19085,46451,0.291214,0.708786,2
Train,img_9_patch_1433_mask.tif,256,256,65536,8042,57494,0.122711,0.877289,3
Train,img_9_patch_1434_mask.tif,256,256,65536,5425,60111,0.082779,0.917221,2
Train,img_9_patch_1435_mask.tif,256,256,65536,9585,55951,0.146255,0.853745,1
Train,img_9_patch_1436_mask.tif,256,256,65536,16415,49121,0.250473,0.749527,1
Train,img_9_patch_1437_mask.tif,256,256,65536,26529,39007,0.404800,0.595200,1
Train,img_9_patch_1438_mask.tif,256,256,65536,29281,36255,0.446793,0.553207,1
Train,img_9_patch_1439_mask.tif,256,256,65536,22439,43097,0.342392,0.657608,1
Train,img_9_patch_1440_mask.tif,256,256,65536,15609,49927,0.238174,0.761826,1
Train,img_9_patch_1441_mask.tif,256,256,65536,5370,60166,0.081940,0.918060,1
Train,img_9_patch_1442_mask.tif,256,256,65536,0,65536,0.000000,1.000000,0
Train,img_9_patch_1443_mask.tif,256,256,65536,0,65536,0.000000,1.000000,0
Train,img_9_patch_1444_mask.tif,256,256,65536,0,65536,0.000000,1.000000,0
Train,img_9_patch_1445_mask.tif,256,256,65536,0,65536,0.000000,1.000000,0
Train,img_9_patch_1446_mask.tif,256,256,65536,0,65536,0.000000,1.000000,0
Train,img_9_patch_1447_mask.tif,256,256,65536,0,65536,0.000000,1.000000,0
Train,img_9_patch_1448_mask.tif,256,256,65536,0,65536,0.000000,1.000000,0
Train,img_9_patch_1449_mask.tif,256,256,65536,0,65536,0.000000,1.000000,0
Train,img_9_patch_1450_mask.tif,256,256,65536,0,65536,0.000000,1.000000,0
Train,img_9_patch_1451_mask.tif,256,256,65536,0,65536,0.000000,1.000000,0
Train,img_9_patch_1452_mask.tif,256,256,65536,0,65536,0.000000,1.000000,0
Train,img_9_patch_1453_mask.tif,256,256,65536,0,65536,0.000000,1.000000,0
Train,img_9_patch_1454_mask.tif,256,256,65536,0,65536,0.000000,1.000000,0
Train,img_9_patch_1455_mask.tif,256,256,65536,0,65536,0.000000,1.000000,0
Train,img_9_patch_1456_mask.tif,256,256,65536,0,65536,0.000000,1.000000,0
Train,img_9_patch_1457_mask.tif,256,256,65536,0,65536,0.000000,1.000000,0
Train,img_9_patch_1458_mask.tif,256,256,65536,0,65536,0.000000,1.000000,0
Train,img_9_patch_1459_mask.tif,256,256,65536,0,65536,0.000000,1.000000,0
Train,img_9_patch_1460_mask.tif,256,256,65536,0,65536,0.000000,1.000000,0
Train,img_9_patch_1461_mask.tif,256,256,65536,0,65536,0.000000,1.000000,0
Train,img_9_patch_1462_mask.tif,256,256,65536,0,65536,0.000000,1.000000,0
Train,img_9_patch_1463_mask.tif,256,256,65536,0,65536,0.000000,1.000000,0
Train,img_9_patch_1464_mask.tif,256,256,65536,0,65536,0.000000,1.000000,0
Train,img_9_patch_1465_mask.tif,256,256,65536,0,65536,0.000000,1.000000,0
Train,img_9_patch_1466_mask.tif,256,256,65536,6578,58958,0.100372,0.899628,2
Train,img_9_patch_1467_mask.tif,256,256,65536,17625,47911,0.268936,0.731064,2
Train,img_9_patch_1468_mask.tif,256,256,65536,27942,37594,0.426361,0.573639,2
Train,img_9_patch_1469_mask.tif,256,256,65536,41110,24426,0.627289,0.372711,2
Train,img_9_patch_1470_mask.tif,256,256,65536,49999,15537,0.762924,0.237076,2
Train,img_9_patch_1471_mask.tif,256,256,65536,54969,10567,0.838760,0.161240,2
Train,img_9_patch_1472_mask.tif,256,256,65536,60196,5340,0.918518,0.081482,1
Train,img_9_patch_1473_mask.tif,256,256,65536,63147,2389,0.963547,0.036453,1
Train,img_9_patch_1474_mask.tif,256,256,65536,63823,1713,0.973862,0.026138,1
Train,img_9_patch_1475_mask.tif,256,256,65536,62989,2547,0.961136,0.038864,1
Train,img_9_patch_1476_mask.tif,256,256,65536,60522,5014,0.923492,0.076508,2
Train,img_9_patch_1477_mask.tif,256,256,65536,51379,14157,0.783981,0.216019,1
Train,img_9_patch_1478_mask.tif,256,256,65536,35558,29978,0.542572,0.457428,1
Train,img_9_patch_1479_mask.tif,256,256,65536,20882,44654,0.318634,0.681366,2
Train,img_9_patch_1480_mask.tif,256,256,65536,15270,50266,0.233002,0.766998,3
Train,img_9_patch_1481_mask.tif,256,256,65536,20373,45163,0.310867,0.689133,2
Train,img_9_patch_1482_mask.tif,256,256,65536,32118,33418,0.490082,0.509918,1
Train,img_9_patch_1483_mask.tif,256,256,65536,40873,24663,0.623672,0.376328,1
Train,img_9_patch_1484_mask.tif,256,256,65536,34562,30974,0.527374,0.472626,2
Train,img_9_patch_1485_mask.tif,256,256,65536,22737,42799,0.346939,0.653061,2
Train,img_9_patch_1486_mask.tif,256,256,65536,10670,54866,0.162811,0.837189,3
Train,img_9_patch_1487_mask.tif,256,256,65536,3649,61887,0.055679,0.944321,4
Train,img_9_patch_1488_mask.tif,256,256,65536,8977,56559,0.136978,0.863022,2
Train,img_9_patch_1489_mask.tif,256,256,65536,16928,48608,0.258301,0.741699,1
Train,img_9_patch_1490_mask.tif,256,256,65536,23477,42059,0.358231,0.641769,1
Train,img_9_patch_1491_mask.tif,256,256,65536,27897,37639,0.425674,0.574326,1
Train,img_9_patch_1492_mask.tif,256,256,65536,23878,41658,0.364349,0.635651,1
Train,img_9_patch_1493_mask.tif,256,256,65536,15673,49863,0.239151,0.760849,1
Train,img_9_patch_1494_mask.tif,256,256,65536,9124,56412,0.139221,0.860779,1
Train,img_9_patch_1495_mask.tif,256,256,65536,2463,63073,0.037582,0.962418,1
Train,img_9_patch_1496_mask.tif,256,256,65536,0,65536,0.000000,1.000000,0
Train,img_9_patch_1497_mask.tif,256,256,65536,0,65536,0.000000,1.000000,0
Train,img_9_patch_1498_mask.tif,256,256,65536,0,65536,0.000000,1.000000,0
Train,img_9_patch_1499_mask.tif,256,256,65536,0,65536,0.000000,1.000000,0
Train,img_9_patch_1500_mask.tif,256,256,65536,0,65536,0.000000,1.000000,0
Train,img_9_patch_1501_mask.tif,256,256,65536,0,65536,0.000000,1.000000,0
Train,img_9_patch_1502_mask.tif,256,256,65536,0,65536,0.000000,1.000000,0
Train,img_9_patch_1503_mask.tif,256,256,65536,0,65536,0.000000,1.000000,0
Train,img_9_patch_1504_mask.tif,256,256,65536,0,65536,0.000000,1.000000,0
Train,img_9_patch_1505_mask.tif,256,256,65536,0,65536,0.000000,1.000000,0
Train,img_9_patch_1506_mask.tif,256,256,65536,0,65536,0.000000,1.000000,0
Train,img_9_patch_1507_mask.tif,256,256,65536,0,65536,0.000000,1.000000,0
Train,img_9_patch_1508_mask.tif,256,256,65536,0,65536,0.000000,1.000000,0
Train,img_9_patch_1509_mask.tif,256,256,65536,0,65536,0.000000,1.000000,0
Train,img_9_patch_1510_mask.tif,256,256,65536,0,65536,0.000000,1.000000,0
Train,img_9_patch_1511_mask.tif,256,256,65536,0,65536,0.000000,1.000000,0
Train,img_9_patch_1512_mask.tif,256,256,65536,0,65536,0.000000,1.000000,0
Train,img_9_patch_1513_mask.tif,256,256,65536,0,65536,0.000000,1.000000,0
Train,img_9_patch_1514_mask.tif,256,256,65536,0,65536,0.000000,1.000000,0
Train,img_9_patch_1515_mask.tif,256,256,65536,0,65536,0.000000,1.000000,0
Train,img_9_patch_1516_mask.tif,256,256,65536,0,65536,0.000000,1.000000,0
Train,img_9_patch_1517_mask.tif,256,256,65536,0,65536,0.000000,1.000000,0
Train,img_9_patch_1518_mask.tif,256,256,65536,0,65536,0.000000,1.000000,0
Train,img_9_patch_1519_mask.tif,256,256,65536,0,65536,0.000000,1.000000,0
Train,img_9_patch_1520_mask.tif,256,256,65536,7432,58104,0.113403,0.886597,1
Train,img_9_patch_1521_mask.tif,256,256,65536,21042,44494,0.321075,0.678925,1
Train,img_9_patch_1522_mask.tif,256,256,65536,35179,30357,0.536789,0.463211,1
Train,img_9_patch_1523_mask.tif,256,256,65536,51540,13996,0.786438,0.213562,1
Train,img_9_patch_1524_mask.tif,256,256,65536,60492,5044,0.923035,0.076965,1
Train,img_9_patch_1525_mask.tif,256,256,65536,63266,2270,0.965363,0.034637,1
Train,img_9_patch_1526_mask.tif,256,256,65536,65513,23,0.999649,0.000351,1
Train,img_9_patch_1527_mask.tif,256,256,65536,65536,0,1.000000,0.000000,1
Train,img_9_patch_1528_mask.tif,256,256,65536,65536,0,1.000000,0.000000,1
Train,img_9_patch_1529_mask.tif,256,256,65536,65536,0,1.000000,0.000000,1
Train,img_9_patch_1530_mask.tif,256,256,65536,64499,1037,0.984177,0.015823,2
Train,img_9_patch_1531_mask.tif,256,256,65536,58292,7244,0.889465,0.110535,1
Train,img_9_patch_1532_mask.tif,256,256,65536,42230,23306,0.644379,0.355621,1
Train,img_9_patch_1533_mask.tif,256,256,65536,28093,37443,0.428665,0.571335,2
Train,img_9_patch_1534_mask.tif,256,256,65536,23843,41693,0.363815,0.636185,3
Train,img_9_patch_1535_mask.tif,256,256,65536,23846,41690,0.363861,0.636139,2
Train,img_9_patch_1536_mask.tif,256,256,65536,31495,34041,0.480576,0.519424,1
Train,img_9_patch_1537_mask.tif,256,256,65536,35602,29934,0.543243,0.456757,1
Train,img_9_patch_1538_mask.tif,256,256,65536,24837,40699,0.378983,0.621017,1
Train,img_9_patch_1539_mask.tif,256,256,65536,14657,50879,0.223648,0.776352,1
Train,img_9_patch_1540_mask.tif,256,256,65536,9300,56236,0.141907,0.858093,3
Train,img_9_patch_1541_mask.tif,256,256,65536,9276,56260,0.141541,0.858459,2
Train,img_9_patch_1542_mask.tif,256,256,65536,17337,48199,0.264542,0.735458,1
Train,img_9_patch_1543_mask.tif,256,256,65536,25157,40379,0.383865,0.616135,1
Train,img_9_patch_1544_mask.tif,256,256,65536,26919,38617,0.410751,0.589249,1
Train,img_9_patch_1545_mask.tif,256,256,65536,23708,41828,0.361755,0.638245,3
Train,img_9_patch_1546_mask.tif,256,256,65536,15404,50132,0.235046,0.764954,3
Train,img_9_patch_1547_mask.tif,256,256,65536,7584,57952,0.115723,0.884277,3
Train,img_9_patch_1548_mask.tif,256,256,65536,3208,62328,0.048950,0.951050,3
Train,img_9_patch_1549_mask.tif,256,256,65536,89,65447,0.001358,0.998642,1
Train,img_9_patch_1550_mask.tif,256,256,65536,0,65536,0.000000,1.000000,0
Train,img_9_patch_1551_mask.tif,256,256,65536,0,65536,0.000000,1.000000,0
Train,img_9_patch_1552_mask.tif,256,256,65536,0,65536,0.000000,1.000000,0
Train,img_9_patch_1553_mask.tif,256,256,65536,0,65536,0.000000,1.000000,0
Train,img_9_patch_1554_mask.tif,256,256,65536,0,65536,0.000000,1.000000,0
Train,img_9_patch_1555_mask.tif,256,256,65536,0,65536,0.000000,1.000000,0
Train,img_9_patch_1556_mask.tif,256,256,65536,0,65536,0.000000,1.000000,0
Train,img_9_patch_1557_mask.tif,256,256,65536,0,65536,0.000000,1.000000,0
Train,img_9_patch_1558_mask.tif,256,256,65536,0,65536,0.000000,1.000000,0
Train,img_9_patch_1559_mask.tif,256,256,65536,0,65536,0.000000,1.000000,0
Train,img_9_patch_1560_mask.tif,256,256,65536,0,65536,0.000000,1.000000,0
Train,img_9_patch_1561_mask.tif,256,256,65536,0,65536,0.000000,1.000000,0
Train,img_9_patch_1562_mask.tif,256,256,65536,0,65536,0.000000,1.000000,0
Train,img_9_patch_1563_mask.tif,256,256,65536,0,65536,0.000000,1.000000,0
Train,img_9_patch_1564_mask.tif,256,256,65536,0,65536,0.000000,1.000000,0
Train,img_9_patch_1565_mask.tif,256,256,65536,0,65536,0.000000,1.000000,0
Train,img_9_patch_1566_mask.tif,256,256,65536,0,65536,0.000000,1.000000,0
Train,img_9_patch_1567_mask.tif,256,256,65536,0,65536,0.000000,1.000000,0
Train,img_9_patch_1568_mask.tif,256,256,65536,0,65536,0.000000,1.000000,0
Train,img_9_patch_1569_mask.tif,256,256,65536,0,65536,0.000000,1.000000,0
Train,img_9_patch_1570_mask.tif,256,256,65536,0,65536,0.000000,1.000000,0
Train,img_9_patch_1571_mask.tif,256,256,65536,0,65536,0.000000,1.000000,0
Train,img_9_patch_1572_mask.tif,256,256,65536,0,65536,0.000000,1.000000,0
Train,img_9_patch_1573_mask.tif,256,256,65536,0,65536,0.000000,1.000000,0
Train,img_9_patch_1574_mask.tif,256,256,65536,8873,56663,0.135391,0.864609,1
Train,img_9_patch_1575_mask.tif,256,256,65536,25257,40279,0.385391,0.614609,1
Train,img_9_patch_1576_mask.tif,256,256,65536,41641,23895,0.635391,0.364609,1
Train,img_9_patch_1577_mask.tif,256,256,65536,58025,7511,0.885391,0.114609,1
Train,img_9_patch_1578_mask.tif,256,256,65536,65536,0,1.000000,0.000000,1
Train,img_9_patch_1579_mask.tif,256,256,65536,65536,0,1.000000,0.000000,1
Train,img_9_patch_1580_mask.tif,256,256,65536,65536,0,1.000000,0.000000,1
Train,img_9_patch_1581_mask.tif,256,256,65536,65536,0,1.000000,0.000000,1
Train,img_9_patch_1582_mask.tif,256,256,65536,65536,0,1.000000,0.000000,1
Train,img_9_patch_1583_mask.tif,256,256,65536,65536,0,1.000000,0.000000,1
Train,img_9_patch_1584_mask.tif,256,256,65536,65146,390,0.994049,0.005951,2
Train,img_9_patch_1585_mask.tif,256,256,65536,59809,5727,0.912613,0.087387,1
Train,img_9_patch_1586_mask.tif,256,256,65536,43747,21789,0.667526,0.332474,1
Train,img_9_patch_1587_mask.tif,256,256,65536,32421,33115,0.494705,0.505295,2
Train,img_9_patch_1588_mask.tif,256,256,65536,27089,38447,0.413345,0.586655,2
Train,img_9_patch_1589_mask.tif,256,256,65536,22126,43410,0.337616,0.662384,2
Train,img_9_patch_1590_mask.tif,256,256,65536,25679,39857,0.391830,0.608170,1
Train,img_9_patch_1591_mask.tif,256,256,65536,24765,40771,0.377884,0.622116,1
Train,img_9_patch_1592_mask.tif,256,256,65536,14435,51101,0.220261,0.779739,1
Train,img_9_patch_1593_mask.tif,256,256,65536,9239,56297,0.140976,0.859024,2
Train,img_9_patch_1594_mask.tif,256,256,65536,12034,53502,0.183624,0.816376,3
Train,img_9_patch_1595_mask.tif,256,256,65536,18025,47511,0.275040,0.724960,2
Train,img_9_patch_1596_mask.tif,256,256,65536,26431,39105,0.403305,0.596695,1
Train,img_9_patch_1597_mask.tif,256,256,65536,30433,35103,0.464371,0.535629,1
Train,img_9_patch_1598_mask.tif,256,256,65536,24935,40601,0.380478,0.619522,2
Train,img_9_patch_1599_mask.tif,256,256,65536,15872,49664,0.242188,0.757812,4
Train,img_9_patch_1600_mask.tif,256,256,65536,7153,58383,0.109146,0.890854,4
Train,img_9_patch_1601_mask.tif,256,256,65536,2263,63273,0.034531,0.965469,4
Train,img_9_patch_1602_mask.tif,256,256,65536,1091,64445,0.016647,0.983353,3
Train,img_9_patch_1603_mask.tif,256,256,65536,19,65517,0.000290,0.999710,1
Train,img_9_patch_1604_mask.tif,256,256,65536,0,65536,0.000000,1.000000,0
Train,img_9_patch_1605_mask.tif,256,256,65536,0,65536,0.000000,1.000000,0
Train,img_9_patch_1606_mask.tif,256,256,65536,0,65536,0.000000,1.000000,0
Train,img_9_patch_1607_mask.tif,256,256,65536,0,65536,0.000000,1.000000,0
Train,img_9_patch_1608_mask.tif,256,256,65536,0,65536,0.000000,1.000000,0
Train,img_9_patch_1609_mask.tif,256,256,65536,0,65536,0.000000,1.000000,0
Train,img_9_patch_1610_mask.tif,256,256,65536,0,65536,0.000000,1.000000,0
Train,img_9_patch_1611_mask.tif,256,256,65536,0,65536,0.000000,1.000000,0
Train,img_9_patch_1612_mask.tif,256,256,65536,0,65536,0.000000,1.000000,0
Train,img_9_patch_1613_mask.tif,256,256,65536,0,65536,0.000000,1.000000,0
Train,img_9_patch_1614_mask.tif,256,256,65536,0,65536,0.000000,1.000000,0
Train,img_9_patch_1615_mask.tif,256,256,65536,0,65536,0.000000,1.000000,0
Train,img_9_patch_1616_mask.tif,256,256,65536,0,65536,0.000000,1.000000,0
Train,img_9_patch_1617_mask.tif,256,256,65536,0,65536,0.000000,1.000000,0
Train,img_9_patch_1618_mask.tif,256,256,65536,0,65536,0.000000,1.000000,0
Train,img_9_patch_1619_mask.tif,256,256,65536,0,65536,0.000000,1.000000,0
Train,img_9_patch_1620_mask.tif,256,256,65536,0,65536,0.000000,1.000000,0
Train,img_9_patch_1621_mask.tif,256,256,65536,0,65536,0.000000,1.000000,0
Train,img_9_patch_1622_mask.tif,256,256,65536,0,65536,0.000000,1.000000,0
Train,img_9_patch_1623_mask.tif,256,256,65536,0,65536,0.000000,1.000000,0
Train,img_9_patch_1624_mask.tif,256,256,65536,0,65536,0.000000,1.000000,0
Train,img_9_patch_1625_mask.tif,256,256,65536,0,65536,0.000000,1.000000,0
Train,img_9_patch_1626_mask.tif,256,256,65536,0,65536,0.000000,1.000000,0
Train,img_9_patch_1627_mask.tif,256,256,65536,0,65536,0.000000,1.000000,0
Train,img_9_patch_1628_mask.tif,256,256,65536,7424,58112,0.113281,0.886719,1
Train,img_9_patch_1629_mask.tif,256,256,65536,23808,41728,0.363281,0.636719,1
Train,img_9_patch_1630_mask.tif,256,256,65536,40192,25344,0.613281,0.386719,1
Train,img_9_patch_1631_mask.tif,256,256,65536,56576,8960,0.863281,0.136719,1
Train,img_9_patch_1632_mask.tif,256,256,65536,65536,0,1.000000,0.000000,1
Train,img_9_patch_1633_mask.tif,256,256,65536,65536,0,1.000000,0.000000,1
Train,img_9_patch_1634_mask.tif,256,256,65536,65536,0,1.000000,0.000000,1
Train,img_9_patch_1635_mask.tif,256,256,65536,65536,0,1.000000,0.000000,1
Train,img_9_patch_1636_mask.tif,256,256,65536,65536,0,1.000000,0.000000,1
Train,img_9_patch_1637_mask.tif,256,256,65536,65536,0,1.000000,0.000000,1
Train,img_9_patch_1638_mask.tif,256,256,65536,65450,86,0.998688,0.001312,1
Train,img_9_patch_1639_mask.tif,256,256,65536,57545,7991,0.878067,0.121933,1
Train,img_9_patch_1640_mask.tif,256,256,65536,41723,23813,0.636642,0.363358,3
Train,img_9_patch_1641_mask.tif,256,256,65536,32494,33042,0.495819,0.504181,3
Train,img_9_patch_1642_mask.tif,256,256,65536,24044,41492,0.366882,0.633118,5
Train,img_9_patch_1643_mask.tif,256,256,65536,20573,44963,0.313919,0.686081,4
Train,img_9_patch_1644_mask.tif,256,256,65536,22863,42673,0.348862,0.651138,4
Train,img_9_patch_1645_mask.tif,256,256,65536,18463,47073,0.281723,0.718277,3
Train,img_9_patch_1646_mask.tif,256,256,65536,10939,54597,0.166916,0.833084,4
Train,img_9_patch_1647_mask.tif,256,256,65536,10587,54949,0.161545,0.838455,3
Train,img_9_patch_1648_mask.tif,256,256,65536,16931,48605,0.258347,0.741653,3
Train,img_9_patch_1649_mask.tif,256,256,65536,24978,40558,0.381134,0.618866,2
Train,img_9_patch_1650_mask.tif,256,256,65536,30909,34627,0.471634,0.528366,1
Train,img_9_patch_1651_mask.tif,256,256,65536,28457,37079,0.434219,0.565781,2
Train,img_9_patch_1652_mask.tif,256,256,65536,22502,43034,0.343353,0.656647,3
Train,img_9_patch_1653_mask.tif,256,256,65536,13911,51625,0.212265,0.787735,6
Train,img_9_patch_1654_mask.tif,256,256,65536,7785,57751,0.118790,0.881210,7
Train,img_9_patch_1655_mask.tif,256,256,65536,6129,59407,0.093521,0.906479,7
Train,img_9_patch_1656_mask.tif,256,256,65536,2888,62648,0.044067,0.955933,7
Train,img_9_patch_1657_mask.tif,256,256,65536,677,64859,0.010330,0.989670,3
Train,img_9_patch_1658_mask.tif,256,256,65536,548,64988,0.008362,0.991638,2
Train,img_9_patch_1659_mask.tif,256,256,65536,0,65536,0.000000,1.000000,0
Train,img_9_patch_1660_mask.tif,256,256,65536,0,65536,0.000000,1.000000,0
Train,img_9_patch_1661_mask.tif,256,256,65536,0,65536,0.000000,1.000000,0
Train,img_9_patch_1662_mask.tif,256,256,65536,0,65536,0.000000,1.000000,0
Train,img_9_patch_1663_mask.tif,256,256,65536,0,65536,0.000000,1.000000,0
Train,img_9_patch_1664_mask.tif,256,256,65536,0,65536,0.000000,1.000000,0
Train,img_9_patch_1665_mask.tif,256,256,65536,0,65536,0.000000,1.000000,0
Train,img_9_patch_1666_mask.tif,256,256,65536,0,65536,0.000000,1.000000,0
Train,img_9_patch_1667_mask.tif,256,256,65536,0,65536,0.000000,1.000000,0
Train,img_9_patch_1668_mask.tif,256,256,65536,0,65536,0.000000,1.000000,0
Train,img_9_patch_1669_mask.tif,256,256,65536,0,65536,0.000000,1.000000,0
Train,img_9_patch_1670_mask.tif,256,256,65536,0,65536,0.000000,1.000000,0
Train,img_9_patch_1671_mask.tif,256,256,65536,0,65536,0.000000,1.000000,0
Train,img_9_patch_1672_mask.tif,256,256,65536,0,65536,0.000000,1.000000,0
Train,img_9_patch_1673_mask.tif,256,256,65536,0,65536,0.000000,1.000000,0
Train,img_9_patch_1674_mask.tif,256,256,65536,0,65536,0.000000,1.000000,0
Train,img_9_patch_1675_mask.tif,256,256,65536,0,65536,0.000000,1.000000,0
Train,img_9_patch_1676_mask.tif,256,256,65536,0,65536,0.000000,1.000000,0
Train,img_9_patch_1677_mask.tif,256,256,65536,0,65536,0.000000,1.000000,0
Train,img_9_patch_1678_mask.tif,256,256,65536,0,65536,0.000000,1.000000,0
Train,img_9_patch_1679_mask.tif,256,256,65536,0,65536,0.000000,1.000000,0
Train,img_9_patch_1680_mask.tif,256,256,65536,0,65536,0.000000,1.000000,0
Train,img_9_patch_1681_mask.tif,256,256,65536,0,65536,0.000000,1.000000,0
Train,img_9_patch_1682_mask.tif,256,256,65536,5960,59576,0.090942,0.909058,1
Train,img_9_patch_1683_mask.tif,256,256,65536,22344,43192,0.340942,0.659058,1
Train,img_9_patch_1684_mask.tif,256,256,65536,38728,26808,0.590942,0.409058,1
Train,img_9_patch_1685_mask.tif,256,256,65536,55112,10424,0.840942,0.159058,1
Train,img_9_patch_1686_mask.tif,256,256,65536,65536,0,1.000000,0.000000,1
Train,img_9_patch_1687_mask.tif,256,256,65536,65536,0,1.000000,0.000000,1
Train,img_9_patch_1688_mask.tif,256,256,65536,65536,0,1.000000,0.000000,1
Train,img_9_patch_1689_mask.tif,256,256,65536,65536,0,1.000000,0.000000,1
Train,img_9_patch_1690_mask.tif,256,256,65536,65536,0,1.000000,0.000000,1
Train,img_9_patch_1691_mask.tif,256,256,65536,65536,0,1.000000,0.000000,1
Train,img_9_patch_1692_mask.tif,256,256,65536,63852,1684,0.974304,0.025696,1
Train,img_9_patch_1693_mask.tif,256,256,65536,52146,13390,0.795685,0.204315,1
Train,img_9_patch_1694_mask.tif,256,256,65536,36943,28593,0.563705,0.436295,3
Train,img_9_patch_1695_mask.tif,256,256,65536,30341,35195,0.462967,0.537033,3
Train,img_9_patch_1696_mask.tif,256,256,65536,22202,43334,0.338776,0.661224,5
Train,img_9_patch_1697_mask.tif,256,256,65536,24660,40876,0.376282,0.623718,2
Train,img_9_patch_1698_mask.tif,256,256,65536,29779,35757,0.454391,0.545609,2
Train,img_9_patch_1699_mask.tif,256,256,65536,22352,43184,0.341064,0.658936,2
Train,img_9_patch_1700_mask.tif,256,256,65536,16100,49436,0.245667,0.754333,3
Train,img_9_patch_1701_mask.tif,256,256,65536,14456,51080,0.220581,0.779419,2
Train,img_9_patch_1702_mask.tif,256,256,65536,17414,48122,0.265717,0.734283,2
Train,img_9_patch_1703_mask.tif,256,256,65536,23745,41791,0.362320,0.637680,1
Train,img_9_patch_1704_mask.tif,256,256,65536,26220,39316,0.400085,0.599915,2
Train,img_9_patch_1705_mask.tif,256,256,65536,25507,40029,0.389206,0.610794,2
Train,img_9_patch_1706_mask.tif,256,256,65536,23586,41950,0.359894,0.640106,3
Train,img_9_patch_1707_mask.tif,256,256,65536,18602,46934,0.283844,0.716156,6
Train,img_9_patch_1708_mask.tif,256,256,65536,15947,49589,0.243332,0.756668,6
Train,img_9_patch_1709_mask.tif,256,256,65536,11716,53820,0.178772,0.821228,7
Train,img_9_patch_1710_mask.tif,256,256,65536,4379,61157,0.066818,0.933182,8
Train,img_9_patch_1711_mask.tif,256,256,65536,677,64859,0.010330,0.989670,3
Train,img_9_patch_1712_mask.tif,256,256,65536,548,64988,0.008362,0.991638,2
Train,img_9_patch_1713_mask.tif,256,256,65536,0,65536,0.000000,1.000000,0
Train,img_9_patch_1714_mask.tif,256,256,65536,0,65536,0.000000,1.000000,0
Train,img_9_patch_1715_mask.tif,256,256,65536,0,65536,0.000000,1.000000,0
Train,img_9_patch_1716_mask.tif,256,256,65536,0,65536,0.000000,1.000000,0
Train,img_9_patch_1717_mask.tif,256,256,65536,0,65536,0.000000,1.000000,0
Train,img_9_patch_1718_mask.tif,256,256,65536,0,65536,0.000000,1.000000,0
Train,img_9_patch_1719_mask.tif,256,256,65536,0,65536,0.000000,1.000000,0
Train,img_9_patch_1720_mask.tif,256,256,65536,0,65536,0.000000,1.000000,0
Train,img_9_patch_1721_mask.tif,256,256,65536,0,65536,0.000000,1.000000,0
Train,img_9_patch_1722_mask.tif,256,256,65536,0,65536,0.000000,1.000000,0
Train,img_9_patch_1723_mask.tif,256,256,65536,0,65536,0.000000,1.000000,0
Train,img_9_patch_1724_mask.tif,256,256,65536,0,65536,0.000000,1.000000,0
Train,img_9_patch_1725_mask.tif,256,256,65536,0,65536,0.000000,1.000000,0
Train,img_9_patch_1726_mask.tif,256,256,65536,0,65536,0.000000,1.000000,0
Train,img_9_patch_1727_mask.tif,256,256,65536,0,65536,0.000000,1.000000,0
Train,img_9_patch_1728_mask.tif,256,256,65536,0,65536,0.000000,1.000000,0
Train,img_9_patch_1729_mask.tif,256,256,65536,0,65536,0.000000,1.000000,0
Train,img_9_patch_1730_mask.tif,256,256,65536,0,65536,0.000000,1.000000,0
Train,img_9_patch_1731_mask.tif,256,256,65536,0,65536,0.000000,1.000000,0
Train,img_9_patch_1732_mask.tif,256,256,65536,0,65536,0.000000,1.000000,0
Train,img_9_patch_1733_mask.tif,256,256,65536,0,65536,0.000000,1.000000,0
Train,img_9_patch_1734_mask.tif,256,256,65536,0,65536,0.000000,1.000000,0
Train,img_9_patch_1735_mask.tif,256,256,65536,0,65536,0.000000,1.000000,0
Train,img_9_patch_1736_mask.tif,256,256,65536,4382,61154,0.066864,0.933136,1
Train,img_9_patch_1737_mask.tif,256,256,65536,20766,44770,0.316864,0.683136,1
Train,img_9_patch_1738_mask.tif,256,256,65536,37150,28386,0.566864,0.433136,1
Train,img_9_patch_1739_mask.tif,256,256,65536,53534,12002,0.816864,0.183136,1
Train,img_9_patch_1740_mask.tif,256,256,65536,65536,0,1.000000,0.000000,1
Train,img_9_patch_1741_mask.tif,256,256,65536,65536,0,1.000000,0.000000,1
Train,img_9_patch_1742_mask.tif,256,256,65536,65536,0,1.000000,0.000000,1
Train,img_9_patch_1743_mask.tif,256,256,65536,65536,0,1.000000,0.000000,1
Train,img_9_patch_1744_mask.tif,256,256,65536,65536,0,1.000000,0.000000,1
Train,img_9_patch_1745_mask.tif,256,256,65536,65536,0,1.000000,0.000000,1
Train,img_9_patch_1746_mask.tif,256,256,65536,62588,2948,0.955017,0.044983,1
Train,img_9_patch_1747_mask.tif,256,256,65536,47681,17855,0.727554,0.272446,1
Train,img_9_patch_1748_mask.tif,256,256,65536,33096,32440,0.505005,0.494995,4
Train,img_9_patch_1749_mask.tif,256,256,65536,28646,36890,0.437103,0.562897,3
Train,img_9_patch_1750_mask.tif,256,256,65536,22111,43425,0.337387,0.662613,5
Train,img_9_patch_1751_mask.tif,256,256,65536,30225,35311,0.461197,0.538803,2
Train,img_9_patch_1752_mask.tif,256,256,65536,36553,28983,0.557755,0.442245,2
Train,img_9_patch_1753_mask.tif,256,256,65536,26998,38538,0.411957,0.588043,2
Train,img_9_patch_1754_mask.tif,256,256,65536,20406,45130,0.311371,0.688629,2
Train,img_9_patch_1755_mask.tif,256,256,65536,16307,49229,0.248825,0.751175,2
Train,img_9_patch_1756_mask.tif,256,256,65536,14824,50712,0.226196,0.773804,2
Train,img_9_patch_1757_mask.tif,256,256,65536,17270,48266,0.263519,0.736481,4
Train,img_9_patch_1758_mask.tif,256,256,65536,21363,44173,0.325974,0.674026,4
Train,img_9_patch_1759_mask.tif,256,256,65536,24746,40790,0.377594,0.622406,4
Train,img_9_patch_1760_mask.tif,256,256,65536,29204,36332,0.445618,0.554382,5
Train,img_9_patch_1761_mask.tif,256,256,65536,27628,37908,0.421570,0.578430,6
Train,img_9_patch_1762_mask.tif,256,256,65536,23355,42181,0.356369,0.643631,6
Train,img_9_patch_1763_mask.tif,256,256,65536,15028,50508,0.229309,0.770691,7
Train,img_9_patch_1764_mask.tif,256,256,65536,3926,61610,0.059906,0.940094,9
Train,img_9_patch_1765_mask.tif,256,256,65536,677,64859,0.010330,0.989670,3
Train,img_9_patch_1766_mask.tif,256,256,65536,548,64988,0.008362,0.991638,2
Train,img_9_patch_1767_mask.tif,256,256,65536,0,65536,0.000000,1.000000,0
Train,img_9_patch_1768_mask.tif,256,256,65536,57,65479,0.000870,0.999130,1
Train,img_9_patch_1769_mask.tif,256,256,65536,160,65376,0.002441,0.997559,1
Train,img_9_patch_1770_mask.tif,256,256,65536,160,65376,0.002441,0.997559,1
Train,img_9_patch_1771_mask.tif,256,256,65536,160,65376,0.002441,0.997559,1
Train,img_9_patch_1772_mask.tif,256,256,65536,103,65433,0.001572,0.998428,1
Train,img_9_patch_1773_mask.tif,256,256,65536,0,65536,0.000000,1.000000,0
Train,img_9_patch_1774_mask.tif,256,256,65536,0,65536,0.000000,1.000000,0
Train,img_9_patch_1775_mask.tif,256,256,65536,0,65536,0.000000,1.000000,0
Train,img_9_patch_1776_mask.tif,256,256,65536,0,65536,0.000000,1.000000,0
Train,img_9_patch_1777_mask.tif,256,256,65536,0,65536,0.000000,1.000000,0
Train,img_9_patch_1778_mask.tif,256,256,65536,0,65536,0.000000,1.000000,0
Train,img_9_patch_1779_mask.tif,256,256,65536,0,65536,0.000000,1.000000,0
Train,img_9_patch_1780_mask.tif,256,256,65536,0,65536,0.000000,1.000000,0
Train,img_9_patch_1781_mask.tif,256,256,65536,0,65536,0.000000,1.000000,0
Train,img_9_patch_1782_mask.tif,256,256,65536,0,65536,0.000000,1.000000,0
Train,img_9_patch_1783_mask.tif,256,256,65536,0,65536,0.000000,1.000000,0
Train,img_9_patch_1784_mask.tif,256,256,65536,0,65536,0.000000,1.000000,0
Train,img_9_patch_1785_mask.tif,256,256,65536,0,65536,0.000000,1.000000,0
Train,img_9_patch_1786_mask.tif,256,256,65536,0,65536,0.000000,1.000000,0
Train,img_9_patch_1787_mask.tif,256,256,65536,0,65536,0.000000,1.000000,0
Train,img_9_patch_1788_mask.tif,256,256,65536,0,65536,0.000000,1.000000,0
Train,img_9_patch_1789_mask.tif,256,256,65536,0,65536,0.000000,1.000000,0
Train,img_9_patch_1790_mask.tif,256,256,65536,2785,62751,0.042496,0.957504,1
Train,img_9_patch_1791_mask.tif,256,256,65536,19169,46367,0.292496,0.707504,1
Train,img_9_patch_1792_mask.tif,256,256,65536,35553,29983,0.542496,0.457504,1
Train,img_9_patch_1793_mask.tif,256,256,65536,51937,13599,0.792496,0.207504,1
Train,img_9_patch_1794_mask.tif,256,256,65536,65536,0,1.000000,0.000000,1
Train,img_9_patch_1795_mask.tif,256,256,65536,65456,80,0.998779,0.001221,1
Train,img_9_patch_1796_mask.tif,256,256,65536,65436,100,0.998474,0.001526,1
Train,img_9_patch_1797_mask.tif,256,256,65536,65436,100,0.998474,0.001526,1
Train,img_9_patch_1798_mask.tif,256,256,65536,65414,122,0.998138,0.001862,1
Train,img_9_patch_1799_mask.tif,256,256,65536,65494,42,0.999359,0.000641,1
Train,img_9_patch_1800_mask.tif,256,256,65536,60576,4960,0.924316,0.075684,1
Train,img_9_patch_1801_mask.tif,256,256,65536,44419,21117,0.677780,0.322220,1
Train,img_9_patch_1802_mask.tif,256,256,65536,29856,35680,0.455566,0.544434,4
Train,img_9_patch_1803_mask.tif,256,256,65536,24452,41084,0.373108,0.626892,3
Train,img_9_patch_1804_mask.tif,256,256,65536,21725,43811,0.331497,0.668503,4
Train,img_9_patch_1805_mask.tif,256,256,65536,33807,31729,0.515854,0.484146,2
Train,img_9_patch_1806_mask.tif,256,256,65536,40444,25092,0.617126,0.382874,2
Train,img_9_patch_1807_mask.tif,256,256,65536,31843,33693,0.485886,0.514114,2
Train,img_9_patch_1808_mask.tif,256,256,65536,23433,42103,0.357559,0.642441,2
Train,img_9_patch_1809_mask.tif,256,256,65536,16927,48609,0.258286,0.741714,3
Train,img_9_patch_1810_mask.tif,256,256,65536,11905,53631,0.181656,0.818344,3
Train,img_9_patch_1811_mask.tif,256,256,65536,12397,53139,0.189163,0.810837,5
Train,img_9_patch_1812_mask.tif,256,256,65536,20104,45432,0.306763,0.693237,3
Train,img_9_patch_1813_mask.tif,256,256,65536,27272,38264,0.416138,0.583862,3
Train,img_9_patch_1814_mask.tif,256,256,65536,38281,27255,0.584122,0.415878,3
Train,img_9_patch_1815_mask.tif,256,256,65536,40004,25532,0.610413,0.389587,4
Train,img_9_patch_1816_mask.tif,256,256,65536,32098,33438,0.489777,0.510223,5
Train,img_9_patch_1817_mask.tif,256,256,65536,19675,45861,0.300217,0.699783,6
Train,img_9_patch_1818_mask.tif,256,256,65536,5252,60284,0.080139,0.919861,7
Train,img_9_patch_1819_mask.tif,256,256,65536,658,64878,0.010040,0.989960,3
Train,img_9_patch_1820_mask.tif,256,256,65536,548,64988,0.008362,0.991638,2
Train,img_9_patch_1821_mask.tif,256,256,65536,0,65536,0.000000,1.000000,0
Train,img_9_patch_1822_mask.tif,256,256,65536,1086,64450,0.016571,0.983429,2
Train,img_9_patch_1823_mask.tif,256,256,65536,1308,64228,0.019958,0.980042,2
Train,img_9_patch_1824_mask.tif,256,256,65536,1308,64228,0.019958,0.980042,2
Train,img_9_patch_1825_mask.tif,256,256,65536,1308,64228,0.019958,0.980042,2
Train,img_9_patch_1826_mask.tif,256,256,65536,222,65314,0.003387,0.996613,3
Train,img_9_patch_1827_mask.tif,256,256,65536,0,65536,0.000000,1.000000,0
Train,img_9_patch_1828_mask.tif,256,256,65536,0,65536,0.000000,1.000000,0
Train,img_9_patch_1829_mask.tif,256,256,65536,0,65536,0.000000,1.000000,0
Train,img_9_patch_1830_mask.tif,256,256,65536,0,65536,0.000000,1.000000,0
Train,img_9_patch_1831_mask.tif,256,256,65536,0,65536,0.000000,1.000000,0
Train,img_9_patch_1832_mask.tif,256,256,65536,0,65536,0.000000,1.000000,0
Train,img_9_patch_1833_mask.tif,256,256,65536,0,65536,0.000000,1.000000,0
Train,img_9_patch_1834_mask.tif,256,256,65536,0,65536,0.000000,1.000000,0
Train,img_9_patch_1835_mask.tif,256,256,65536,0,65536,0.000000,1.000000,0
Train,img_9_patch_1836_mask.tif,256,256,65536,0,65536,0.000000,1.000000,0
Train,img_9_patch_1837_mask.tif,256,256,65536,0,65536,0.000000,1.000000,0
Train,img_9_patch_1838_mask.tif,256,256,65536,0,65536,0.000000,1.000000,0
Train,img_9_patch_1839_mask.tif,256,256,65536,0,65536,0.000000,1.000000,0
Train,img_9_patch_1840_mask.tif,256,256,65536,0,65536,0.000000,1.000000,0
Train,img_9_patch_1841_mask.tif,256,256,65536,0,65536,0.000000,1.000000,0
Train,img_9_patch_1842_mask.tif,256,256,65536,0,65536,0.000000,1.000000,0
Train,img_9_patch_1843_mask.tif,256,256,65536,0,65536,0.000000,1.000000,0
Train,img_9_patch_1844_mask.tif,256,256,65536,1560,63976,0.023804,0.976196,1
Train,img_9_patch_1845_mask.tif,256,256,65536,17925,47611,0.273514,0.726486,1
Train,img_9_patch_1846_mask.tif,256,256,65536,34309,31227,0.523514,0.476486,1
Train,img_9_patch_1847_mask.tif,256,256,65536,50693,14843,0.773514,0.226486,1
Train,img_9_patch_1848_mask.tif,256,256,65536,65517,19,0.999710,0.000290,1
Train,img_9_patch_1849_mask.tif,256,256,65536,65456,80,0.998779,0.001221,1
Train,img_9_patch_1850_mask.tif,256,256,65536,65436,100,0.998474,0.001526,1
Train,img_9_patch_1851_mask.tif,256,256,65536,65436,100,0.998474,0.001526,1
Train,img_9_patch_1852_mask.tif,256,256,65536,65414,122,0.998138,0.001862,1
Train,img_9_patch_1853_mask.tif,256,256,65536,65350,186,0.997162,0.002838,1
Train,img_9_patch_1854_mask.tif,256,256,65536,56746,8790,0.865875,0.134125,2
Train,img_9_patch_1855_mask.tif,256,256,65536,40362,25174,0.615875,0.384125,2
Train,img_9_patch_1856_mask.tif,256,256,65536,25559,39977,0.389999,0.610001,4
Train,img_9_patch_1857_mask.tif,256,256,65536,18696,46840,0.285278,0.714722,3
Train,img_9_patch_1858_mask.tif,256,256,65536,19624,45912,0.299438,0.700562,1
Train,img_9_patch_1859_mask.tif,256,256,65536,29834,35702,0.455231,0.544769,1
Train,img_9_patch_1860_mask.tif,256,256,65536,34507,31029,0.526535,0.473465,1
Train,img_9_patch_1861_mask.tif,256,256,65536,26944,38592,0.411133,0.588867,2
Train,img_9_patch_1862_mask.tif,256,256,65536,19168,46368,0.292480,0.707520,2
Train,img_9_patch_1863_mask.tif,256,256,65536,11731,53805,0.179001,0.820999,5
Train,img_9_patch_1864_mask.tif,256,256,65536,7742,57794,0.118134,0.881866,5
Train,img_9_patch_1865_mask.tif,256,256,65536,11716,53820,0.178772,0.821228,6
Train,img_9_patch_1866_mask.tif,256,256,65536,22916,42620,0.349670,0.650330,4
Train,img_9_patch_1867_mask.tif,256,256,65536,36369,29167,0.554947,0.445053,3
Train,img_9_patch_1868_mask.tif,256,256,65536,50179,15357,0.765671,0.234329,1
Train,img_9_patch_1869_mask.tif,256,256,65536,50542,14994,0.771210,0.228790,1
Train,img_9_patch_1870_mask.tif,256,256,65536,38430,27106,0.586395,0.413605,1
Train,img_9_patch_1871_mask.tif,256,256,65536,22204,43332,0.338806,0.661194,1
Train,img_9_patch_1872_mask.tif,256,256,65536,6151,59385,0.093857,0.906143,3
Train,img_9_patch_1873_mask.tif,256,256,65536,0,65536,0.000000,1.000000,0
Train,img_9_patch_1874_mask.tif,256,256,65536,0,65536,0.000000,1.000000,0
Train,img_9_patch_1875_mask.tif,256,256,65536,0,65536,0.000000,1.000000,0
Train,img_9_patch_1876_mask.tif,256,256,65536,1086,64450,0.016571,0.983429,2
Train,img_9_patch_1877_mask.tif,256,256,65536,1308,64228,0.019958,0.980042,2
Train,img_9_patch_1878_mask.tif,256,256,65536,1308,64228,0.019958,0.980042,2
Train,img_9_patch_1879_mask.tif,256,256,65536,1308,64228,0.019958,0.980042,2
Train,img_9_patch_1880_mask.tif,256,256,65536,222,65314,0.003387,0.996613,3
Train,img_9_patch_1881_mask.tif,256,256,65536,0,65536,0.000000,1.000000,0
Train,img_9_patch_1882_mask.tif,256,256,65536,0,65536,0.000000,1.000000,0
Train,img_9_patch_1883_mask.tif,256,256,65536,0,65536,0.000000,1.000000,0
Train,img_9_patch_1884_mask.tif,256,256,65536,0,65536,0.000000,1.000000,0
Train,img_9_patch_1885_mask.tif,256,256,65536,0,65536,0.000000,1.000000,0
Train,img_9_patch_1886_mask.tif,256,256,65536,0,65536,0.000000,1.000000,0
Train,img_9_patch_1887_mask.tif,256,256,65536,0,65536,0.000000,1.000000,0
Train,img_9_patch_1888_mask.tif,256,256,65536,0,65536,0.000000,1.000000,0
Train,img_9_patch_1889_mask.tif,256,256,65536,0,65536,0.000000,1.000000,0
Train,img_9_patch_1890_mask.tif,256,256,65536,0,65536,0.000000,1.000000,0
Train,img_9_patch_1891_mask.tif,256,256,65536,0,65536,0.000000,1.000000,0
Train,img_9_patch_1892_mask.tif,256,256,65536,0,65536,0.000000,1.000000,0
Train,img_9_patch_1893_mask.tif,256,256,65536,0,65536,0.000000,1.000000,0
Train,img_9_patch_1894_mask.tif,256,256,65536,0,65536,0.000000,1.000000,0
Train,img_9_patch_1895_mask.tif,256,256,65536,0,65536,0.000000,1.000000,0
Train,img_9_patch_1896_mask.tif,256,256,65536,0,65536,0.000000,1.000000,0
Train,img_9_patch_1897_mask.tif,256,256,65536,0,65536,0.000000,1.000000,0
Train,img_9_patch_1898_mask.tif,256,256,65536,655,64881,0.009995,0.990005,1
Train,img_9_patch_1899_mask.tif,256,256,65536,16668,48868,0.254333,0.745667,1
Train,img_9_patch_1900_mask.tif,256,256,65536,33052,32484,0.504333,0.495667,1
Train,img_9_patch_1901_mask.tif,256,256,65536,49436,16100,0.754333,0.245667,1
Train,img_9_patch_1902_mask.tif,256,256,65536,65165,371,0.994339,0.005661,1
Train,img_9_patch_1903_mask.tif,256,256,65536,65456,80,0.998779,0.001221,1
Train,img_9_patch_1904_mask.tif,256,256,65536,65436,100,0.998474,0.001526,1
Train,img_9_patch_1905_mask.tif,256,256,65536,65436,100,0.998474,0.001526,1
Train,img_9_patch_1906_mask.tif,256,256,65536,65414,122,0.998138,0.001862,1
Train,img_9_patch_1907_mask.tif,256,256,65536,63781,1755,0.973221,0.026779,1
Train,img_9_patch_1908_mask.tif,256,256,65536,52679,12857,0.803818,0.196182,1
Train,img_9_patch_1909_mask.tif,256,256,65536,36295,29241,0.553818,0.446182,1
Train,img_9_patch_1910_mask.tif,256,256,65536,20551,44985,0.313583,0.686417,3
Train,img_9_patch_1911_mask.tif,256,256,65536,12123,53413,0.184982,0.815018,2
Train,img_9_patch_1912_mask.tif,256,256,65536,13921,51615,0.212418,0.787582,1
Train,img_9_patch_1913_mask.tif,256,256,65536,20735,44801,0.316391,0.683609,1
Train,img_9_patch_1914_mask.tif,256,256,65536,22332,43204,0.340759,0.659241,2
Train,img_9_patch_1915_mask.tif,256,256,65536,16711,48825,0.254990,0.745010,4
Train,img_9_patch_1916_mask.tif,256,256,65536,12146,53390,0.185333,0.814667,6
Train,img_9_patch_1917_mask.tif,256,256,65536,8106,57430,0.123688,0.876312,11
Train,img_9_patch_1918_mask.tif,256,256,65536,11620,53916,0.177307,0.822693,10
Train,img_9_patch_1919_mask.tif,256,256,65536,20882,44654,0.318634,0.681366,9
Train,img_9_patch_1920_mask.tif,256,256,65536,34202,31334,0.521881,0.478119,5
Train,img_9_patch_1921_mask.tif,256,256,65536,47812,17724,0.729553,0.270447,2
Train,img_9_patch_1922_mask.tif,256,256,65536,58136,7400,0.887085,0.112915,1
Train,img_9_patch_1923_mask.tif,256,256,65536,55330,10206,0.844269,0.155731,1
Train,img_9_patch_1924_mask.tif,256,256,65536,39515,26021,0.602951,0.397049,1
Train,img_9_patch_1925_mask.tif,256,256,65536,23131,42405,0.352951,0.647049,1
Train,img_9_patch_1926_mask.tif,256,256,65536,7078,58458,0.108002,0.891998,2
Train,img_9_patch_1927_mask.tif,256,256,65536,0,65536,0.000000,1.000000,0
Train,img_9_patch_1928_mask.tif,256,256,65536,0,65536,0.000000,1.000000,0
Train,img_9_patch_1929_mask.tif,256,256,65536,0,65536,0.000000,1.000000,0
Train,img_9_patch_1930_mask.tif,256,256,65536,1103,64433,0.016830,0.983170,3
Train,img_9_patch_1931_mask.tif,256,256,65536,1483,64053,0.022629,0.977371,4
Train,img_9_patch_1932_mask.tif,256,256,65536,1483,64053,0.022629,0.977371,4
Train,img_9_patch_1933_mask.tif,256,256,65536,1483,64053,0.022629,0.977371,4
Train,img_9_patch_1934_mask.tif,256,256,65536,380,65156,0.005798,0.994202,4
Train,img_9_patch_1935_mask.tif,256,256,65536,0,65536,0.000000,1.000000,0
Train,img_9_patch_1936_mask.tif,256,256,65536,0,65536,0.000000,1.000000,0
Train,img_9_patch_1937_mask.tif,256,256,65536,0,65536,0.000000,1.000000,0
Train,img_9_patch_1938_mask.tif,256,256,65536,0,65536,0.000000,1.000000,0
Train,img_9_patch_1939_mask.tif,256,256,65536,0,65536,0.000000,1.000000,0
Train,img_9_patch_1940_mask.tif,256,256,65536,0,65536,0.000000,1.000000,0
Train,img_9_patch_1941_mask.tif,256,256,65536,0,65536,0.000000,1.000000,0
Train,img_9_patch_1942_mask.tif,256,256,65536,0,65536,0.000000,1.000000,0
Train,img_9_patch_1943_mask.tif,256,256,65536,0,65536,0.000000,1.000000,0
Train,img_9_patch_1944_mask.tif,256,256,65536,0,65536,0.000000,1.000000,0
Train,img_9_patch_1945_mask.tif,256,256,65536,0,65536,0.000000,1.000000,0
Train,img_9_patch_1946_mask.tif,256,256,65536,0,65536,0.000000,1.000000,0
Train,img_9_patch_1947_mask.tif,256,256,65536,0,65536,0.000000,1.000000,0
Train,img_9_patch_1948_mask.tif,256,256,65536,0,65536,0.000000,1.000000,0
Train,img_9_patch_1949_mask.tif,256,256,65536,0,65536,0.000000,1.000000,0
Train,img_9_patch_1950_mask.tif,256,256,65536,0,65536,0.000000,1.000000,0
Train,img_9_patch_1951_mask.tif,256,256,65536,0,65536,0.000000,1.000000,0
Train,img_9_patch_1952_mask.tif,256,256,65536,138,65398,0.002106,0.997894,1
Train,img_9_patch_1953_mask.tif,256,256,65536,15346,50190,0.234161,0.765839,1
Train,img_9_patch_1954_mask.tif,256,256,65536,31730,33806,0.484161,0.515839,1
Train,img_9_patch_1955_mask.tif,256,256,65536,48114,17422,0.734161,0.265839,1
Train,img_9_patch_1956_mask.tif,256,256,65536,64360,1176,0.982056,0.017944,1
Train,img_9_patch_1957_mask.tif,256,256,65536,65456,80,0.998779,0.001221,1
Train,img_9_patch_1958_mask.tif,256,256,65536,65436,100,0.998474,0.001526,1
Train,img_9_patch_1959_mask.tif,256,256,65536,65436,100,0.998474,0.001526,1
Train,img_9_patch_1960_mask.tif,256,256,65536,64229,1307,0.980057,0.019943,1
Train,img_9_patch_1961_mask.tif,256,256,65536,58975,6561,0.899887,0.100113,1
Train,img_9_patch_1962_mask.tif,256,256,65536,45041,20495,0.687271,0.312729,1
Train,img_9_patch_1963_mask.tif,256,256,65536,28657,36879,0.437271,0.562729,1
Train,img_9_patch_1964_mask.tif,256,256,65536,13590,51946,0.207367,0.792633,3
Train,img_9_patch_1965_mask.tif,256,256,65536,5411,60125,0.082565,0.917435,7
Train,img_9_patch_1966_mask.tif,256,256,65536,6040,59496,0.092163,0.907837,8
Train,img_9_patch_1967_mask.tif,256,256,65536,9512,56024,0.145142,0.854858,12
Train,img_9_patch_1968_mask.tif,256,256,65536,10372,55164,0.158264,0.841736,13
Train,img_9_patch_1969_mask.tif,256,256,65536,8201,57335,0.125137,0.874863,14
Train,img_9_patch_1970_mask.tif,256,256,65536,8207,57329,0.125229,0.874771,17
Train,img_9_patch_1971_mask.tif,256,256,65536,9706,55830,0.148102,0.851898,16
Train,img_9_patch_1972_mask.tif,256,256,65536,18561,46975,0.283218,0.716782,11
Train,img_9_patch_1973_mask.tif,256,256,65536,31613,33923,0.482376,0.517624,9
Train,img_9_patch_1974_mask.tif,256,256,65536,44930,20606,0.685577,0.314423,5
Train,img_9_patch_1975_mask.tif,256,256,65536,56343,9193,0.859726,0.140274,2
Train,img_9_patch_1976_mask.tif,256,256,65536,62741,2795,0.957352,0.042648,1
Train,img_9_patch_1977_mask.tif,256,256,65536,56471,9065,0.861679,0.138321,1
Train,img_9_patch_1978_mask.tif,256,256,65536,40089,25447,0.611710,0.388290,1
Train,img_9_patch_1979_mask.tif,256,256,65536,23705,41831,0.361710,0.638290,1
Train,img_9_patch_1980_mask.tif,256,256,65536,7482,58054,0.114166,0.885834,1
Train,img_9_patch_1981_mask.tif,256,256,65536,0,65536,0.000000,1.000000,0
Train,img_9_patch_1982_mask.tif,256,256,65536,0,65536,0.000000,1.000000,0
Train,img_9_patch_1983_mask.tif,256,256,65536,677,64859,0.010330,0.989670,3
Train,img_9_patch_1984_mask.tif,256,256,65536,2075,63461,0.031662,0.968338,7
Train,img_9_patch_1985_mask.tif,256,256,65536,2352,63184,0.035889,0.964111,8
Train,img_9_patch_1986_mask.tif,256,256,65536,2446,63090,0.037323,0.962677,9
Train,img_9_patch_1987_mask.tif,256,256,65536,1769,63767,0.026993,0.973007,7
Train,img_9_patch_1988_mask.tif,256,256,65536,371,65165,0.005661,0.994339,5
Train,img_9_patch_1989_mask.tif,256,256,65536,94,65442,0.001434,0.998566,1
Train,img_9_patch_1990_mask.tif,256,256,65536,0,65536,0.000000,1.000000,0
Train,img_9_patch_1991_mask.tif,256,256,65536,0,65536,0.000000,1.000000,0
Train,img_9_patch_1992_mask.tif,256,256,65536,0,65536,0.000000,1.000000,0
Train,img_9_patch_1993_mask.tif,256,256,65536,0,65536,0.000000,1.000000,0
Train,img_9_patch_1994_mask.tif,256,256,65536,0,65536,0.000000,1.000000,0
Train,img_9_patch_1995_mask.tif,256,256,65536,0,65536,0.000000,1.000000,0
Train,img_9_patch_1996_mask.tif,256,256,65536,0,65536,0.000000,1.000000,0
Train,img_9_patch_1997_mask.tif,256,256,65536,0,65536,0.000000,1.000000,0
Train,img_9_patch_1998_mask.tif,256,256,65536,0,65536,0.000000,1.000000,0
Train,img_9_patch_1999_mask.tif,256,256,65536,0,65536,0.000000,1.000000,0
Train,img_9_patch_2000_mask.tif,256,256,65536,0,65536,0.000000,1.000000,0
Train,img_9_patch_2001_mask.tif,256,256,65536,0,65536,0.000000,1.000000,0
Train,img_9_patch_2002_mask.tif,256,256,65536,0,65536,0.000000,1.000000,0
Train,img_9_patch_2003_mask.tif,256,256,65536,0,65536,0.000000,1.000000,0
Train,img_9_patch_2004_mask.tif,256,256,65536,0,65536,0.000000,1.000000,0
Train,img_9_patch_2005_mask.tif,256,256,65536,0,65536,0.000000,1.000000,0
Train,img_9_patch_2006_mask.tif,256,256,65536,0,65536,0.000000,1.000000,0
Train,img_9_patch_2007_mask.tif,256,256,65536,13953,51583,0.212906,0.787094,1
Train,img_9_patch_2008_mask.tif,256,256,65536,30337,35199,0.462906,0.537094,1
Train,img_9_patch_2009_mask.tif,256,256,65536,46721,18815,0.712906,0.287094,1
Train,img_9_patch_2010_mask.tif,256,256,65536,63105,2431,0.962906,0.037094,1
Train,img_9_patch_2011_mask.tif,256,256,65536,65536,0,1.000000,0.000000,1
Train,img_9_patch_2012_mask.tif,256,256,65536,65536,0,1.000000,0.000000,1
Train,img_9_patch_2013_mask.tif,256,256,65536,64971,565,0.991379,0.008621,1
Train,img_9_patch_2014_mask.tif,256,256,65536,60210,5326,0.918732,0.081268,1
Train,img_9_patch_2015_mask.tif,256,256,65536,50780,14756,0.774841,0.225159,1
Train,img_9_patch_2016_mask.tif,256,256,65536,34721,30815,0.529800,0.470200,1
Train,img_9_patch_2017_mask.tif,256,256,65536,18906,46630,0.288483,0.711517,2
Train,img_9_patch_2018_mask.tif,256,256,65536,8520,57016,0.130005,0.869995,3
Train,img_9_patch_2019_mask.tif,256,256,65536,3036,62500,0.046326,0.953674,6
Train,img_9_patch_2020_mask.tif,256,256,65536,3201,62335,0.048843,0.951157,8
Train,img_9_patch_2021_mask.tif,256,256,65536,4525,61011,0.069046,0.930954,12
Train,img_9_patch_2022_mask.tif,256,256,65536,4092,61444,0.062439,0.937561,15
Train,img_9_patch_2023_mask.tif,256,256,65536,3528,62008,0.053833,0.946167,16
Train,img_9_patch_2024_mask.tif,256,256,65536,6490,59046,0.099030,0.900970,20
Train,img_9_patch_2025_mask.tif,256,256,65536,10732,54804,0.163757,0.836243,18
Train,img_9_patch_2026_mask.tif,256,256,65536,23023,42513,0.351303,0.648697,14
Train,img_9_patch_2027_mask.tif,256,256,65536,38114,27422,0.581573,0.418427,10
Train,img_9_patch_2028_mask.tif,256,256,65536,51046,14490,0.778900,0.221100,7
Train,img_9_patch_2029_mask.tif,256,256,65536,61860,3676,0.943909,0.056091,2
Train,img_9_patch_2030_mask.tif,256,256,65536,63895,1641,0.974960,0.025040,1
Train,img_9_patch_2031_mask.tif,256,256,65536,53517,12019,0.816605,0.183395,1
Train,img_9_patch_2032_mask.tif,256,256,65536,37133,28403,0.566605,0.433395,1
Train,img_9_patch_2033_mask.tif,256,256,65536,20749,44787,0.316605,0.683395,1
Train,img_9_patch_2034_mask.tif,256,256,65536,5619,59917,0.085739,0.914261,1
Train,img_9_patch_2035_mask.tif,256,256,65536,0,65536,0.000000,1.000000,0
Train,img_9_patch_2036_mask.tif,256,256,65536,0,65536,0.000000,1.000000,0
Train,img_9_patch_2037_mask.tif,256,256,65536,742,64794,0.011322,0.988678,4
Train,img_9_patch_2038_mask.tif,256,256,65536,1297,64239,0.019791,0.980209,8
Train,img_9_patch_2039_mask.tif,256,256,65536,1455,64081,0.022202,0.977798,9
Train,img_9_patch_2040_mask.tif,256,256,65536,1549,63987,0.023636,0.976364,10
Train,img_9_patch_2041_mask.tif,256,256,65536,807,64729,0.012314,0.987686,7
Train,img_9_patch_2042_mask.tif,256,256,65536,252,65284,0.003845,0.996155,2
Train,img_9_patch_2043_mask.tif,256,256,65536,94,65442,0.001434,0.998566,1
Train,img_9_patch_2044_mask.tif,256,256,65536,0,65536,0.000000,1.000000,0
Train,img_9_patch_2045_mask.tif,256,256,65536,0,65536,0.000000,1.000000,0
Train,img_9_patch_2046_mask.tif,256,256,65536,0,65536,0.000000,1.000000,0
Train,img_9_patch_2047_mask.tif,256,256,65536,0,65536,0.000000,1.000000,0
Train,img_9_patch_2048_mask.tif,256,256,65536,0,65536,0.000000,1.000000,0
Train,img_9_patch_2049_mask.tif,256,256,65536,0,65536,0.000000,1.000000,0
Train,img_9_patch_2050_mask.tif,256,256,65536,0,65536,0.000000,1.000000,0
Train,img_9_patch_2051_mask.tif,256,256,65536,0,65536,0.000000,1.000000,0
Train,img_9_patch_2052_mask.tif,256,256,65536,0,65536,0.000000,1.000000,0
Train,img_9_patch_2053_mask.tif,256,256,65536,0,65536,0.000000,1.000000,0
Train,img_9_patch_2054_mask.tif,256,256,65536,0,65536,0.000000,1.000000,0
Train,img_9_patch_2055_mask.tif,256,256,65536,0,65536,0.000000,1.000000,0
Train,img_9_patch_2056_mask.tif,256,256,65536,0,65536,0.000000,1.000000,0
Train,img_9_patch_2057_mask.tif,256,256,65536,0,65536,0.000000,1.000000,0
Train,img_9_patch_2058_mask.tif,256,256,65536,0,65536,0.000000,1.000000,0
Train,img_9_patch_2059_mask.tif,256,256,65536,0,65536,0.000000,1.000000,0
Train,img_9_patch_2060_mask.tif,256,256,65536,0,65536,0.000000,1.000000,0
Train,img_9_patch_2061_mask.tif,256,256,65536,12266,53270,0.187164,0.812836,1
Train,img_9_patch_2062_mask.tif,256,256,65536,28650,36886,0.437164,0.562836,1
Train,img_9_patch_2063_mask.tif,256,256,65536,45034,20502,0.687164,0.312836,1
Train,img_9_patch_2064_mask.tif,256,256,65536,61418,4118,0.937164,0.062836,1
Train,img_9_patch_2065_mask.tif,256,256,65536,65536,0,1.000000,0.000000,1
Train,img_9_patch_2066_mask.tif,256,256,65536,64179,1357,0.979294,0.020706,1
Train,img_9_patch_2067_mask.tif,256,256,65536,59721,5815,0.911270,0.088730,1
Train,img_9_patch_2068_mask.tif,256,256,65536,50864,14672,0.776123,0.223877,1
Train,img_9_patch_2069_mask.tif,256,256,65536,37482,28054,0.571930,0.428070,1
Train,img_9_patch_2070_mask.tif,256,256,65536,22455,43081,0.342636,0.657364,1
Train,img_9_patch_2071_mask.tif,256,256,65536,10533,55003,0.160721,0.839279,2
Train,img_9_patch_2072_mask.tif,256,256,65536,5172,60364,0.078918,0.921082,4
Train,img_9_patch_2073_mask.tif,256,256,65536,3208,62328,0.048950,0.951050,5
Train,img_9_patch_2074_mask.tif,256,256,65536,3645,61891,0.055618,0.944382,8
Train,img_9_patch_2075_mask.tif,256,256,65536,5456,60080,0.083252,0.916748,14
Train,img_9_patch_2076_mask.tif,256,256,65536,4733,60803,0.072220,0.927780,17
Train,img_9_patch_2077_mask.tif,256,256,65536,4601,60935,0.070206,0.929794,17
Train,img_9_patch_2078_mask.tif,256,256,65536,6851,58685,0.104538,0.895462,24
Train,img_9_patch_2079_mask.tif,256,256,65536,12441,53095,0.189835,0.810165,19
Train,img_9_patch_2080_mask.tif,256,256,65536,26834,38702,0.409454,0.590546,14
Train,img_9_patch_2081_mask.tif,256,256,65536,42312,23224,0.645630,0.354370,10
Train,img_9_patch_2082_mask.tif,256,256,65536,56009,9527,0.854630,0.145370,7
Train,img_9_patch_2083_mask.tif,256,256,65536,64988,548,0.991638,0.008362,1
Train,img_9_patch_2084_mask.tif,256,256,65536,62638,2898,0.955780,0.044220,1
Train,img_9_patch_2085_mask.tif,256,256,65536,49177,16359,0.750381,0.249619,1
Train,img_9_patch_2086_mask.tif,256,256,65536,32793,32743,0.500381,0.499619,1
Train,img_9_patch_2087_mask.tif,256,256,65536,16409,49127,0.250381,0.749619,1
Train,img_9_patch_2088_mask.tif,256,256,65536,2923,62613,0.044601,0.955399,1
Train,img_9_patch_2089_mask.tif,256,256,65536,0,65536,0.000000,1.000000,0
Train,img_9_patch_2090_mask.tif,256,256,65536,0,65536,0.000000,1.000000,0
Train,img_9_patch_2091_mask.tif,256,256,65536,742,64794,0.011322,0.988678,4
Train,img_9_patch_2092_mask.tif,256,256,65536,1297,64239,0.019791,0.980209,8
Train,img_9_patch_2093_mask.tif,256,256,65536,1455,64081,0.022202,0.977798,9
Train,img_9_patch_2094_mask.tif,256,256,65536,1549,63987,0.023636,0.976364,10
Train,img_9_patch_2095_mask.tif,256,256,65536,807,64729,0.012314,0.987686,7
Train,img_9_patch_2096_mask.tif,256,256,65536,252,65284,0.003845,0.996155,2
Train,img_9_patch_2097_mask.tif,256,256,65536,94,65442,0.001434,0.998566,1
Train,img_9_patch_2098_mask.tif,256,256,65536,0,65536,0.000000,1.000000,0
Train,img_9_patch_2099_mask.tif,256,256,65536,0,65536,0.000000,1.000000,0
Train,img_9_patch_2100_mask.tif,256,256,65536,0,65536,0.000000,1.000000,0
Train,img_9_patch_2101_mask.tif,256,256,65536,0,65536,0.000000,1.000000,0
Train,img_9_patch_2102_mask.tif,256,256,65536,0,65536,0.000000,1.000000,0
Train,img_9_patch_2103_mask.tif,256,256,65536,0,65536,0.000000,1.000000,0
Train,img_9_patch_2104_mask.tif,256,256,65536,0,65536,0.000000,1.000000,0
Train,img_9_patch_2105_mask.tif,256,256,65536,0,65536,0.000000,1.000000,0
Train,img_9_patch_2106_mask.tif,256,256,65536,0,65536,0.000000,1.000000,0
Train,img_9_patch_2107_mask.tif,256,256,65536,0,65536,0.000000,1.000000,0
Train,img_9_patch_2108_mask.tif,256,256,65536,0,65536,0.000000,1.000000,0
Train,img_9_patch_2109_mask.tif,256,256,65536,0,65536,0.000000,1.000000,0
Train,img_9_patch_2110_mask.tif,256,256,65536,0,65536,0.000000,1.000000,0
Train,img_9_patch_2111_mask.tif,256,256,65536,0,65536,0.000000,1.000000,0
Train,img_9_patch_2112_mask.tif,256,256,65536,0,65536,0.000000,1.000000,0
Train,img_9_patch_2113_mask.tif,256,256,65536,0,65536,0.000000,1.000000,0
Train,img_9_patch_2114_mask.tif,256,256,65536,0,65536,0.000000,1.000000,0
Train,img_9_patch_2115_mask.tif,256,256,65536,10460,55076,0.159607,0.840393,1
Train,img_9_patch_2116_mask.tif,256,256,65536,26844,38692,0.409607,0.590393,1
Train,img_9_patch_2117_mask.tif,256,256,65536,43228,22308,0.659607,0.340393,1
Train,img_9_patch_2118_mask.tif,256,256,65536,59607,5929,0.909531,0.090469,1
Train,img_9_patch_2119_mask.tif,256,256,65536,63902,1634,0.975067,0.024933,1
Train,img_9_patch_2120_mask.tif,256,256,65536,58531,7005,0.893112,0.106888,1
Train,img_9_patch_2121_mask.tif,256,256,65536,49977,15559,0.762589,0.237411,1
Train,img_9_patch_2122_mask.tif,256,256,65536,37029,28507,0.565018,0.434982,1
Train,img_9_patch_2123_mask.tif,256,256,65536,22749,42787,0.347122,0.652878,1
Train,img_9_patch_2124_mask.tif,256,256,65536,12020,53516,0.183411,0.816589,2
Train,img_9_patch_2125_mask.tif,256,256,65536,6565,58971,0.100174,0.899826,3
Train,img_9_patch_2126_mask.tif,256,256,65536,7185,58351,0.109634,0.890366,6
Train,img_9_patch_2127_mask.tif,256,256,65536,9203,56333,0.140427,0.859573,9
Train,img_9_patch_2128_mask.tif,256,256,65536,9962,55574,0.152008,0.847992,12
Train,img_9_patch_2129_mask.tif,256,256,65536,9402,56134,0.143463,0.856537,18
Train,img_9_patch_2130_mask.tif,256,256,65536,7183,58353,0.109604,0.890396,22
Train,img_9_patch_2131_mask.tif,256,256,65536,5245,60291,0.080032,0.919968,21
Train,img_9_patch_2132_mask.tif,256,256,65536,7659,57877,0.116867,0.883133,26
Train,img_9_patch_2133_mask.tif,256,256,65536,16508,49028,0.251892,0.748108,19
Train,img_9_patch_2134_mask.tif,256,256,65536,31060,34476,0.473938,0.526062,11
Train,img_9_patch_2135_mask.tif,256,256,65536,46889,18647,0.715469,0.284531,8
Train,img_9_patch_2136_mask.tif,256,256,65536,59816,5720,0.912720,0.087280,4
Train,img_9_patch_2137_mask.tif,256,256,65536,65536,0,1.000000,0.000000,1
Train,img_9_patch_2138_mask.tif,256,256,65536,59823,5713,0.912827,0.087173,1
Train,img_9_patch_2139_mask.tif,256,256,65536,43944,21592,0.670532,0.329468,1
Train,img_9_patch_2140_mask.tif,256,256,65536,27560,37976,0.420532,0.579468,1
Train,img_9_patch_2141_mask.tif,256,256,65536,11176,54360,0.170532,0.829468,1
Train,img_9_patch_2142_mask.tif,256,256,65536,505,65031,0.007706,0.992294,1
Train,img_9_patch_2143_mask.tif,256,256,65536,0,65536,0.000000,1.000000,0
Train,img_9_patch_2144_mask.tif,256,256,65536,0,65536,0.000000,1.000000,0
Train,img_9_patch_2145_mask.tif,256,256,65536,742,64794,0.011322,0.988678,4
Train,img_9_patch_2146_mask.tif,256,256,65536,1280,64256,0.019531,0.980469,8
Train,img_9_patch_2147_mask.tif,256,256,65536,1280,64256,0.019531,0.980469,8
Train,img_9_patch_2148_mask.tif,256,256,65536,1374,64162,0.020966,0.979034,9
Train,img_9_patch_2149_mask.tif,256,256,65536,632,64904,0.009644,0.990356,6
Train,img_9_patch_2150_mask.tif,256,256,65536,94,65442,0.001434,0.998566,1
Train,img_9_patch_2151_mask.tif,256,256,65536,94,65442,0.001434,0.998566,1
Train,img_9_patch_2152_mask.tif,256,256,65536,0,65536,0.000000,1.000000,0
Train,img_9_patch_2153_mask.tif,256,256,65536,0,65536,0.000000,1.000000,0
Train,img_9_patch_2154_mask.tif,256,256,65536,0,65536,0.000000,1.000000,0
Train,img_9_patch_2155_mask.tif,256,256,65536,0,65536,0.000000,1.000000,0
Train,img_9_patch_2156_mask.tif,256,256,65536,0,65536,0.000000,1.000000,0
Train,img_9_patch_2157_mask.tif,256,256,65536,0,65536,0.000000,1.000000,0
Train,img_9_patch_2158_mask.tif,256,256,65536,0,65536,0.000000,1.000000,0
Train,img_9_patch_2159_mask.tif,256,256,65536,0,65536,0.000000,1.000000,0
Train,img_9_patch_2160_mask.tif,256,256,65536,0,65536,0.000000,1.000000,0
Train,img_9_patch_2161_mask.tif,256,256,65536,0,65536,0.000000,1.000000,0
Train,img_9_patch_2162_mask.tif,256,256,65536,0,65536,0.000000,1.000000,0
Train,img_9_patch_2163_mask.tif,256,256,65536,0,65536,0.000000,1.000000,0
Train,img_9_patch_2164_mask.tif,256,256,65536,0,65536,0.000000,1.000000,0
Train,img_9_patch_2165_mask.tif,256,256,65536,0,65536,0.000000,1.000000,0
Train,img_9_patch_2166_mask.tif,256,256,65536,0,65536,0.000000,1.000000,0
Train,img_9_patch_2167_mask.tif,256,256,65536,0,65536,0.000000,1.000000,0
Train,img_9_patch_2168_mask.tif,256,256,65536,0,65536,0.000000,1.000000,0
Train,img_9_patch_2169_mask.tif,256,256,65536,8636,56900,0.131775,0.868225,1
Train,img_9_patch_2170_mask.tif,256,256,65536,25020,40516,0.381775,0.618225,1
Train,img_9_patch_2171_mask.tif,256,256,65536,41404,24132,0.631775,0.368225,1
Train,img_9_patch_2172_mask.tif,256,256,65536,56458,9078,0.861481,0.138519,1
Train,img_9_patch_2173_mask.tif,256,256,65536,58481,7055,0.892349,0.107651,1
Train,img_9_patch_2174_mask.tif,256,256,65536,49014,16522,0.747894,0.252106,1
Train,img_9_patch_2175_mask.tif,256,256,65536,36364,29172,0.554871,0.445129,1
Train,img_9_patch_2176_mask.tif,256,256,65536,21830,43706,0.333099,0.666901,1
Train,img_9_patch_2177_mask.tif,256,256,65536,11173,54363,0.170486,0.829514,2
Train,img_9_patch_2178_mask.tif,256,256,65536,7328,58208,0.111816,0.888184,2
Train,img_9_patch_2179_mask.tif,256,256,65536,8435,57101,0.128708,0.871292,3
Train,img_9_patch_2180_mask.tif,256,256,65536,12401,53135,0.189224,0.810776,5
Train,img_9_patch_2181_mask.tif,256,256,65536,16196,49340,0.247131,0.752869,7
Train,img_9_patch_2182_mask.tif,256,256,65536,14907,50629,0.227463,0.772537,9
Train,img_9_patch_2183_mask.tif,256,256,65536,11321,54215,0.172745,0.827255,14
Train,img_9_patch_2184_mask.tif,256,256,65536,8849,56687,0.135025,0.864975,18
Train,img_9_patch_2185_mask.tif,256,256,65536,7878,57658,0.120209,0.879791,19
Train,img_9_patch_2186_mask.tif,256,256,65536,13078,52458,0.199554,0.800446,20
Train,img_9_patch_2187_mask.tif,256,256,65536,24386,41150,0.372101,0.627899,16
Train,img_9_patch_2188_mask.tif,256,256,65536,38756,26780,0.591370,0.408630,10
Train,img_9_patch_2189_mask.tif,256,256,65536,52314,13222,0.798248,0.201752,6
Train,img_9_patch_2190_mask.tif,256,256,65536,61648,3888,0.940674,0.059326,4
Train,img_9_patch_2191_mask.tif,256,256,65536,65222,314,0.995209,0.004791,1
Train,img_9_patch_2192_mask.tif,256,256,65536,57040,8496,0.870361,0.129639,1
Train,img_9_patch_2193_mask.tif,256,256,65536,40656,24880,0.620361,0.379639,1
Train,img_9_patch_2194_mask.tif,256,256,65536,24339,41197,0.371384,0.628616,1
Train,img_9_patch_2195_mask.tif,256,256,65536,8202,57334,0.125153,0.874847,1
Train,img_9_patch_2196_mask.tif,256,256,65536,0,65536,0.000000,1.000000,0
Train,img_9_patch_2197_mask.tif,256,256,65536,0,65536,0.000000,1.000000,0
Train,img_9_patch_2198_mask.tif,256,256,65536,0,65536,0.000000,1.000000,0
Train,img_9_patch_2199_mask.tif,256,256,65536,65,65471,0.000992,0.999008,1
Train,img_9_patch_2200_mask.tif,256,256,65536,251,65285,0.003830,0.996170,3
Train,img_9_patch_2201_mask.tif,256,256,65536,254,65282,0.003876,0.996124,4
Train,img_9_patch_2202_mask.tif,256,256,65536,1715,63821,0.026169,0.973831,4
Train,img_9_patch_2203_mask.tif,256,256,65536,1650,63886,0.025177,0.974823,3
Train,img_9_patch_2204_mask.tif,256,256,65536,1464,64072,0.022339,0.977661,1
Train,img_9_patch_2205_mask.tif,256,256,65536,1461,64075,0.022293,0.977707,1
Train,img_9_patch_2206_mask.tif,256,256,65536,0,65536,0.000000,1.000000,0
Train,img_9_patch_2207_mask.tif,256,256,65536,0,65536,0.000000,1.000000,0
Train,img_9_patch_2208_mask.tif,256,256,65536,0,65536,0.000000,1.000000,0
Train,img_9_patch_2209_mask.tif,256,256,65536,0,65536,0.000000,1.000000,0
Train,img_9_patch_2210_mask.tif,256,256,65536,0,65536,0.000000,1.000000,0
Train,img_9_patch_2211_mask.tif,256,256,65536,0,65536,0.000000,1.000000,0
Train,img_9_patch_2212_mask.tif,256,256,65536,0,65536,0.000000,1.000000,0
Train,img_9_patch_2213_mask.tif,256,256,65536,0,65536,0.000000,1.000000,0
Train,img_9_patch_2214_mask.tif,256,256,65536,0,65536,0.000000,1.000000,0
Train,img_9_patch_2215_mask.tif,256,256,65536,0,65536,0.000000,1.000000,0
Train,img_9_patch_2216_mask.tif,256,256,65536,0,65536,0.000000,1.000000,0
Train,img_9_patch_2217_mask.tif,256,256,65536,0,65536,0.000000,1.000000,0
Train,img_9_patch_2218_mask.tif,256,256,65536,0,65536,0.000000,1.000000,0
Train,img_9_patch_2219_mask.tif,256,256,65536,0,65536,0.000000,1.000000,0
Train,img_9_patch_2220_mask.tif,256,256,65536,0,65536,0.000000,1.000000,0
Train,img_9_patch_2221_mask.tif,256,256,65536,33,65503,0.000504,0.999496,2
Train,img_9_patch_2222_mask.tif,256,256,65536,2785,62751,0.042496,0.957504,2
Train,img_9_patch_2223_mask.tif,256,256,65536,11239,54297,0.171494,0.828506,3
Train,img_9_patch_2224_mask.tif,256,256,65536,24565,40971,0.374832,0.625168,3
Train,img_9_patch_2225_mask.tif,256,256,65536,39189,26347,0.597977,0.402023,2
Train,img_9_patch_2226_mask.tif,256,256,65536,48196,17340,0.735413,0.264587,2
Train,img_9_patch_2227_mask.tif,256,256,65536,46305,19231,0.706558,0.293442,1
Train,img_9_patch_2228_mask.tif,256,256,65536,35800,29736,0.546265,0.453735,1
Train,img_9_patch_2229_mask.tif,256,256,65536,21346,44190,0.325714,0.674286,1
Train,img_9_patch_2230_mask.tif,256,256,65536,9587,55949,0.146286,0.853714,1
Train,img_9_patch_2231_mask.tif,256,256,65536,3424,62112,0.052246,0.947754,4
Train,img_9_patch_2232_mask.tif,256,256,65536,6822,58714,0.104095,0.895905,3
Train,img_9_patch_2233_mask.tif,256,256,65536,12425,53111,0.189590,0.810410,2
Train,img_9_patch_2234_mask.tif,256,256,65536,15784,49752,0.240845,0.759155,4
Train,img_9_patch_2235_mask.tif,256,256,65536,19424,46112,0.296387,0.703613,4
Train,img_9_patch_2236_mask.tif,256,256,65536,16696,48840,0.254761,0.745239,4
Train,img_9_patch_2237_mask.tif,256,256,65536,13028,52508,0.198792,0.801208,7
Train,img_9_patch_2238_mask.tif,256,256,65536,11585,53951,0.176773,0.823227,12
Train,img_9_patch_2239_mask.tif,256,256,65536,13568,51968,0.207031,0.792969,13
Train,img_9_patch_2240_mask.tif,256,256,65536,20769,44767,0.316910,0.683090,13
Train,img_9_patch_2241_mask.tif,256,256,65536,33492,32044,0.511047,0.488953,12
Train,img_9_patch_2242_mask.tif,256,256,65536,47960,17576,0.731812,0.268188,6
Train,img_9_patch_2243_mask.tif,256,256,65536,58321,7215,0.889908,0.110092,4
Train,img_9_patch_2244_mask.tif,256,256,65536,62395,3141,0.952072,0.047928,3
Train,img_9_patch_2245_mask.tif,256,256,65536,59663,5873,0.910385,0.089615,1
Train,img_9_patch_2246_mask.tif,256,256,65536,48578,16958,0.741241,0.258759,1
Train,img_9_patch_2247_mask.tif,256,256,65536,32194,33342,0.491241,0.508759,1
Train,img_9_patch_2248_mask.tif,256,256,65536,17428,48108,0.265930,0.734070,1
Train,img_9_patch_2249_mask.tif,256,256,65536,5299,60237,0.080856,0.919144,1
Train,img_9_patch_2250_mask.tif,256,256,65536,0,65536,0.000000,1.000000,0
Train,img_9_patch_2251_mask.tif,256,256,65536,0,65536,0.000000,1.000000,0
Train,img_9_patch_2252_mask.tif,256,256,65536,0,65536,0.000000,1.000000,0
Train,img_9_patch_2253_mask.tif,256,256,65536,0,65536,0.000000,1.000000,0
Train,img_9_patch_2254_mask.tif,256,256,65536,0,65536,0.000000,1.000000,0
Train,img_9_patch_2255_mask.tif,256,256,65536,3,65533,0.000046,0.999954,1
Train,img_9_patch_2256_mask.tif,256,256,65536,1477,64059,0.022537,0.977463,1
Train,img_9_patch_2257_mask.tif,256,256,65536,2899,62637,0.044235,0.955765,2
Train,img_9_patch_2258_mask.tif,256,256,65536,3033,62503,0.046280,0.953720,2
Train,img_9_patch_2259_mask.tif,256,256,65536,3030,62506,0.046234,0.953766,2
Train,img_9_patch_2260_mask.tif,256,256,65536,1556,63980,0.023743,0.976257,1
Train,img_9_patch_2261_mask.tif,256,256,65536,134,65402,0.002045,0.997955,1
Train,img_9_patch_2262_mask.tif,256,256,65536,0,65536,0.000000,1.000000,0
Train,img_9_patch_2263_mask.tif,256,256,65536,0,65536,0.000000,1.000000,0
Train,img_9_patch_2264_mask.tif,256,256,65536,0,65536,0.000000,1.000000,0
Train,img_9_patch_2265_mask.tif,256,256,65536,0,65536,0.000000,1.000000,0
Train,img_9_patch_2266_mask.tif,256,256,65536,0,65536,0.000000,1.000000,0
Train,img_9_patch_2267_mask.tif,256,256,65536,0,65536,0.000000,1.000000,0
Train,img_9_patch_2268_mask.tif,256,256,65536,0,65536,0.000000,1.000000,0
Train,img_9_patch_2269_mask.tif,256,256,65536,0,65536,0.000000,1.000000,0
Train,img_9_patch_2270_mask.tif,256,256,65536,0,65536,0.000000,1.000000,0
Train,img_9_patch_2271_mask.tif,256,256,65536,0,65536,0.000000,1.000000,0
Train,img_9_patch_2272_mask.tif,256,256,65536,0,65536,0.000000,1.000000,0
Train,img_9_patch_2273_mask.tif,256,256,65536,0,65536,0.000000,1.000000,0
Train,img_9_patch_2274_mask.tif,256,256,65536,0,65536,0.000000,1.000000,0
Train,img_9_patch_2275_mask.tif,256,256,65536,2478,63058,0.037811,0.962189,2
Train,img_9_patch_2276_mask.tif,256,256,65536,7944,57592,0.121216,0.878784,2
Train,img_9_patch_2277_mask.tif,256,256,65536,16690,48846,0.254669,0.745331,4
Train,img_9_patch_2278_mask.tif,256,256,65536,27095,38441,0.413437,0.586563,4
Train,img_9_patch_2279_mask.tif,256,256,65536,35212,30324,0.537292,0.462708,5
Train,img_9_patch_2280_mask.tif,256,256,65536,37437,28099,0.571243,0.428757,4
Train,img_9_patch_2281_mask.tif,256,256,65536,31158,34378,0.475433,0.524567,3
Train,img_9_patch_2282_mask.tif,256,256,65536,20835,44701,0.317917,0.682083,2
Train,img_9_patch_2283_mask.tif,256,256,65536,10240,55296,0.156250,0.843750,2
Train,img_9_patch_2284_mask.tif,256,256,65536,3649,61887,0.055679,0.944321,2
Train,img_9_patch_2285_mask.tif,256,256,65536,4605,60931,0.070267,0.929733,5
Train,img_9_patch_2286_mask.tif,256,256,65536,11793,53743,0.179947,0.820053,3
Train,img_9_patch_2287_mask.tif,256,256,65536,17599,47937,0.268539,0.731461,3
Train,img_9_patch_2288_mask.tif,256,256,65536,18929,46607,0.288834,0.711166,6
Train,img_9_patch_2289_mask.tif,256,256,65536,19484,46052,0.297302,0.702698,6
Train,img_9_patch_2290_mask.tif,256,256,65536,15705,49831,0.239639,0.760361,5
Train,img_9_patch_2291_mask.tif,256,256,65536,11795,53741,0.179977,0.820023,6
Train,img_9_patch_2292_mask.tif,256,256,65536,12595,52941,0.192184,0.807816,8
Train,img_9_patch_2293_mask.tif,256,256,65536,18736,46800,0.285889,0.714111,10
Train,img_9_patch_2294_mask.tif,256,256,65536,29886,35650,0.456024,0.543976,9
Train,img_9_patch_2295_mask.tif,256,256,65536,44374,21162,0.677094,0.322906,8
Train,img_9_patch_2296_mask.tif,256,256,65536,57528,8008,0.877808,0.122192,4
Train,img_9_patch_2297_mask.tif,256,256,65536,63792,1744,0.973389,0.026611,2
Train,img_9_patch_2298_mask.tif,256,256,65536,60354,5182,0.920929,0.079071,1
Train,img_9_patch_2299_mask.tif,256,256,65536,52003,13533,0.793503,0.206497,1
Train,img_9_patch_2300_mask.tif,256,256,65536,38466,27070,0.586945,0.413055,1
Train,img_9_patch_2301_mask.tif,256,256,65536,22083,43453,0.336960,0.663040,1
Train,img_9_patch_2302_mask.tif,256,256,65536,10880,54656,0.166016,0.833984,1
Train,img_9_patch_2303_mask.tif,256,256,65536,2847,62689,0.043442,0.956558,1
Train,img_9_patch_2304_mask.tif,256,256,65536,0,65536,0.000000,1.000000,0
Train,img_9_patch_2305_mask.tif,256,256,65536,0,65536,0.000000,1.000000,0
Train,img_9_patch_2306_mask.tif,256,256,65536,0,65536,0.000000,1.000000,0
Train,img_9_patch_2307_mask.tif,256,256,65536,0,65536,0.000000,1.000000,0
Train,img_9_patch_2308_mask.tif,256,256,65536,0,65536,0.000000,1.000000,0
Train,img_9_patch_2309_mask.tif,256,256,65536,3,65533,0.000046,0.999954,1
Train,img_9_patch_2310_mask.tif,256,256,65536,1477,64059,0.022537,0.977463,1
Train,img_9_patch_2311_mask.tif,256,256,65536,2899,62637,0.044235,0.955765,2
Train,img_9_patch_2312_mask.tif,256,256,65536,3033,62503,0.046280,0.953720,2
Train,img_9_patch_2313_mask.tif,256,256,65536,3030,62506,0.046234,0.953766,2
Train,img_9_patch_2314_mask.tif,256,256,65536,1556,63980,0.023743,0.976257,1
Train,img_9_patch_2315_mask.tif,256,256,65536,134,65402,0.002045,0.997955,1
Train,img_9_patch_2316_mask.tif,256,256,65536,0,65536,0.000000,1.000000,0
Train,img_9_patch_2317_mask.tif,256,256,65536,0,65536,0.000000,1.000000,0
Train,img_9_patch_2318_mask.tif,256,256,65536,0,65536,0.000000,1.000000,0
Train,img_9_patch_2319_mask.tif,256,256,65536,0,65536,0.000000,1.000000,0
Train,img_9_patch_2320_mask.tif,256,256,65536,0,65536,0.000000,1.000000,0
Train,img_9_patch_2321_mask.tif,256,256,65536,0,65536,0.000000,1.000000,0
Train,img_9_patch_2322_mask.tif,256,256,65536,0,65536,0.000000,1.000000,0
Train,img_9_patch_2323_mask.tif,256,256,65536,0,65536,0.000000,1.000000,0
Train,img_9_patch_2324_mask.tif,256,256,65536,0,65536,0.000000,1.000000,0
Train,img_9_patch_2325_mask.tif,256,256,65536,0,65536,0.000000,1.000000,0
Train,img_9_patch_2326_mask.tif,256,256,65536,0,65536,0.000000,1.000000,0
Train,img_9_patch_2327_mask.tif,256,256,65536,0,65536,0.000000,1.000000,0
Train,img_9_patch_2328_mask.tif,256,256,65536,0,65536,0.000000,1.000000,0
Train,img_9_patch_2329_mask.tif,256,256,65536,3253,62283,0.049637,0.950363,2
Train,img_9_patch_2330_mask.tif,256,256,65536,11827,53709,0.180466,0.819534,2
Train,img_9_patch_2331_mask.tif,256,256,65536,21544,43992,0.328735,0.671265,4
Train,img_9_patch_2332_mask.tif,256,256,65536,31788,33748,0.485046,0.514954,4
Train,img_9_patch_2333_mask.tif,256,256,65536,36046,29490,0.550018,0.449982,5
Train,img_9_patch_2334_mask.tif,256,256,65536,31295,34241,0.477524,0.522476,4
Train,img_9_patch_2335_mask.tif,256,256,65536,21578,43958,0.329254,0.670746,3
Train,img_9_patch_2336_mask.tif,256,256,65536,11334,54202,0.172943,0.827057,3
Train,img_9_patch_2337_mask.tif,256,256,65536,3823,61713,0.058334,0.941666,3
Train,img_9_patch_2338_mask.tif,256,256,65536,3306,62230,0.050446,0.949554,2
Train,img_9_patch_2339_mask.tif,256,256,65536,10566,54970,0.161224,0.838776,5
Train,img_9_patch_2340_mask.tif,256,256,65536,19146,46390,0.292145,0.707855,5
Train,img_9_patch_2341_mask.tif,256,256,65536,23820,41716,0.363464,0.636536,5
Train,img_9_patch_2342_mask.tif,256,256,65536,21059,44477,0.321335,0.678665,5
Train,img_9_patch_2343_mask.tif,256,256,65536,16322,49214,0.249054,0.750946,6
Train,img_9_patch_2344_mask.tif,256,256,65536,10627,54909,0.162155,0.837845,4
Train,img_9_patch_2345_mask.tif,256,256,65536,8022,57514,0.122406,0.877594,5
Train,img_9_patch_2346_mask.tif,256,256,65536,13154,52382,0.200714,0.799286,6
Train,img_9_patch_2347_mask.tif,256,256,65536,21862,43674,0.333588,0.666412,7
Train,img_9_patch_2348_mask.tif,256,256,65536,33207,32329,0.506699,0.493301,6
Train,img_9_patch_2349_mask.tif,256,256,65536,46620,18916,0.711365,0.288635,5
Train,img_9_patch_2350_mask.tif,256,256,65536,57327,8209,0.874741,0.125259,3
Train,img_9_patch_2351_mask.tif,256,256,65536,61369,4167,0.936417,0.063583,1
Train,img_9_patch_2352_mask.tif,256,256,65536,54295,11241,0.828476,0.171524,1
Train,img_9_patch_2353_mask.tif,256,256,65536,42750,22786,0.652313,0.347687,1
Train,img_9_patch_2354_mask.tif,256,256,65536,27932,37604,0.426208,0.573792,1
Train,img_9_patch_2355_mask.tif,256,256,65536,12659,52877,0.193161,0.806839,2
Train,img_9_patch_2356_mask.tif,256,256,65536,6311,59225,0.096298,0.903702,2
Train,img_9_patch_2357_mask.tif,256,256,65536,3017,62519,0.046036,0.953964,2
Train,img_9_patch_2358_mask.tif,256,256,65536,1451,64085,0.022141,0.977859,1
Train,img_9_patch_2359_mask.tif,256,256,65536,1451,64085,0.022141,0.977859,1
Train,img_9_patch_2360_mask.tif,256,256,65536,643,64893,0.009811,0.990189,1
Train,img_9_patch_2361_mask.tif,256,256,65536,0,65536,0.000000,1.000000,0
Train,img_9_patch_2362_mask.tif,256,256,65536,0,65536,0.000000,1.000000,0
Train,img_9_patch_2363_mask.tif,256,256,65536,3,65533,0.000046,0.999954,1
Train,img_9_patch_2364_mask.tif,256,256,65536,1477,64059,0.022537,0.977463,1
Train,img_9_patch_2365_mask.tif,256,256,65536,2899,62637,0.044235,0.955765,2
Train,img_9_patch_2366_mask.tif,256,256,65536,3033,62503,0.046280,0.953720,2
Train,img_9_patch_2367_mask.tif,256,256,65536,3030,62506,0.046234,0.953766,2
Train,img_9_patch_2368_mask.tif,256,256,65536,1556,63980,0.023743,0.976257,1
Train,img_9_patch_2369_mask.tif,256,256,65536,134,65402,0.002045,0.997955,1
Train,img_9_patch_2370_mask.tif,256,256,65536,0,65536,0.000000,1.000000,0
Train,img_9_patch_2371_mask.tif,256,256,65536,0,65536,0.000000,1.000000,0
Train,img_9_patch_2372_mask.tif,256,256,65536,0,65536,0.000000,1.000000,0
Train,img_9_patch_2373_mask.tif,256,256,65536,0,65536,0.000000,1.000000,0
Train,img_9_patch_2374_mask.tif,256,256,65536,0,65536,0.000000,1.000000,0
Train,img_9_patch_2375_mask.tif,256,256,65536,0,65536,0.000000,1.000000,0
Train,img_9_patch_2376_mask.tif,256,256,65536,0,65536,0.000000,1.000000,0
Train,img_9_patch_2377_mask.tif,256,256,65536,0,65536,0.000000,1.000000,0
Train,img_9_patch_2378_mask.tif,256,256,65536,0,65536,0.000000,1.000000,0
Train,img_9_patch_2379_mask.tif,256,256,65536,0,65536,0.000000,1.000000,0
Train,img_9_patch_2380_mask.tif,256,256,65536,0,65536,0.000000,1.000000,0
Train,img_9_patch_2381_mask.tif,256,256,65536,0,65536,0.000000,1.000000,0
Train,img_9_patch_2382_mask.tif,256,256,65536,0,65536,0.000000,1.000000,0
Train,img_9_patch_2383_mask.tif,256,256,65536,3253,62283,0.049637,0.950363,2
Train,img_9_patch_2384_mask.tif,256,256,65536,15045,50491,0.229568,0.770432,2
Train,img_9_patch_2385_mask.tif,256,256,65536,25685,39851,0.391922,0.608078,4
Train,img_9_patch_2386_mask.tif,256,256,65536,35781,29755,0.545975,0.454025,4
Train,img_9_patch_2387_mask.tif,256,256,65536,39428,26108,0.601624,0.398376,5
Train,img_9_patch_2388_mask.tif,256,256,65536,30203,35333,0.460861,0.539139,5
Train,img_9_patch_2389_mask.tif,256,256,65536,19563,45973,0.298508,0.701492,3
Train,img_9_patch_2390_mask.tif,256,256,65536,9467,56069,0.144455,0.855545,3
Train,img_9_patch_2391_mask.tif,256,256,65536,2576,62960,0.039307,0.960693,5
Train,img_9_patch_2392_mask.tif,256,256,65536,4575,60961,0.069809,0.930191,6
Train,img_9_patch_2393_mask.tif,256,256,65536,13048,52488,0.199097,0.800903,10
Train,img_9_patch_2394_mask.tif,256,256,65536,19041,46495,0.290543,0.709457,11
Train,img_9_patch_2395_mask.tif,256,256,65536,21771,43765,0.332199,0.667801,10
Train,img_9_patch_2396_mask.tif,256,256,65536,17446,48090,0.266205,0.733795,7
Train,img_9_patch_2397_mask.tif,256,256,65536,9747,55789,0.148727,0.851273,7
Train,img_9_patch_2398_mask.tif,256,256,65536,5804,59732,0.088562,0.911438,5
Train,img_9_patch_2399_mask.tif,256,256,65536,4940,60596,0.075378,0.924622,5
Train,img_9_patch_2400_mask.tif,256,256,65536,9927,55609,0.151474,0.848526,7
Train,img_9_patch_2401_mask.tif,256,256,65536,19980,45556,0.304871,0.695129,6
Train,img_9_patch_2402_mask.tif,256,256,65536,28193,37343,0.430191,0.569809,5
Train,img_9_patch_2403_mask.tif,256,256,65536,39854,25682,0.608124,0.391876,4
Train,img_9_patch_2404_mask.tif,256,256,65536,50235,15301,0.766525,0.233475,3
Train,img_9_patch_2405_mask.tif,256,256,65536,53287,12249,0.813095,0.186905,2
Train,img_9_patch_2406_mask.tif,256,256,65536,47812,17724,0.729553,0.270447,1
Train,img_9_patch_2407_mask.tif,256,256,65536,34364,31172,0.524353,0.475647,3
Train,img_9_patch_2408_mask.tif,256,256,65536,18855,46681,0.287704,0.712296,3
Train,img_9_patch_2409_mask.tif,256,256,65536,4976,60560,0.075928,0.924072,4
Train,img_9_patch_2410_mask.tif,256,256,65536,2568,62968,0.039185,0.960815,4
Train,img_9_patch_2411_mask.tif,256,256,65536,4655,60881,0.071030,0.928970,3
Train,img_9_patch_2412_mask.tif,256,256,65536,4721,60815,0.072037,0.927963,2
Train,img_9_patch_2413_mask.tif,256,256,65536,4721,60815,0.072037,0.927963,2
Train,img_9_patch_2414_mask.tif,256,256,65536,2341,63195,0.035721,0.964279,2
Train,img_9_patch_2415_mask.tif,256,256,65536,166,65370,0.002533,0.997467,1
Train,img_9_patch_2416_mask.tif,256,256,65536,0,65536,0.000000,1.000000,0
Train,img_9_patch_2417_mask.tif,256,256,65536,0,65536,0.000000,1.000000,0
Train,img_9_patch_2418_mask.tif,256,256,65536,13,65523,0.000198,0.999802,1
Train,img_9_patch_2419_mask.tif,256,256,65536,1435,64101,0.021896,0.978104,2
Train,img_9_patch_2420_mask.tif,256,256,65536,1569,63967,0.023941,0.976059,2
Train,img_9_patch_2421_mask.tif,256,256,65536,1569,63967,0.023941,0.976059,2
Train,img_9_patch_2422_mask.tif,256,256,65536,1556,63980,0.023743,0.976257,1
Train,img_9_patch_2423_mask.tif,256,256,65536,134,65402,0.002045,0.997955,1
Train,img_9_patch_2424_mask.tif,256,256,65536,0,65536,0.000000,1.000000,0
Train,img_9_patch_2425_mask.tif,256,256,65536,0,65536,0.000000,1.000000,0
Train,img_9_patch_2426_mask.tif,256,256,65536,0,65536,0.000000,1.000000,0
Train,img_9_patch_2427_mask.tif,256,256,65536,0,65536,0.000000,1.000000,0
Train,img_9_patch_2428_mask.tif,256,256,65536,0,65536,0.000000,1.000000,0
Train,img_9_patch_2429_mask.tif,256,256,65536,0,65536,0.000000,1.000000,0
Train,img_9_patch_2430_mask.tif,256,256,65536,0,65536,0.000000,1.000000,0
Train,img_9_patch_2431_mask.tif,256,256,65536,0,65536,0.000000,1.000000,0
Train,img_9_patch_2432_mask.tif,256,256,65536,0,65536,0.000000,1.000000,0
Train,img_9_patch_2433_mask.tif,256,256,65536,0,65536,0.000000,1.000000,0
Train,img_9_patch_2434_mask.tif,256,256,65536,0,65536,0.000000,1.000000,0
Train,img_9_patch_2435_mask.tif,256,256,65536,0,65536,0.000000,1.000000,0
Train,img_9_patch_2436_mask.tif,256,256,65536,0,65536,0.000000,1.000000,0
Train,img_9_patch_2437_mask.tif,256,256,65536,3220,62316,0.049133,0.950867,1
Train,img_9_patch_2438_mask.tif,256,256,65536,13601,51935,0.207535,0.792465,2
Train,img_9_patch_2439_mask.tif,256,256,65536,23916,41620,0.364929,0.635071,5
Train,img_9_patch_2440_mask.tif,256,256,65536,36930,28606,0.563507,0.436493,4
Train,img_9_patch_2441_mask.tif,256,256,65536,41239,24297,0.629257,0.370743,5
Train,img_9_patch_2442_mask.tif,256,256,65536,33786,31750,0.515533,0.484467,5
Train,img_9_patch_2443_mask.tif,256,256,65536,23471,42065,0.358139,0.641861,2
Train,img_9_patch_2444_mask.tif,256,256,65536,10457,55079,0.159561,0.840439,2
Train,img_9_patch_2445_mask.tif,256,256,65536,2958,62578,0.045135,0.954865,5
Train,img_9_patch_2446_mask.tif,256,256,65536,6347,59189,0.096848,0.903152,8
Train,img_9_patch_2447_mask.tif,256,256,65536,16682,48854,0.254547,0.745453,10
Train,img_9_patch_2448_mask.tif,256,256,65536,20108,45428,0.306824,0.693176,12
Train,img_9_patch_2449_mask.tif,256,256,65536,22106,43430,0.337311,0.662689,13
Train,img_9_patch_2450_mask.tif,256,256,65536,17953,47583,0.273941,0.726059,9
Train,img_9_patch_2451_mask.tif,256,256,65536,8883,56653,0.135544,0.864456,11
Train,img_9_patch_2452_mask.tif,256,256,65536,6767,58769,0.103256,0.896744,8
Train,img_9_patch_2453_mask.tif,256,256,65536,5157,60379,0.078690,0.921310,8
Train,img_9_patch_2454_mask.tif,256,256,65536,8295,57241,0.126572,0.873428,8
Train,img_9_patch_2455_mask.tif,256,256,65536,18287,47249,0.279037,0.720963,3
Train,img_9_patch_2456_mask.tif,256,256,65536,25844,39692,0.394348,0.605652,2
Train,img_9_patch_2457_mask.tif,256,256,65536,37155,28381,0.566940,0.433060,2
Train,img_9_patch_2458_mask.tif,256,256,65536,43816,21720,0.668579,0.331421,2
Train,img_9_patch_2459_mask.tif,256,256,65536,43348,22188,0.661438,0.338562,3
Train,img_9_patch_2460_mask.tif,256,256,65536,37323,28213,0.569504,0.430496,3
Train,img_9_patch_2461_mask.tif,256,256,65536,25594,39942,0.390533,0.609467,3
Train,img_9_patch_2462_mask.tif,256,256,65536,13631,51905,0.207993,0.792007,2
Train,img_9_patch_2463_mask.tif,256,256,65536,2842,62694,0.043365,0.956635,3
Train,img_9_patch_2464_mask.tif,256,256,65536,2399,63137,0.036606,0.963394,2
Train,img_9_patch_2465_mask.tif,256,256,65536,7022,58514,0.107147,0.892853,2
Train,img_9_patch_2466_mask.tif,256,256,65536,7809,57727,0.119156,0.880844,2
Train,img_9_patch_2467_mask.tif,256,256,65536,7809,57727,0.119156,0.880844,2
Train,img_9_patch_2468_mask.tif,256,256,65536,5410,60126,0.082550,0.917450,2
Train,img_9_patch_2469_mask.tif,256,256,65536,787,64749,0.012009,0.987991,2
Train,img_9_patch_2470_mask.tif,256,256,65536,0,65536,0.000000,1.000000,0
Train,img_9_patch_2471_mask.tif,256,256,65536,0,65536,0.000000,1.000000,0
Train,img_9_patch_2472_mask.tif,256,256,65536,441,65095,0.006729,0.993271,1
Train,img_9_patch_2473_mask.tif,256,256,65536,1104,64432,0.016846,0.983154,1
Train,img_9_patch_2474_mask.tif,256,256,65536,1104,64432,0.016846,0.983154,1
Train,img_9_patch_2475_mask.tif,256,256,65536,1104,64432,0.016846,0.983154,1
Train,img_9_patch_2476_mask.tif,256,256,65536,663,64873,0.010117,0.989883,1
Train,img_9_patch_2477_mask.tif,256,256,65536,0,65536,0.000000,1.000000,0
Train,img_9_patch_2478_mask.tif,256,256,65536,0,65536,0.000000,1.000000,0
Train,img_9_patch_2479_mask.tif,256,256,65536,0,65536,0.000000,1.000000,0
Train,img_9_patch_2480_mask.tif,256,256,65536,0,65536,0.000000,1.000000,0
Train,img_9_patch_2481_mask.tif,256,256,65536,0,65536,0.000000,1.000000,0
Train,img_9_patch_2482_mask.tif,256,256,65536,0,65536,0.000000,1.000000,0
Train,img_9_patch_2483_mask.tif,256,256,65536,0,65536,0.000000,1.000000,0
Train,img_9_patch_2484_mask.tif,256,256,65536,0,65536,0.000000,1.000000,0
Train,img_9_patch_2485_mask.tif,256,256,65536,0,65536,0.000000,1.000000,0
Train,img_9_patch_2486_mask.tif,256,256,65536,0,65536,0.000000,1.000000,0
Train,img_9_patch_2487_mask.tif,256,256,65536,0,65536,0.000000,1.000000,0
Train,img_9_patch_2488_mask.tif,256,256,65536,0,65536,0.000000,1.000000,0
Train,img_9_patch_2489_mask.tif,256,256,65536,0,65536,0.000000,1.000000,0
Train,img_9_patch_2490_mask.tif,256,256,65536,0,65536,0.000000,1.000000,0
Train,img_9_patch_2491_mask.tif,256,256,65536,775,64761,0.011826,0.988174,1
Train,img_9_patch_2492_mask.tif,256,256,65536,8442,57094,0.128815,0.871185,2
Train,img_9_patch_2493_mask.tif,256,256,65536,17938,47598,0.273712,0.726288,4
Train,img_9_patch_2494_mask.tif,256,256,65536,33390,32146,0.509491,0.490509,3
Train,img_9_patch_2495_mask.tif,256,256,65536,43582,21954,0.665009,0.334991,4
Train,img_9_patch_2496_mask.tif,256,256,65536,40149,25387,0.612625,0.387375,4
Train,img_9_patch_2497_mask.tif,256,256,65536,30653,34883,0.467728,0.532272,3
Train,img_9_patch_2498_mask.tif,256,256,65536,15201,50335,0.231949,0.768051,2
Train,img_9_patch_2499_mask.tif,256,256,65536,4264,61272,0.065063,0.934937,6
Train,img_9_patch_2500_mask.tif,256,256,65536,6896,58640,0.105225,0.894775,9
Train,img_9_patch_2501_mask.tif,256,256,65536,16778,48758,0.256012,0.743988,10
Train,img_9_patch_2502_mask.tif,256,256,65536,20835,44701,0.317917,0.682083,13
Train,img_9_patch_2503_mask.tif,256,256,65536,24335,41201,0.371323,0.628677,15
Train,img_9_patch_2504_mask.tif,256,256,65536,21935,43601,0.334702,0.665298,12
Train,img_9_patch_2505_mask.tif,256,256,65536,15008,50528,0.229004,0.770996,15
Train,img_9_patch_2506_mask.tif,256,256,65536,13759,51777,0.209946,0.790054,10
Train,img_9_patch_2507_mask.tif,256,256,65536,10456,55080,0.159546,0.840454,9
Train,img_9_patch_2508_mask.tif,256,256,65536,9882,55654,0.150787,0.849213,12
Train,img_9_patch_2509_mask.tif,256,256,65536,16255,49281,0.248032,0.751968,7
Train,img_9_patch_2510_mask.tif,256,256,65536,21886,43650,0.333954,0.666046,5
Train,img_9_patch_2511_mask.tif,256,256,65536,33215,32321,0.506821,0.493179,5
Train,img_9_patch_2512_mask.tif,256,256,65536,37461,28075,0.571609,0.428391,3
Train,img_9_patch_2513_mask.tif,256,256,65536,34827,30709,0.531418,0.468582,3
Train,img_9_patch_2514_mask.tif,256,256,65536,28697,36839,0.437881,0.562119,3
Train,img_9_patch_2515_mask.tif,256,256,65536,17141,48395,0.261551,0.738449,3
Train,img_9_patch_2516_mask.tif,256,256,65536,9003,56533,0.137375,0.862625,2
Train,img_9_patch_2517_mask.tif,256,256,65536,2309,63227,0.035233,0.964767,2
Train,img_9_patch_2518_mask.tif,256,256,65536,2399,63137,0.036606,0.963394,2
Train,img_9_patch_2519_mask.tif,256,256,65536,8983,56553,0.137070,0.862930,2
Train,img_9_patch_2520_mask.tif,256,256,65536,10499,55037,0.160202,0.839798,2
Train,img_9_patch_2521_mask.tif,256,256,65536,10499,55037,0.160202,0.839798,2
Train,img_9_patch_2522_mask.tif,256,256,65536,8412,57124,0.128357,0.871643,3
Train,img_9_patch_2523_mask.tif,256,256,65536,1828,63708,0.027893,0.972107,3
Train,img_9_patch_2524_mask.tif,256,256,65536,312,65224,0.004761,0.995239,1
Train,img_9_patch_2525_mask.tif,256,256,65536,312,65224,0.004761,0.995239,1
Train,img_9_patch_2526_mask.tif,256,256,65536,441,65095,0.006729,0.993271,1
Train,img_9_patch_2527_mask.tif,256,256,65536,2149,63387,0.032791,0.967209,1
Train,img_9_patch_2528_mask.tif,256,256,65536,2600,62936,0.039673,0.960327,1
Train,img_9_patch_2529_mask.tif,256,256,65536,2600,62936,0.039673,0.960327,1
Train,img_9_patch_2530_mask.tif,256,256,65536,2159,63377,0.032944,0.967056,1
Train,img_9_patch_2531_mask.tif,256,256,65536,451,65085,0.006882,0.993118,1
Train,img_9_patch_2532_mask.tif,256,256,65536,0,65536,0.000000,1.000000,0
Train,img_9_patch_2533_mask.tif,256,256,65536,0,65536,0.000000,1.000000,0
Train,img_9_patch_2534_mask.tif,256,256,65536,0,65536,0.000000,1.000000,0
Train,img_9_patch_2535_mask.tif,256,256,65536,0,65536,0.000000,1.000000,0
Train,img_9_patch_2536_mask.tif,256,256,65536,0,65536,0.000000,1.000000,0
Train,img_9_patch_2537_mask.tif,256,256,65536,0,65536,0.000000,1.000000,0
Train,img_9_patch_2538_mask.tif,256,256,65536,0,65536,0.000000,1.000000,0
Train,img_9_patch_2539_mask.tif,256,256,65536,0,65536,0.000000,1.000000,0
Train,img_9_patch_2540_mask.tif,256,256,65536,0,65536,0.000000,1.000000,0
Train,img_9_patch_2541_mask.tif,256,256,65536,0,65536,0.000000,1.000000,0
Train,img_9_patch_2542_mask.tif,256,256,65536,0,65536,0.000000,1.000000,0
Train,img_9_patch_2543_mask.tif,256,256,65536,0,65536,0.000000,1.000000,0
Train,img_9_patch_2544_mask.tif,256,256,65536,0,65536,0.000000,1.000000,0
Train,img_9_patch_2545_mask.tif,256,256,65536,0,65536,0.000000,1.000000,0
Train,img_9_patch_2546_mask.tif,256,256,65536,4559,60977,0.069565,0.930435,1
Train,img_9_patch_2547_mask.tif,256,256,65536,11492,54044,0.175354,0.824646,3
Train,img_9_patch_2548_mask.tif,256,256,65536,25534,40002,0.389618,0.610382,3
Train,img_9_patch_2549_mask.tif,256,256,65536,36540,28996,0.557556,0.442444,3
Train,img_9_patch_2550_mask.tif,256,256,65536,35992,29544,0.549194,0.450806,3
Train,img_9_patch_2551_mask.tif,256,256,65536,29059,36477,0.443405,0.556595,2
Train,img_9_patch_2552_mask.tif,256,256,65536,15017,50519,0.229141,0.770859,1
Train,img_9_patch_2553_mask.tif,256,256,65536,4041,61495,0.061661,0.938339,4
Train,img_9_patch_2554_mask.tif,256,256,65536,4948,60588,0.075500,0.924500,9
Train,img_9_patch_2555_mask.tif,256,256,65536,11715,53821,0.178757,0.821243,13
Train,img_9_patch_2556_mask.tif,256,256,65536,17899,47637,0.273117,0.726883,14
Train,img_9_patch_2557_mask.tif,256,256,65536,23237,42299,0.354568,0.645432,15
Train,img_9_patch_2558_mask.tif,256,256,65536,26132,39404,0.398743,0.601257,11
Train,img_9_patch_2559_mask.tif,256,256,65536,24170,41366,0.368805,0.631195,12
Train,img_9_patch_2560_mask.tif,256,256,65536,23476,42060,0.358215,0.641785,10
Train,img_9_patch_2561_mask.tif,256,256,65536,18465,47071,0.281754,0.718246,9
Train,img_9_patch_2562_mask.tif,256,256,65536,14864,50672,0.226807,0.773193,11
Train,img_9_patch_2563_mask.tif,256,256,65536,21029,44507,0.320877,0.679123,5
Train,img_9_patch_2564_mask.tif,256,256,65536,25771,39765,0.393234,0.606766,3
Train,img_9_patch_2565_mask.tif,256,256,65536,36795,28741,0.561447,0.438553,2
Train,img_9_patch_2566_mask.tif,256,256,65536,36625,28911,0.558853,0.441147,2
Train,img_9_patch_2567_mask.tif,256,256,65536,29363,36173,0.448044,0.551956,3
Train,img_9_patch_2568_mask.tif,256,256,65536,21391,44145,0.326401,0.673599,3
Train,img_9_patch_2569_mask.tif,256,256,65536,10010,55526,0.152740,0.847260,3
Train,img_9_patch_2570_mask.tif,256,256,65536,5968,59568,0.091064,0.908936,2
Train,img_9_patch_2571_mask.tif,256,256,65536,2260,63276,0.034485,0.965515,2
Train,img_9_patch_2572_mask.tif,256,256,65536,1591,63945,0.024277,0.975723,2
Train,img_9_patch_2573_mask.tif,256,256,65536,7532,58004,0.114929,0.885071,2
Train,img_9_patch_2574_mask.tif,256,256,65536,9048,56488,0.138062,0.861938,2
Train,img_9_patch_2575_mask.tif,256,256,65536,9334,56202,0.142426,0.857574,4
Train,img_9_patch_2576_mask.tif,256,256,65536,8323,57213,0.126999,0.873001,9
Train,img_9_patch_2577_mask.tif,256,256,65536,2483,63053,0.037888,0.962112,10
Train,img_9_patch_2578_mask.tif,256,256,65536,967,64569,0.014755,0.985245,8
Train,img_9_patch_2579_mask.tif,256,256,65536,681,64855,0.010391,0.989609,6
Train,img_9_patch_2580_mask.tif,256,256,65536,542,64994,0.008270,0.991730,3
Train,img_9_patch_2581_mask.tif,256,256,65536,2149,63387,0.032791,0.967209,1
Train,img_9_patch_2582_mask.tif,256,256,65536,2600,62936,0.039673,0.960327,1
Train,img_9_patch_2583_mask.tif,256,256,65536,2600,62936,0.039673,0.960327,1
Train,img_9_patch_2584_mask.tif,256,256,65536,2159,63377,0.032944,0.967056,1
Train,img_9_patch_2585_mask.tif,256,256,65536,451,65085,0.006882,0.993118,1
Train,img_9_patch_2586_mask.tif,256,256,65536,0,65536,0.000000,1.000000,0
Train,img_9_patch_2587_mask.tif,256,256,65536,0,65536,0.000000,1.000000,0
Train,img_9_patch_2588_mask.tif,256,256,65536,0,65536,0.000000,1.000000,0
Train,img_9_patch_2589_mask.tif,256,256,65536,0,65536,0.000000,1.000000,0
Train,img_9_patch_2590_mask.tif,256,256,65536,0,65536,0.000000,1.000000,0
Train,img_9_patch_2591_mask.tif,256,256,65536,0,65536,0.000000,1.000000,0
Train,img_9_patch_2592_mask.tif,256,256,65536,0,65536,0.000000,1.000000,0
Train,img_9_patch_2593_mask.tif,256,256,65536,0,65536,0.000000,1.000000,0
Train,img_9_patch_2594_mask.tif,256,256,65536,0,65536,0.000000,1.000000,0
Train,img_9_patch_2595_mask.tif,256,256,65536,0,65536,0.000000,1.000000,0
Train,img_9_patch_2596_mask.tif,256,256,65536,0,65536,0.000000,1.000000,0
Train,img_9_patch_2597_mask.tif,256,256,65536,0,65536,0.000000,1.000000,0
Train,img_9_patch_2598_mask.tif,256,256,65536,0,65536,0.000000,1.000000,0
Train,img_9_patch_2599_mask.tif,256,256,65536,0,65536,0.000000,1.000000,0
Train,img_9_patch_2600_mask.tif,256,256,65536,1341,64195,0.020462,0.979538,1
Train,img_9_patch_2601_mask.tif,256,256,65536,5884,59652,0.089783,0.910217,3
Train,img_9_patch_2602_mask.tif,256,256,65536,16734,48802,0.255341,0.744659,4
Train,img_9_patch_2603_mask.tif,256,256,65536,24758,40778,0.377777,0.622223,3
Train,img_9_patch_2604_mask.tif,256,256,65536,25913,39623,0.395401,0.604599,3
Train,img_9_patch_2605_mask.tif,256,256,65536,21370,44166,0.326080,0.673920,2
Train,img_9_patch_2606_mask.tif,256,256,65536,10520,55016,0.160522,0.839478,2
Train,img_9_patch_2607_mask.tif,256,256,65536,2517,63019,0.038406,0.961594,3
Train,img_9_patch_2608_mask.tif,256,256,65536,3959,61577,0.060410,0.939590,9
Train,img_9_patch_2609_mask.tif,256,256,65536,9978,55558,0.152252,0.847748,13
Train,img_9_patch_2610_mask.tif,256,256,65536,18848,46688,0.287598,0.712402,12
Train,img_9_patch_2611_mask.tif,256,256,65536,27181,38355,0.414749,0.585251,14
Train,img_9_patch_2612_mask.tif,256,256,65536,33661,31875,0.513626,0.486374,12
Train,img_9_patch_2613_mask.tif,256,256,65536,33304,32232,0.508179,0.491821,15
Train,img_9_patch_2614_mask.tif,256,256,65536,31097,34439,0.474503,0.525497,14
Train,img_9_patch_2615_mask.tif,256,256,65536,23347,42189,0.356247,0.643753,15
Train,img_9_patch_2616_mask.tif,256,256,65536,19903,45633,0.303696,0.696304,13
Train,img_9_patch_2617_mask.tif,256,256,65536,27338,38198,0.417145,0.582855,8
Train,img_9_patch_2618_mask.tif,256,256,65536,32933,32603,0.502518,0.497482,3
Train,img_9_patch_2619_mask.tif,256,256,65536,42308,23228,0.645569,0.354431,2
Train,img_9_patch_2620_mask.tif,256,256,65536,36055,29481,0.550156,0.449844,2
Train,img_9_patch_2621_mask.tif,256,256,65536,23964,41572,0.365662,0.634338,3
Train,img_9_patch_2622_mask.tif,256,256,65536,12305,53231,0.187759,0.812241,4
Train,img_9_patch_2623_mask.tif,256,256,65536,2468,63068,0.037659,0.962341,5
Train,img_9_patch_2624_mask.tif,256,256,65536,1747,63789,0.026657,0.973343,3
Train,img_9_patch_2625_mask.tif,256,256,65536,741,64795,0.011307,0.988693,3
Train,img_9_patch_2626_mask.tif,256,256,65536,161,65375,0.002457,0.997543,2
Train,img_9_patch_2627_mask.tif,256,256,65536,4428,61108,0.067566,0.932434,1
Train,img_9_patch_2628_mask.tif,256,256,65536,5778,59758,0.088165,0.911835,1
Train,img_9_patch_2629_mask.tif,256,256,65536,6064,59472,0.092529,0.907471,3
Train,img_9_patch_2630_mask.tif,256,256,65536,6625,58911,0.101089,0.898911,8
Train,img_9_patch_2631_mask.tif,256,256,65536,2393,63143,0.036514,0.963486,11
Train,img_9_patch_2632_mask.tif,256,256,65536,1043,64493,0.015915,0.984085,9
Train,img_9_patch_2633_mask.tif,256,256,65536,757,64779,0.011551,0.988449,7
Train,img_9_patch_2634_mask.tif,256,256,65536,618,64918,0.009430,0.990570,4
Train,img_9_patch_2635_mask.tif,256,256,65536,2149,63387,0.032791,0.967209,1
Train,img_9_patch_2636_mask.tif,256,256,65536,2600,62936,0.039673,0.960327,1
Train,img_9_patch_2637_mask.tif,256,256,65536,2600,62936,0.039673,0.960327,1
Train,img_9_patch_2638_mask.tif,256,256,65536,2159,63377,0.032944,0.967056,1
Train,img_9_patch_2639_mask.tif,256,256,65536,451,65085,0.006882,0.993118,1
Train,img_9_patch_2640_mask.tif,256,256,65536,0,65536,0.000000,1.000000,0
Train,img_9_patch_2641_mask.tif,256,256,65536,0,65536,0.000000,1.000000,0
Train,img_9_patch_2642_mask.tif,256,256,65536,0,65536,0.000000,1.000000,0
Train,img_9_patch_2643_mask.tif,256,256,65536,0,65536,0.000000,1.000000,0
Train,img_9_patch_2644_mask.tif,256,256,65536,0,65536,0.000000,1.000000,0
Train,img_9_patch_2645_mask.tif,256,256,65536,0,65536,0.000000,1.000000,0
Train,img_9_patch_2646_mask.tif,256,256,65536,0,65536,0.000000,1.000000,0
Train,img_9_patch_2647_mask.tif,256,256,65536,0,65536,0.000000,1.000000,0
Train,img_9_patch_2648_mask.tif,256,256,65536,0,65536,0.000000,1.000000,0
Train,img_9_patch_2649_mask.tif,256,256,65536,0,65536,0.000000,1.000000,0
Train,img_9_patch_2650_mask.tif,256,256,65536,0,65536,0.000000,1.000000,0
Train,img_9_patch_2651_mask.tif,256,256,65536,0,65536,0.000000,1.000000,0
Train,img_9_patch_2652_mask.tif,256,256,65536,0,65536,0.000000,1.000000,0
Train,img_9_patch_2653_mask.tif,256,256,65536,0,65536,0.000000,1.000000,0
Train,img_9_patch_2654_mask.tif,256,256,65536,0,65536,0.000000,1.000000,0
Train,img_9_patch_2655_mask.tif,256,256,65536,2209,63327,0.033707,0.966293,2
Train,img_9_patch_2656_mask.tif,256,256,65536,9103,56433,0.138901,0.861099,3
Train,img_9_patch_2657_mask.tif,256,256,65536,14863,50673,0.226791,0.773209,2
Train,img_9_patch_2658_mask.tif,256,256,65536,16197,49339,0.247147,0.752853,2
Train,img_9_patch_2659_mask.tif,256,256,65536,13988,51548,0.213440,0.786560,2
Train,img_9_patch_2660_mask.tif,256,256,65536,7094,58442,0.108246,0.891754,2
Train,img_9_patch_2661_mask.tif,256,256,65536,1334,64202,0.020355,0.979645,1
Train,img_9_patch_2662_mask.tif,256,256,65536,3852,61684,0.058777,0.941223,8
Train,img_9_patch_2663_mask.tif,256,256,65536,8143,57393,0.124252,0.875748,16
Train,img_9_patch_2664_mask.tif,256,256,65536,17798,47738,0.271576,0.728424,17
Train,img_9_patch_2665_mask.tif,256,256,65536,28040,37496,0.427856,0.572144,18
Train,img_9_patch_2666_mask.tif,256,256,65536,34154,31382,0.521149,0.478851,17
Train,img_9_patch_2667_mask.tif,256,256,65536,34871,30665,0.532089,0.467911,18
Train,img_9_patch_2668_mask.tif,256,256,65536,30893,34643,0.471390,0.528610,17
Train,img_9_patch_2669_mask.tif,256,256,65536,23000,42536,0.350952,0.649048,19
Train,img_9_patch_2670_mask.tif,256,256,65536,23985,41551,0.365982,0.634018,14
Train,img_9_patch_2671_mask.tif,256,256,65536,32190,33346,0.491180,0.508820,9
Train,img_9_patch_2672_mask.tif,256,256,65536,39516,26020,0.602966,0.397034,3
Train,img_9_patch_2673_mask.tif,256,256,65536,44969,20567,0.686172,0.313828,1
Train,img_9_patch_2674_mask.tif,256,256,65536,34289,31247,0.523209,0.476791,1
Train,img_9_patch_2675_mask.tif,256,256,65536,21076,44460,0.321594,0.678406,1
Train,img_9_patch_2676_mask.tif,256,256,65536,8073,57463,0.123184,0.876816,2
Train,img_9_patch_2677_mask.tif,256,256,65536,413,65123,0.006302,0.993698,2
Train,img_9_patch_2678_mask.tif,256,256,65536,142,65394,0.002167,0.997833,1
Train,img_9_patch_2679_mask.tif,256,256,65536,142,65394,0.002167,0.997833,1
Train,img_9_patch_2680_mask.tif,256,256,65536,142,65394,0.002167,0.997833,1
Train,img_9_patch_2681_mask.tif,256,256,65536,1961,63575,0.029922,0.970078,1
Train,img_9_patch_2682_mask.tif,256,256,65536,2690,62846,0.041046,0.958954,1
Train,img_9_patch_2683_mask.tif,256,256,65536,2976,62560,0.045410,0.954590,3
Train,img_9_patch_2684_mask.tif,256,256,65536,3556,61980,0.054260,0.945740,8
Train,img_9_patch_2685_mask.tif,256,256,65536,1772,63764,0.027039,0.972961,10
Train,img_9_patch_2686_mask.tif,256,256,65536,1043,64493,0.015915,0.984085,9
Train,img_9_patch_2687_mask.tif,256,256,65536,757,64779,0.011551,0.988449,7
Train,img_9_patch_2688_mask.tif,256,256,65536,177,65359,0.002701,0.997299,3
Train,img_9_patch_2689_mask.tif,256,256,65536,1045,64491,0.015945,0.984055,1
Train,img_9_patch_2690_mask.tif,256,256,65536,1496,64040,0.022827,0.977173,1
Train,img_9_patch_2691_mask.tif,256,256,65536,1496,64040,0.022827,0.977173,1
Train,img_9_patch_2692_mask.tif,256,256,65536,1496,64040,0.022827,0.977173,1
Train,img_9_patch_2693_mask.tif,256,256,65536,451,65085,0.006882,0.993118,1
Train,img_9_patch_2694_mask.tif,256,256,65536,0,65536,0.000000,1.000000,0
Train,img_9_patch_2695_mask.tif,256,256,65536,0,65536,0.000000,1.000000,0
Train,img_9_patch_2696_mask.tif,256,256,65536,0,65536,0.000000,1.000000,0
Train,img_9_patch_2697_mask.tif,256,256,65536,0,65536,0.000000,1.000000,0
Train,img_9_patch_2698_mask.tif,256,256,65536,0,65536,0.000000,1.000000,0
Train,img_9_patch_2699_mask.tif,256,256,65536,0,65536,0.000000,1.000000,0
Train,img_9_patch_2700_mask.tif,256,256,65536,0,65536,0.000000,1.000000,0
Train,img_9_patch_2701_mask.tif,256,256,65536,0,65536,0.000000,1.000000,0
Train,img_9_patch_2702_mask.tif,256,256,65536,0,65536,0.000000,1.000000,0
Train,img_9_patch_2703_mask.tif,256,256,65536,0,65536,0.000000,1.000000,0
Train,img_9_patch_2704_mask.tif,256,256,65536,0,65536,0.000000,1.000000,0
Train,img_9_patch_2705_mask.tif,256,256,65536,0,65536,0.000000,1.000000,0
Train,img_9_patch_2706_mask.tif,256,256,65536,0,65536,0.000000,1.000000,0
Train,img_9_patch_2707_mask.tif,256,256,65536,0,65536,0.000000,1.000000,0
Train,img_9_patch_2708_mask.tif,256,256,65536,0,65536,0.000000,1.000000,0
Train,img_9_patch_2709_mask.tif,256,256,65536,346,65190,0.005280,0.994720,1
Train,img_9_patch_2710_mask.tif,256,256,65536,3627,61909,0.055344,0.944656,3
Train,img_9_patch_2711_mask.tif,256,256,65536,5915,59621,0.090256,0.909744,2
Train,img_9_patch_2712_mask.tif,256,256,65536,6083,59453,0.092819,0.907181,3
Train,img_9_patch_2713_mask.tif,256,256,65536,5817,59719,0.088760,0.911240,4
Train,img_9_patch_2714_mask.tif,256,256,65536,2536,63000,0.038696,0.961304,4
Train,img_9_patch_2715_mask.tif,256,256,65536,248,65288,0.003784,0.996216,2
Train,img_9_patch_2716_mask.tif,256,256,65536,2286,63250,0.034882,0.965118,8
Train,img_9_patch_2717_mask.tif,256,256,65536,5703,59833,0.087021,0.912979,14
Train,img_9_patch_2718_mask.tif,256,256,65536,14807,50729,0.225937,0.774063,14
Train,img_9_patch_2719_mask.tif,256,256,65536,24067,41469,0.367233,0.632767,15
Train,img_9_patch_2720_mask.tif,256,256,65536,29724,35812,0.453552,0.546448,15
Train,img_9_patch_2721_mask.tif,256,256,65536,29559,35977,0.451035,0.548965,17
Train,img_9_patch_2722_mask.tif,256,256,65536,24659,40877,0.376266,0.623734,17
Train,img_9_patch_2723_mask.tif,256,256,65536,18575,46961,0.283432,0.716568,20
Train,img_9_patch_2724_mask.tif,256,256,65536,24801,40735,0.378433,0.621567,12
Train,img_9_patch_2725_mask.tif,256,256,65536,32903,32633,0.502060,0.497940,6
Train,img_9_patch_2726_mask.tif,256,256,65536,40132,25404,0.612366,0.387634,3
Train,img_9_patch_2727_mask.tif,256,256,65536,40837,24699,0.623123,0.376877,1
Train,img_9_patch_2728_mask.tif,256,256,65536,26748,38788,0.408142,0.591858,2
Train,img_9_patch_2729_mask.tif,256,256,65536,15314,50222,0.233673,0.766327,1
Train,img_9_patch_2730_mask.tif,256,256,65536,3881,61655,0.059219,0.940781,2
Train,img_9_patch_2731_mask.tif,256,256,65536,142,65394,0.002167,0.997833,1
Train,img_9_patch_2732_mask.tif,256,256,65536,142,65394,0.002167,0.997833,1
Train,img_9_patch_2733_mask.tif,256,256,65536,142,65394,0.002167,0.997833,1
Train,img_9_patch_2734_mask.tif,256,256,65536,142,65394,0.002167,0.997833,1
Train,img_9_patch_2735_mask.tif,256,256,65536,0,65536,0.000000,1.000000,0
Train,img_9_patch_2736_mask.tif,256,256,65536,0,65536,0.000000,1.000000,0
Train,img_9_patch_2737_mask.tif,256,256,65536,286,65250,0.004364,0.995636,2
Train,img_9_patch_2738_mask.tif,256,256,65536,554,64982,0.008453,0.991547,6
Train,img_9_patch_2739_mask.tif,256,256,65536,731,64805,0.011154,0.988846,8
Train,img_9_patch_2740_mask.tif,256,256,65536,731,64805,0.011154,0.988846,8
Train,img_9_patch_2741_mask.tif,256,256,65536,445,65091,0.006790,0.993210,6
Train,img_9_patch_2742_mask.tif,256,256,65536,177,65359,0.002701,0.997299,3
Train,img_9_patch_2743_mask.tif,256,256,65536,0,65536,0.000000,1.000000,0
Train,img_9_patch_2744_mask.tif,256,256,65536,0,65536,0.000000,1.000000,0
Train,img_9_patch_2745_mask.tif,256,256,65536,0,65536,0.000000,1.000000,0
Train,img_9_patch_2746_mask.tif,256,256,65536,0,65536,0.000000,1.000000,0
Train,img_9_patch_2747_mask.tif,256,256,65536,0,65536,0.000000,1.000000,0
Train,img_9_patch_2748_mask.tif,256,256,65536,0,65536,0.000000,1.000000,0
Train,img_9_patch_2749_mask.tif,256,256,65536,0,65536,0.000000,1.000000,0
Train,img_9_patch_2750_mask.tif,256,256,65536,0,65536,0.000000,1.000000,0
Train,img_9_patch_2751_mask.tif,256,256,65536,0,65536,0.000000,1.000000,0
Train,img_9_patch_2752_mask.tif,256,256,65536,0,65536,0.000000,1.000000,0
Train,img_9_patch_2753_mask.tif,256,256,65536,0,65536,0.000000,1.000000,0
Train,img_9_patch_2754_mask.tif,256,256,65536,0,65536,0.000000,1.000000,0
Train,img_9_patch_2755_mask.tif,256,256,65536,0,65536,0.000000,1.000000,0
Train,img_9_patch_2756_mask.tif,256,256,65536,0,65536,0.000000,1.000000,0
Train,img_9_patch_2757_mask.tif,256,256,65536,0,65536,0.000000,1.000000,0
Train,img_9_patch_2758_mask.tif,256,256,65536,0,65536,0.000000,1.000000,0
Train,img_9_patch_2759_mask.tif,256,256,65536,0,65536,0.000000,1.000000,0
Train,img_9_patch_2760_mask.tif,256,256,65536,0,65536,0.000000,1.000000,0
Train,img_9_patch_2761_mask.tif,256,256,65536,0,65536,0.000000,1.000000,0
Train,img_9_patch_2762_mask.tif,256,256,65536,0,65536,0.000000,1.000000,0
Train,img_9_patch_2763_mask.tif,256,256,65536,0,65536,0.000000,1.000000,0
Train,img_9_patch_2764_mask.tif,256,256,65536,756,64780,0.011536,0.988464,2
Train,img_9_patch_2765_mask.tif,256,256,65536,1993,63543,0.030411,0.969589,2
Train,img_9_patch_2766_mask.tif,256,256,65536,2927,62609,0.044662,0.955338,4
Train,img_9_patch_2767_mask.tif,256,256,65536,6009,59527,0.091690,0.908310,4
Train,img_9_patch_2768_mask.tif,256,256,65536,5253,60283,0.080154,0.919846,4
Train,img_9_patch_2769_mask.tif,256,256,65536,4016,61520,0.061279,0.938721,2
Train,img_9_patch_2770_mask.tif,256,256,65536,5030,60506,0.076752,0.923248,6
Train,img_9_patch_2771_mask.tif,256,256,65536,4723,60813,0.072067,0.927933,10
Train,img_9_patch_2772_mask.tif,256,256,65536,10106,55430,0.154205,0.845795,11
Train,img_9_patch_2773_mask.tif,256,256,65536,16289,49247,0.248550,0.751450,12
Train,img_9_patch_2774_mask.tif,256,256,65536,19005,46531,0.289993,0.710007,14
Train,img_9_patch_2775_mask.tif,256,256,65536,17712,47824,0.270264,0.729736,16
Train,img_9_patch_2776_mask.tif,256,256,65536,14341,51195,0.218826,0.781174,18
Train,img_9_patch_2777_mask.tif,256,256,65536,14541,50995,0.221878,0.778122,18
Train,img_9_patch_2778_mask.tif,256,256,65536,22625,42911,0.345230,0.654770,12
Train,img_9_patch_2779_mask.tif,256,256,65536,29648,35888,0.452393,0.547607,7
Train,img_9_patch_2780_mask.tif,256,256,65536,35334,30202,0.539154,0.460846,2
Train,img_9_patch_2781_mask.tif,256,256,65536,29813,35723,0.454910,0.545090,2
Train,img_9_patch_2782_mask.tif,256,256,65536,17065,48471,0.260391,0.739609,2
Train,img_9_patch_2783_mask.tif,256,256,65536,8560,56976,0.130615,0.869385,1
Train,img_9_patch_2784_mask.tif,256,256,65536,862,64674,0.013153,0.986847,2
Train,img_9_patch_2785_mask.tif,256,256,65536,142,65394,0.002167,0.997833,1
Train,img_9_patch_2786_mask.tif,256,256,65536,142,65394,0.002167,0.997833,1
Train,img_9_patch_2787_mask.tif,256,256,65536,142,65394,0.002167,0.997833,1
Train,img_9_patch_2788_mask.tif,256,256,65536,142,65394,0.002167,0.997833,1
Train,img_9_patch_2789_mask.tif,256,256,65536,0,65536,0.000000,1.000000,0
Train,img_9_patch_2790_mask.tif,256,256,65536,0,65536,0.000000,1.000000,0
Train,img_9_patch_2791_mask.tif,256,256,65536,0,65536,0.000000,1.000000,0
Train,img_9_patch_2792_mask.tif,256,256,65536,0,65536,0.000000,1.000000,0
Train,img_9_patch_2793_mask.tif,256,256,65536,802,64734,0.012238,0.987762,3
Train,img_9_patch_2794_mask.tif,256,256,65536,802,64734,0.012238,0.987762,3
Train,img_9_patch_2795_mask.tif,256,256,65536,802,64734,0.012238,0.987762,3
Train,img_9_patch_2796_mask.tif,256,256,65536,802,64734,0.012238,0.987762,3
Train,img_9_patch_2797_mask.tif,256,256,65536,0,65536,0.000000,1.000000,0
Train,img_9_patch_2798_mask.tif,256,256,65536,0,65536,0.000000,1.000000,0
Train,img_9_patch_2799_mask.tif,256,256,65536,0,65536,0.000000,1.000000,0
Train,img_9_patch_2800_mask.tif,256,256,65536,0,65536,0.000000,1.000000,0
Train,img_9_patch_2801_mask.tif,256,256,65536,0,65536,0.000000,1.000000,0
Train,img_9_patch_2802_mask.tif,256,256,65536,0,65536,0.000000,1.000000,0
Train,img_9_patch_2803_mask.tif,256,256,65536,0,65536,0.000000,1.000000,0
Train,img_9_patch_2804_mask.tif,256,256,65536,0,65536,0.000000,1.000000,0
Train,img_9_patch_2805_mask.tif,256,256,65536,0,65536,0.000000,1.000000,0
Train,img_9_patch_2806_mask.tif,256,256,65536,0,65536,0.000000,1.000000,0
Train,img_9_patch_2807_mask.tif,256,256,65536,0,65536,0.000000,1.000000,0
Train,img_9_patch_2808_mask.tif,256,256,65536,0,65536,0.000000,1.000000,0
Train,img_9_patch_2809_mask.tif,256,256,65536,0,65536,0.000000,1.000000,0
Train,img_9_patch_2810_mask.tif,256,256,65536,0,65536,0.000000,1.000000,0
Train,img_9_patch_2811_mask.tif,256,256,65536,0,65536,0.000000,1.000000,0
Train,img_9_patch_2812_mask.tif,256,256,65536,0,65536,0.000000,1.000000,0
Train,img_9_patch_2813_mask.tif,256,256,65536,0,65536,0.000000,1.000000,0
Train,img_9_patch_2814_mask.tif,256,256,65536,0,65536,0.000000,1.000000,0
Train,img_9_patch_2815_mask.tif,256,256,65536,0,65536,0.000000,1.000000,0
Train,img_9_patch_2816_mask.tif,256,256,65536,0,65536,0.000000,1.000000,0
Train,img_9_patch_2817_mask.tif,256,256,65536,0,65536,0.000000,1.000000,0
Train,img_9_patch_2818_mask.tif,256,256,65536,0,65536,0.000000,1.000000,0
Train,img_9_patch_2819_mask.tif,256,256,65536,734,64802,0.011200,0.988800,1
Train,img_9_patch_2820_mask.tif,256,256,65536,1668,63868,0.025452,0.974548,3
Train,img_9_patch_2821_mask.tif,256,256,65536,7323,58213,0.111740,0.888260,3
Train,img_9_patch_2822_mask.tif,256,256,65536,10059,55477,0.153488,0.846512,3
Train,img_9_patch_2823_mask.tif,256,256,65536,9325,56211,0.142288,0.857712,2
Train,img_9_patch_2824_mask.tif,256,256,65536,10059,55477,0.153488,0.846512,3
Train,img_9_patch_2825_mask.tif,256,256,65536,6712,58824,0.102417,0.897583,6
Train,img_9_patch_2826_mask.tif,256,256,65536,6472,59064,0.098755,0.901245,8
Train,img_9_patch_2827_mask.tif,256,256,65536,9138,56398,0.139435,0.860565,10
Train,img_9_patch_2828_mask.tif,256,256,65536,10102,55434,0.154144,0.845856,17
Train,img_9_patch_2829_mask.tif,256,256,65536,8736,56800,0.133301,0.866699,17
Train,img_9_patch_2830_mask.tif,256,256,65536,8207,57329,0.125229,0.874771,17
Train,img_9_patch_2831_mask.tif,256,256,65536,14259,51277,0.217575,0.782425,15
Train,img_9_patch_2832_mask.tif,256,256,65536,21467,44069,0.327560,0.672440,8
Train,img_9_patch_2833_mask.tif,256,256,65536,24934,40602,0.380463,0.619537,4
Train,img_9_patch_2834_mask.tif,256,256,65536,28510,37026,0.435028,0.564972,2
Train,img_9_patch_2835_mask.tif,256,256,65536,19906,45630,0.303741,0.696259,2
Train,img_9_patch_2836_mask.tif,256,256,65536,10066,55470,0.153595,0.846405,2
Train,img_9_patch_2837_mask.tif,256,256,65536,5657,59879,0.086319,0.913681,1
Train,img_9_patch_2838_mask.tif,256,256,65536,114,65422,0.001740,0.998260,1
Train,img_9_patch_2839_mask.tif,256,256,65536,0,65536,0.000000,1.000000,0
Train,img_9_patch_2840_mask.tif,256,256,65536,0,65536,0.000000,1.000000,0
Train,img_9_patch_2841_mask.tif,256,256,65536,0,65536,0.000000,1.000000,0
Train,img_9_patch_2842_mask.tif,256,256,65536,0,65536,0.000000,1.000000,0
Train,img_9_patch_2843_mask.tif,256,256,65536,0,65536,0.000000,1.000000,0
Train,img_9_patch_2844_mask.tif,256,256,65536,0,65536,0.000000,1.000000,0
Train,img_9_patch_2845_mask.tif,256,256,65536,0,65536,0.000000,1.000000,0
Train,img_9_patch_2846_mask.tif,256,256,65536,0,65536,0.000000,1.000000,0
Train,img_9_patch_2847_mask.tif,256,256,65536,956,64580,0.014587,0.985413,2
Train,img_9_patch_2848_mask.tif,256,256,65536,956,64580,0.014587,0.985413,2
Train,img_9_patch_2849_mask.tif,256,256,65536,956,64580,0.014587,0.985413,2
Train,img_9_patch_2850_mask.tif,256,256,65536,956,64580,0.014587,0.985413,2
Train,img_9_patch_2851_mask.tif,256,256,65536,0,65536,0.000000,1.000000,0
Train,img_9_patch_2852_mask.tif,256,256,65536,0,65536,0.000000,1.000000,0
Train,img_9_patch_2853_mask.tif,256,256,65536,0,65536,0.000000,1.000000,0
Train,img_9_patch_2854_mask.tif,256,256,65536,0,65536,0.000000,1.000000,0
Train,img_9_patch_2855_mask.tif,256,256,65536,0,65536,0.000000,1.000000,0
Train,img_9_patch_2856_mask.tif,256,256,65536,0,65536,0.000000,1.000000,0
Train,img_9_patch_2857_mask.tif,256,256,65536,0,65536,0.000000,1.000000,0
Train,img_9_patch_2858_mask.tif,256,256,65536,0,65536,0.000000,1.000000,0
Train,img_9_patch_2859_mask.tif,256,256,65536,0,65536,0.000000,1.000000,0
Train,img_9_patch_2860_mask.tif,256,256,65536,0,65536,0.000000,1.000000,0
Train,img_9_patch_2861_mask.tif,256,256,65536,0,65536,0.000000,1.000000,0
Train,img_9_patch_2862_mask.tif,256,256,65536,0,65536,0.000000,1.000000,0
Train,img_9_patch_2863_mask.tif,256,256,65536,0,65536,0.000000,1.000000,0
Train,img_9_patch_2864_mask.tif,256,256,65536,0,65536,0.000000,1.000000,0
Train,img_9_patch_2865_mask.tif,256,256,65536,0,65536,0.000000,1.000000,0
Train,img_9_patch_2866_mask.tif,256,256,65536,0,65536,0.000000,1.000000,0
Train,img_9_patch_2867_mask.tif,256,256,65536,0,65536,0.000000,1.000000,0
Train,img_9_patch_2868_mask.tif,256,256,65536,0,65536,0.000000,1.000000,0
Train,img_9_patch_2869_mask.tif,256,256,65536,0,65536,0.000000,1.000000,0
Train,img_9_patch_2870_mask.tif,256,256,65536,0,65536,0.000000,1.000000,0
Train,img_9_patch_2871_mask.tif,256,256,65536,0,65536,0.000000,1.000000,0
Train,img_9_patch_2872_mask.tif,256,256,65536,0,65536,0.000000,1.000000,0
Train,img_9_patch_2873_mask.tif,256,256,65536,0,65536,0.000000,1.000000,0
Train,img_9_patch_2874_mask.tif,256,256,65536,934,64602,0.014252,0.985748,2
Train,img_9_patch_2875_mask.tif,256,256,65536,7361,58175,0.112320,0.887680,2
Train,img_9_patch_2876_mask.tif,256,256,65536,13991,51545,0.213486,0.786514,2
Train,img_9_patch_2877_mask.tif,256,256,65536,14256,51280,0.217529,0.782471,4
Train,img_9_patch_2878_mask.tif,256,256,65536,13328,52208,0.203369,0.796631,4
Train,img_9_patch_2879_mask.tif,256,256,65536,8765,56771,0.133743,0.866257,8
Train,img_9_patch_2880_mask.tif,256,256,65536,3666,61870,0.055939,0.944061,9
Train,img_9_patch_2881_mask.tif,256,256,65536,4626,60910,0.070587,0.929413,11
Train,img_9_patch_2882_mask.tif,256,256,65536,7442,58094,0.113556,0.886444,12
Train,img_9_patch_2883_mask.tif,256,256,65536,9753,55783,0.148819,0.851181,12
Train,img_9_patch_2884_mask.tif,256,256,65536,13450,52086,0.205231,0.794769,11
Train,img_9_patch_2885_mask.tif,256,256,65536,19652,45884,0.299866,0.700134,7
Train,img_9_patch_2886_mask.tif,256,256,65536,23363,42173,0.356491,0.643509,5
Train,img_9_patch_2887_mask.tif,256,256,65536,19648,45888,0.299805,0.700195,5
Train,img_9_patch_2888_mask.tif,256,256,65536,16518,49018,0.252045,0.747955,5
Train,img_9_patch_2889_mask.tif,256,256,65536,9093,56443,0.138748,0.861252,4
Train,img_9_patch_2890_mask.tif,256,256,65536,2560,62976,0.039062,0.960938,3
Train,img_9_patch_2891_mask.tif,256,256,65536,2100,63436,0.032043,0.967957,1
Train,img_9_patch_2892_mask.tif,256,256,65536,2,65534,0.000031,0.999969,1
Train,img_9_patch_2893_mask.tif,256,256,65536,0,65536,0.000000,1.000000,0
Train,img_9_patch_2894_mask.tif,256,256,65536,0,65536,0.000000,1.000000,0
Train,img_9_patch_2895_mask.tif,256,256,65536,0,65536,0.000000,1.000000,0
Train,img_9_patch_2896_mask.tif,256,256,65536,0,65536,0.000000,1.000000,0
Train,img_9_patch_2897_mask.tif,256,256,65536,0,65536,0.000000,1.000000,0
Train,img_9_patch_2898_mask.tif,256,256,65536,0,65536,0.000000,1.000000,0
Train,img_9_patch_2899_mask.tif,256,256,65536,0,65536,0.000000,1.000000,0
Train,img_9_patch_2900_mask.tif,256,256,65536,0,65536,0.000000,1.000000,0
Train,img_9_patch_2901_mask.tif,256,256,65536,956,64580,0.014587,0.985413,2
Train,img_9_patch_2902_mask.tif,256,256,65536,956,64580,0.014587,0.985413,2
Train,img_9_patch_2903_mask.tif,256,256,65536,956,64580,0.014587,0.985413,2
Train,img_9_patch_2904_mask.tif,256,256,65536,956,64580,0.014587,0.985413,2
Train,img_9_patch_2905_mask.tif,256,256,65536,0,65536,0.000000,1.000000,0
Train,img_9_patch_2906_mask.tif,256,256,65536,0,65536,0.000000,1.000000,0
Train,img_9_patch_2907_mask.tif,256,256,65536,0,65536,0.000000,1.000000,0
Train,img_9_patch_2908_mask.tif,256,256,65536,0,65536,0.000000,1.000000,0
Train,img_9_patch_2909_mask.tif,256,256,65536,0,65536,0.000000,1.000000,0
Train,img_9_patch_2910_mask.tif,256,256,65536,0,65536,0.000000,1.000000,0
Train,img_9_patch_2911_mask.tif,256,256,65536,0,65536,0.000000,1.000000,0
Train,img_9_patch_2912_mask.tif,256,256,65536,0,65536,0.000000,1.000000,0
Train,img_9_patch_2913_mask.tif,256,256,65536,0,65536,0.000000,1.000000,0
Train,img_9_patch_2914_mask.tif,256,256,65536,0,65536,0.000000,1.000000,0
Train,img_9_patch_2915_mask.tif,256,256,65536,0,65536,0.000000,1.000000,0
Train,img_9_patch_2916_mask.tif,256,256,65536,0,65536,0.000000,1.000000,0
Train,img_9_patch_2917_mask.tif,256,256,65536,0,65536,0.000000,1.000000,0
Train,img_9_patch_2918_mask.tif,256,256,65536,0,65536,0.000000,1.000000,0
Train,img_9_patch_2919_mask.tif,256,256,65536,0,65536,0.000000,1.000000,0
Train,img_9_patch_2920_mask.tif,256,256,65536,0,65536,0.000000,1.000000,0
Train,img_9_patch_2921_mask.tif,256,256,65536,0,65536,0.000000,1.000000,0
Train,img_9_patch_2922_mask.tif,256,256,65536,0,65536,0.000000,1.000000,0
Train,img_9_patch_2923_mask.tif,256,256,65536,0,65536,0.000000,1.000000,0
Train,img_9_patch_2924_mask.tif,256,256,65536,0,65536,0.000000,1.000000,0
Train,img_9_patch_2925_mask.tif,256,256,65536,0,65536,0.000000,1.000000,0
Train,img_9_patch_2926_mask.tif,256,256,65536,0,65536,0.000000,1.000000,0
Train,img_9_patch_2927_mask.tif,256,256,65536,0,65536,0.000000,1.000000,0
Train,img_9_patch_2928_mask.tif,256,256,65536,766,64770,0.011688,0.988312,1
Train,img_9_patch_2929_mask.tif,256,256,65536,7113,58423,0.108536,0.891464,1
Train,img_9_patch_2930_mask.tif,256,256,65536,16920,48616,0.258179,0.741821,1
Train,img_9_patch_2931_mask.tif,256,256,65536,18666,46870,0.284821,0.715179,2
Train,img_9_patch_2932_mask.tif,256,256,65536,21041,44495,0.321060,0.678940,2
Train,img_9_patch_2933_mask.tif,256,256,65536,17536,48000,0.267578,0.732422,4
Train,img_9_patch_2934_mask.tif,256,256,65536,10465,55071,0.159683,0.840317,4
Train,img_9_patch_2935_mask.tif,256,256,65536,10408,55128,0.158813,0.841187,4
Train,img_9_patch_2936_mask.tif,256,256,65536,10025,55511,0.152969,0.847031,6
Train,img_9_patch_2937_mask.tif,256,256,65536,13497,52039,0.205948,0.794052,6
Train,img_9_patch_2938_mask.tif,256,256,65536,18409,47127,0.280899,0.719101,7
Train,img_9_patch_2939_mask.tif,256,256,65536,24764,40772,0.377869,0.622131,5
Train,img_9_patch_2940_mask.tif,256,256,65536,27182,38354,0.414764,0.585236,6
Train,img_9_patch_2941_mask.tif,256,256,65536,21468,44068,0.327576,0.672424,6
Train,img_9_patch_2942_mask.tif,256,256,65536,13820,51716,0.210876,0.789124,7
Train,img_9_patch_2943_mask.tif,256,256,65536,5776,59760,0.088135,0.911865,4
Train,img_9_patch_2944_mask.tif,256,256,65536,600,64936,0.009155,0.990845,2
Train,img_9_patch_2945_mask.tif,256,256,65536,0,65536,0.000000,1.000000,0
Train,img_9_patch_2946_mask.tif,256,256,65536,0,65536,0.000000,1.000000,0
Train,img_9_patch_2947_mask.tif,256,256,65536,0,65536,0.000000,1.000000,0
Train,img_9_patch_2948_mask.tif,256,256,65536,0,65536,0.000000,1.000000,0
Train,img_9_patch_2949_mask.tif,256,256,65536,0,65536,0.000000,1.000000,0
Train,img_9_patch_2950_mask.tif,256,256,65536,0,65536,0.000000,1.000000,0
Train,img_9_patch_2951_mask.tif,256,256,65536,0,65536,0.000000,1.000000,0
Train,img_9_patch_2952_mask.tif,256,256,65536,0,65536,0.000000,1.000000,0
Train,img_9_patch_2953_mask.tif,256,256,65536,0,65536,0.000000,1.000000,0
Train,img_9_patch_2954_mask.tif,256,256,65536,0,65536,0.000000,1.000000,0
Train,img_9_patch_2955_mask.tif,256,256,65536,956,64580,0.014587,0.985413,2
Train,img_9_patch_2956_mask.tif,256,256,65536,956,64580,0.014587,0.985413,2
Train,img_9_patch_2957_mask.tif,256,256,65536,956,64580,0.014587,0.985413,2
Train,img_9_patch_2958_mask.tif,256,256,65536,956,64580,0.014587,0.985413,2
Train,img_9_patch_2959_mask.tif,256,256,65536,0,65536,0.000000,1.000000,0
Train,img_9_patch_2960_mask.tif,256,256,65536,0,65536,0.000000,1.000000,0
Train,img_9_patch_2961_mask.tif,256,256,65536,0,65536,0.000000,1.000000,0
Train,img_9_patch_2962_mask.tif,256,256,65536,0,65536,0.000000,1.000000,0
Train,img_9_patch_2963_mask.tif,256,256,65536,0,65536,0.000000,1.000000,0
Train,img_9_patch_2964_mask.tif,256,256,65536,0,65536,0.000000,1.000000,0
Train,img_9_patch_2965_mask.tif,256,256,65536,0,65536,0.000000,1.000000,0
Train,img_9_patch_2966_mask.tif,256,256,65536,0,65536,0.000000,1.000000,0
Train,img_9_patch_2967_mask.tif,256,256,65536,0,65536,0.000000,1.000000,0
Train,img_9_patch_2968_mask.tif,256,256,65536,0,65536,0.000000,1.000000,0
Train,img_9_patch_2969_mask.tif,256,256,65536,0,65536,0.000000,1.000000,0
Train,img_9_patch_2970_mask.tif,256,256,65536,0,65536,0.000000,1.000000,0
Train,img_9_patch_2971_mask.tif,256,256,65536,0,65536,0.000000,1.000000,0
Train,img_9_patch_2972_mask.tif,256,256,65536,0,65536,0.000000,1.000000,0
Train,img_9_patch_2973_mask.tif,256,256,65536,0,65536,0.000000,1.000000,0
Train,img_9_patch_2974_mask.tif,256,256,65536,0,65536,0.000000,1.000000,0
Train,img_9_patch_2975_mask.tif,256,256,65536,0,65536,0.000000,1.000000,0
Train,img_9_patch_2976_mask.tif,256,256,65536,0,65536,0.000000,1.000000,0
Train,img_9_patch_2977_mask.tif,256,256,65536,0,65536,0.000000,1.000000,0
Train,img_9_patch_2978_mask.tif,256,256,65536,0,65536,0.000000,1.000000,0
Train,img_9_patch_2979_mask.tif,256,256,65536,0,65536,0.000000,1.000000,0
Train,img_9_patch_2980_mask.tif,256,256,65536,0,65536,0.000000,1.000000,0
Train,img_9_patch_2981_mask.tif,256,256,65536,0,65536,0.000000,1.000000,0
Train,img_9_patch_2982_mask.tif,256,256,65536,0,65536,0.000000,1.000000,0
Train,img_9_patch_2983_mask.tif,256,256,65536,3345,62191,0.051041,0.948959,1
Train,img_9_patch_2984_mask.tif,256,256,65536,14009,51527,0.213760,0.786240,2
Train,img_9_patch_2985_mask.tif,256,256,65536,19640,45896,0.299683,0.700317,2
Train,img_9_patch_2986_mask.tif,256,256,65536,26851,38685,0.409714,0.590286,1
Train,img_9_patch_2987_mask.tif,256,256,65536,30348,35188,0.463074,0.536926,3
Train,img_9_patch_2988_mask.tif,256,256,65536,24375,41161,0.371933,0.628067,3
Train,img_9_patch_2989_mask.tif,256,256,65536,20735,44801,0.316391,0.683609,6
Train,img_9_patch_2990_mask.tif,256,256,65536,17398,48138,0.265472,0.734528,7
Train,img_9_patch_2991_mask.tif,256,256,65536,18174,47362,0.277313,0.722687,9
Train,img_9_patch_2992_mask.tif,256,256,65536,20648,44888,0.315063,0.684937,8
Train,img_9_patch_2993_mask.tif,256,256,65536,24256,41280,0.370117,0.629883,7
Train,img_9_patch_2994_mask.tif,256,256,65536,26474,39062,0.403961,0.596039,7
Train,img_9_patch_2995_mask.tif,256,256,65536,20770,44766,0.316925,0.683075,5
Train,img_9_patch_2996_mask.tif,256,256,65536,13605,51931,0.207596,0.792404,7
Train,img_9_patch_2997_mask.tif,256,256,65536,8006,57530,0.122162,0.877838,3
Train,img_9_patch_2998_mask.tif,256,256,65536,1914,63622,0.029205,0.970795,1
Train,img_9_patch_2999_mask.tif,256,256,65536,0,65536,0.000000,1.000000,0
Train,img_9_patch_3000_mask.tif,256,256,65536,0,65536,0.000000,1.000000,0
Train,img_9_patch_3001_mask.tif,256,256,65536,0,65536,0.000000,1.000000,0
Train,img_9_patch_3002_mask.tif,256,256,65536,0,65536,0.000000,1.000000,0
Train,img_9_patch_3003_mask.tif,256,256,65536,0,65536,0.000000,1.000000,0
Train,img_9_patch_3004_mask.tif,256,256,65536,0,65536,0.000000,1.000000,0
Train,img_9_patch_3005_mask.tif,256,256,65536,0,65536,0.000000,1.000000,0
Train,img_9_patch_3006_mask.tif,256,256,65536,0,65536,0.000000,1.000000,0
Train,img_9_patch_3007_mask.tif,256,256,65536,0,65536,0.000000,1.000000,0
Train,img_9_patch_3008_mask.tif,256,256,65536,0,65536,0.000000,1.000000,0
Train,img_9_patch_3009_mask.tif,256,256,65536,230,65306,0.003510,0.996490,1
Train,img_9_patch_3010_mask.tif,256,256,65536,230,65306,0.003510,0.996490,1
Train,img_9_patch_3011_mask.tif,256,256,65536,230,65306,0.003510,0.996490,1
Train,img_9_patch_3012_mask.tif,256,256,65536,230,65306,0.003510,0.996490,1
Train,img_9_patch_3013_mask.tif,256,256,65536,0,65536,0.000000,1.000000,0
Train,img_9_patch_3014_mask.tif,256,256,65536,0,65536,0.000000,1.000000,0
Train,img_9_patch_3015_mask.tif,256,256,65536,0,65536,0.000000,1.000000,0
Train,img_9_patch_3016_mask.tif,256,256,65536,0,65536,0.000000,1.000000,0
Train,img_9_patch_3017_mask.tif,256,256,65536,0,65536,0.000000,1.000000,0
Train,img_9_patch_3018_mask.tif,256,256,65536,0,65536,0.000000,1.000000,0
Train,img_9_patch_3019_mask.tif,256,256,65536,0,65536,0.000000,1.000000,0
Train,img_9_patch_3020_mask.tif,256,256,65536,0,65536,0.000000,1.000000,0
Train,img_9_patch_3021_mask.tif,256,256,65536,0,65536,0.000000,1.000000,0
Train,img_9_patch_3022_mask.tif,256,256,65536,0,65536,0.000000,1.000000,0
Train,img_9_patch_3023_mask.tif,256,256,65536,0,65536,0.000000,1.000000,0
Train,img_9_patch_3024_mask.tif,256,256,65536,0,65536,0.000000,1.000000,0
Train,img_9_patch_3025_mask.tif,256,256,65536,0,65536,0.000000,1.000000,0
Train,img_9_patch_3026_mask.tif,256,256,65536,0,65536,0.000000,1.000000,0
Train,img_9_patch_3027_mask.tif,256,256,65536,0,65536,0.000000,1.000000,0
Train,img_9_patch_3028_mask.tif,256,256,65536,0,65536,0.000000,1.000000,0
Train,img_9_patch_3029_mask.tif,256,256,65536,0,65536,0.000000,1.000000,0
Train,img_9_patch_3030_mask.tif,256,256,65536,0,65536,0.000000,1.000000,0
Train,img_9_patch_3031_mask.tif,256,256,65536,0,65536,0.000000,1.000000,0
Train,img_9_patch_3032_mask.tif,256,256,65536,0,65536,0.000000,1.000000,0
Train,img_9_patch_3033_mask.tif,256,256,65536,0,65536,0.000000,1.000000,0
Train,img_9_patch_3034_mask.tif,256,256,65536,0,65536,0.000000,1.000000,0
Train,img_9_patch_3035_mask.tif,256,256,65536,0,65536,0.000000,1.000000,0
Train,img_9_patch_3036_mask.tif,256,256,65536,0,65536,0.000000,1.000000,0
Train,img_9_patch_3037_mask.tif,256,256,65536,772,64764,0.011780,0.988220,1
Train,img_9_patch_3038_mask.tif,256,256,65536,8729,56807,0.133194,0.866806,2
Train,img_9_patch_3039_mask.tif,256,256,65536,18007,47529,0.274765,0.725235,2
Train,img_9_patch_3040_mask.tif,256,256,65536,29314,36222,0.447296,0.552704,1
Train,img_9_patch_3041_mask.tif,256,256,65536,39480,26056,0.602417,0.397583,3
Train,img_9_patch_3042_mask.tif,256,256,65536,40273,25263,0.614517,0.385483,3
Train,img_9_patch_3043_mask.tif,256,256,65536,36853,28683,0.562332,0.437668,6
Train,img_9_patch_3044_mask.tif,256,256,65536,31087,34449,0.474350,0.525650,6
Train,img_9_patch_3045_mask.tif,256,256,65536,27541,37995,0.420242,0.579758,8
Train,img_9_patch_3046_mask.tif,256,256,65536,24828,40708,0.378845,0.621155,8
Train,img_9_patch_3047_mask.tif,256,256,65536,21987,43549,0.335495,0.664505,8
Train,img_9_patch_3048_mask.tif,256,256,65536,22369,43167,0.341324,0.658676,8
Train,img_9_patch_3049_mask.tif,256,256,65536,16891,48645,0.257736,0.742264,5
Train,img_9_patch_3050_mask.tif,256,256,65536,10854,54682,0.165619,0.834381,7
Train,img_9_patch_3051_mask.tif,256,256,65536,7837,57699,0.119583,0.880417,2
Train,img_9_patch_3052_mask.tif,256,256,65536,1914,63622,0.029205,0.970795,1
Train,img_9_patch_3053_mask.tif,256,256,65536,0,65536,0.000000,1.000000,0
Train,img_9_patch_3054_mask.tif,256,256,65536,0,65536,0.000000,1.000000,0
Train,img_9_patch_3055_mask.tif,256,256,65536,0,65536,0.000000,1.000000,0
Train,img_9_patch_3056_mask.tif,256,256,65536,0,65536,0.000000,1.000000,0
Train,img_9_patch_3057_mask.tif,256,256,65536,0,65536,0.000000,1.000000,0
Train,img_9_patch_3058_mask.tif,256,256,65536,0,65536,0.000000,1.000000,0
Train,img_9_patch_3059_mask.tif,256,256,65536,0,65536,0.000000,1.000000,0
Train,img_9_patch_3060_mask.tif,256,256,65536,0,65536,0.000000,1.000000,0
Train,img_9_patch_3061_mask.tif,256,256,65536,0,65536,0.000000,1.000000,0
Train,img_9_patch_3062_mask.tif,256,256,65536,0,65536,0.000000,1.000000,0
Train,img_9_patch_3063_mask.tif,256,256,65536,0,65536,0.000000,1.000000,0
Train,img_9_patch_3064_mask.tif,256,256,65536,0,65536,0.000000,1.000000,0
Train,img_9_patch_3065_mask.tif,256,256,65536,0,65536,0.000000,1.000000,0
Train,img_9_patch_3066_mask.tif,256,256,65536,0,65536,0.000000,1.000000,0
Train,img_9_patch_3067_mask.tif,256,256,65536,0,65536,0.000000,1.000000,0
Train,img_9_patch_3068_mask.tif,256,256,65536,0,65536,0.000000,1.000000,0
Train,img_9_patch_3069_mask.tif,256,256,65536,0,65536,0.000000,1.000000,0
Train,img_9_patch_3070_mask.tif,256,256,65536,0,65536,0.000000,1.000000,0
Train,img_9_patch_3071_mask.tif,256,256,65536,0,65536,0.000000,1.000000,0
Train,img_9_patch_3072_mask.tif,256,256,65536,0,65536,0.000000,1.000000,0
Train,img_9_patch_3073_mask.tif,256,256,65536,0,65536,0.000000,1.000000,0
Train,img_9_patch_3074_mask.tif,256,256,65536,0,65536,0.000000,1.000000,0
Train,img_9_patch_3075_mask.tif,256,256,65536,0,65536,0.000000,1.000000,0
Train,img_9_patch_3076_mask.tif,256,256,65536,0,65536,0.000000,1.000000,0
Train,img_9_patch_3077_mask.tif,256,256,65536,0,65536,0.000000,1.000000,0
Train,img_9_patch_3078_mask.tif,256,256,65536,0,65536,0.000000,1.000000,0
Train,img_9_patch_3079_mask.tif,256,256,65536,0,65536,0.000000,1.000000,0
Train,img_9_patch_3080_mask.tif,256,256,65536,0,65536,0.000000,1.000000,0
Train,img_9_patch_3081_mask.tif,256,256,65536,0,65536,0.000000,1.000000,0
Train,img_9_patch_3082_mask.tif,256,256,65536,0,65536,0.000000,1.000000,0
Train,img_9_patch_3083_mask.tif,256,256,65536,0,65536,0.000000,1.000000,0
Train,img_9_patch_3084_mask.tif,256,256,65536,0,65536,0.000000,1.000000,0
Train,img_9_patch_3085_mask.tif,256,256,65536,0,65536,0.000000,1.000000,0
Train,img_9_patch_3086_mask.tif,256,256,65536,0,65536,0.000000,1.000000,0
Train,img_9_patch_3087_mask.tif,256,256,65536,0,65536,0.000000,1.000000,0
Train,img_9_patch_3088_mask.tif,256,256,65536,0,65536,0.000000,1.000000,0
Train,img_9_patch_3089_mask.tif,256,256,65536,0,65536,0.000000,1.000000,0
Train,img_9_patch_3090_mask.tif,256,256,65536,0,65536,0.000000,1.000000,0
Train,img_9_patch_3091_mask.tif,256,256,65536,0,65536,0.000000,1.000000,0
Train,img_9_patch_3092_mask.tif,256,256,65536,4063,61473,0.061996,0.938004,2
Train,img_9_patch_3093_mask.tif,256,256,65536,15037,50499,0.229446,0.770554,2
Train,img_9_patch_3094_mask.tif,256,256,65536,27840,37696,0.424805,0.575195,1
Train,img_9_patch_3095_mask.tif,256,256,65536,42616,22920,0.650269,0.349731,2
Train,img_9_patch_3096_mask.tif,256,256,65536,50999,14537,0.778183,0.221817,2
Train,img_9_patch_3097_mask.tif,256,256,65536,49274,16262,0.751862,0.248138,5
Train,img_9_patch_3098_mask.tif,256,256,65536,44051,21485,0.672165,0.327835,5
Train,img_9_patch_3099_mask.tif,256,256,65536,33523,32013,0.511520,0.488480,7
Train,img_9_patch_3100_mask.tif,256,256,65536,23529,42007,0.359024,0.640976,8
Train,img_9_patch_3101_mask.tif,256,256,65536,16843,48693,0.257004,0.742996,7
Train,img_9_patch_3102_mask.tif,256,256,65536,14397,51139,0.219681,0.780319,7
Train,img_9_patch_3103_mask.tif,256,256,65536,12063,53473,0.184067,0.815933,3
Train,img_9_patch_3104_mask.tif,256,256,65536,9611,55925,0.146652,0.853348,3
Train,img_9_patch_3105_mask.tif,256,256,65536,7048,58488,0.107544,0.892456,1
Train,img_9_patch_3106_mask.tif,256,256,65536,1914,63622,0.029205,0.970795,1
Train,img_9_patch_3107_mask.tif,256,256,65536,0,65536,0.000000,1.000000,0
Train,img_9_patch_3108_mask.tif,256,256,65536,0,65536,0.000000,1.000000,0
Train,img_9_patch_3109_mask.tif,256,256,65536,0,65536,0.000000,1.000000,0
Train,img_9_patch_3110_mask.tif,256,256,65536,0,65536,0.000000,1.000000,0
Train,img_9_patch_3111_mask.tif,256,256,65536,0,65536,0.000000,1.000000,0
Train,img_9_patch_3112_mask.tif,256,256,65536,0,65536,0.000000,1.000000,0
Train,img_9_patch_3113_mask.tif,256,256,65536,0,65536,0.000000,1.000000,0
Train,img_9_patch_3114_mask.tif,256,256,65536,0,65536,0.000000,1.000000,0
Train,img_9_patch_3115_mask.tif,256,256,65536,0,65536,0.000000,1.000000,0
Train,img_9_patch_3116_mask.tif,256,256,65536,0,65536,0.000000,1.000000,0
Train,img_9_patch_3117_mask.tif,256,256,65536,0,65536,0.000000,1.000000,0
Train,img_9_patch_3118_mask.tif,256,256,65536,0,65536,0.000000,1.000000,0
Train,img_9_patch_3119_mask.tif,256,256,65536,0,65536,0.000000,1.000000,0
Train,img_9_patch_3120_mask.tif,256,256,65536,0,65536,0.000000,1.000000,0
Train,img_9_patch_3121_mask.tif,256,256,65536,0,65536,0.000000,1.000000,0
Train,img_9_patch_3122_mask.tif,256,256,65536,0,65536,0.000000,1.000000,0
Train,img_9_patch_3123_mask.tif,256,256,65536,0,65536,0.000000,1.000000,0
Train,img_9_patch_3124_mask.tif,256,256,65536,0,65536,0.000000,1.000000,0
Train,img_9_patch_3125_mask.tif,256,256,65536,0,65536,0.000000,1.000000,0
Train,img_9_patch_3126_mask.tif,256,256,65536,0,65536,0.000000,1.000000,0
Train,img_9_patch_3127_mask.tif,256,256,65536,0,65536,0.000000,1.000000,0
Train,img_9_patch_3128_mask.tif,256,256,65536,0,65536,0.000000,1.000000,0
Train,img_9_patch_3129_mask.tif,256,256,65536,0,65536,0.000000,1.000000,0
Train,img_9_patch_3130_mask.tif,256,256,65536,0,65536,0.000000,1.000000,0
Train,img_9_patch_3131_mask.tif,256,256,65536,0,65536,0.000000,1.000000,0
Train,img_9_patch_3132_mask.tif,256,256,65536,0,65536,0.000000,1.000000,0
Train,img_9_patch_3133_mask.tif,256,256,65536,0,65536,0.000000,1.000000,0
Train,img_9_patch_3134_mask.tif,256,256,65536,0,65536,0.000000,1.000000,0
Train,img_9_patch_3135_mask.tif,256,256,65536,0,65536,0.000000,1.000000,0
Train,img_9_patch_3136_mask.tif,256,256,65536,0,65536,0.000000,1.000000,0
Train,img_9_patch_3137_mask.tif,256,256,65536,0,65536,0.000000,1.000000,0
Train,img_9_patch_3138_mask.tif,256,256,65536,0,65536,0.000000,1.000000,0
Train,img_9_patch_3139_mask.tif,256,256,65536,0,65536,0.000000,1.000000,0
Train,img_9_patch_3140_mask.tif,256,256,65536,0,65536,0.000000,1.000000,0
Train,img_9_patch_3141_mask.tif,256,256,65536,0,65536,0.000000,1.000000,0
Train,img_9_patch_3142_mask.tif,256,256,65536,0,65536,0.000000,1.000000,0
Train,img_9_patch_3143_mask.tif,256,256,65536,0,65536,0.000000,1.000000,0
Train,img_9_patch_3144_mask.tif,256,256,65536,0,65536,0.000000,1.000000,0
Train,img_9_patch_3145_mask.tif,256,256,65536,0,65536,0.000000,1.000000,0
Train,img_9_patch_3146_mask.tif,256,256,65536,886,64650,0.013519,0.986481,2
Train,img_9_patch_3147_mask.tif,256,256,65536,10573,54963,0.161331,0.838669,2
Train,img_9_patch_3148_mask.tif,256,256,65536,23321,42215,0.355850,0.644150,2
Train,img_9_patch_3149_mask.tif,256,256,65536,39364,26172,0.600647,0.399353,1
Train,img_9_patch_3150_mask.tif,256,256,65536,52684,12852,0.803894,0.196106,2
Train,img_9_patch_3151_mask.tif,256,256,65536,55358,10178,0.844696,0.155304,6
Train,img_9_patch_3152_mask.tif,256,256,65536,54151,11385,0.826279,0.173721,5
Train,img_9_patch_3153_mask.tif,256,256,65536,42638,22898,0.650604,0.349396,8
Train,img_9_patch_3154_mask.tif,256,256,65536,30615,34921,0.467148,0.532852,7
Train,img_9_patch_3155_mask.tif,256,256,65536,20405,45131,0.311356,0.688644,8
Train,img_9_patch_3156_mask.tif,256,256,65536,11674,53862,0.178131,0.821869,8
Train,img_9_patch_3157_mask.tif,256,256,65536,8530,57006,0.130157,0.869843,5
Train,img_9_patch_3158_mask.tif,256,256,65536,6347,59189,0.096848,0.903152,4
Train,img_9_patch_3159_mask.tif,256,256,65536,4196,61340,0.064026,0.935974,1
Train,img_9_patch_3160_mask.tif,256,256,65536,1386,64150,0.021149,0.978851,1
Train,img_9_patch_3161_mask.tif,256,256,65536,0,65536,0.000000,1.000000,0
Train,img_9_patch_3162_mask.tif,256,256,65536,0,65536,0.000000,1.000000,0
Train,img_9_patch_3163_mask.tif,256,256,65536,0,65536,0.000000,1.000000,0
Train,img_9_patch_3164_mask.tif,256,256,65536,0,65536,0.000000,1.000000,0
Train,img_9_patch_3165_mask.tif,256,256,65536,0,65536,0.000000,1.000000,0
Train,img_9_patch_3166_mask.tif,256,256,65536,0,65536,0.000000,1.000000,0
Train,img_9_patch_3167_mask.tif,256,256,65536,0,65536,0.000000,1.000000,0
Train,img_9_patch_3168_mask.tif,256,256,65536,0,65536,0.000000,1.000000,0
Train,img_9_patch_3169_mask.tif,256,256,65536,0,65536,0.000000,1.000000,0
Train,img_9_patch_3170_mask.tif,256,256,65536,0,65536,0.000000,1.000000,0
Train,img_9_patch_3171_mask.tif,256,256,65536,0,65536,0.000000,1.000000,0
Train,img_9_patch_3172_mask.tif,256,256,65536,0,65536,0.000000,1.000000,0
Train,img_9_patch_3173_mask.tif,256,256,65536,0,65536,0.000000,1.000000,0
Train,img_9_patch_3174_mask.tif,256,256,65536,0,65536,0.000000,1.000000,0
Train,img_9_patch_3175_mask.tif,256,256,65536,0,65536,0.000000,1.000000,0
Train,img_9_patch_3176_mask.tif,256,256,65536,0,65536,0.000000,1.000000,0
Train,img_9_patch_3177_mask.tif,256,256,65536,0,65536,0.000000,1.000000,0
Train,img_9_patch_3178_mask.tif,256,256,65536,0,65536,0.000000,1.000000,0
Train,img_9_patch_3179_mask.tif,256,256,65536,0,65536,0.000000,1.000000,0
Train,img_9_patch_3180_mask.tif,256,256,65536,0,65536,0.000000,1.000000,0
Train,img_9_patch_3181_mask.tif,256,256,65536,0,65536,0.000000,1.000000,0
Train,img_9_patch_3182_mask.tif,256,256,65536,0,65536,0.000000,1.000000,0
Train,img_9_patch_3183_mask.tif,256,256,65536,0,65536,0.000000,1.000000,0
Train,img_9_patch_3184_mask.tif,256,256,65536,0,65536,0.000000,1.000000,0
Train,img_9_patch_3185_mask.tif,256,256,65536,0,65536,0.000000,1.000000,0
Train,img_9_patch_3186_mask.tif,256,256,65536,0,65536,0.000000,1.000000,0
Train,img_9_patch_3187_mask.tif,256,256,65536,0,65536,0.000000,1.000000,0
Train,img_9_patch_3188_mask.tif,256,256,65536,0,65536,0.000000,1.000000,0
Train,img_9_patch_3189_mask.tif,256,256,65536,0,65536,0.000000,1.000000,0
Train,img_9_patch_3190_mask.tif,256,256,65536,0,65536,0.000000,1.000000,0
Train,img_9_patch_3191_mask.tif,256,256,65536,0,65536,0.000000,1.000000,0
Train,img_9_patch_3192_mask.tif,256,256,65536,0,65536,0.000000,1.000000,0
Train,img_9_patch_3193_mask.tif,256,256,65536,0,65536,0.000000,1.000000,0
Train,img_9_patch_3194_mask.tif,256,256,65536,0,65536,0.000000,1.000000,0
Train,img_9_patch_3195_mask.tif,256,256,65536,0,65536,0.000000,1.000000,0
Train,img_9_patch_3196_mask.tif,256,256,65536,0,65536,0.000000,1.000000,0
Train,img_9_patch_3197_mask.tif,256,256,65536,0,65536,0.000000,1.000000,0
Train,img_9_patch_3198_mask.tif,256,256,65536,0,65536,0.000000,1.000000,0
Train,img_9_patch_3199_mask.tif,256,256,65536,0,65536,0.000000,1.000000,0
Train,img_9_patch_3200_mask.tif,256,256,65536,29,65507,0.000443,0.999557,1
Train,img_9_patch_3201_mask.tif,256,256,65536,5831,59705,0.088974,0.911026,2
Train,img_9_patch_3202_mask.tif,256,256,65536,14639,50897,0.223373,0.776627,3
Train,img_9_patch_3203_mask.tif,256,256,65536,30577,34959,0.466568,0.533432,1
Train,img_9_patch_3204_mask.tif,256,256,65536,46895,18641,0.715561,0.284439,1
Train,img_9_patch_3205_mask.tif,256,256,65536,57248,8288,0.873535,0.126465,1
Train,img_9_patch_3206_mask.tif,256,256,65536,62813,2723,0.958450,0.041550,1
Train,img_9_patch_3207_mask.tif,256,256,65536,51101,14435,0.779739,0.220261,2
Train,img_9_patch_3208_mask.tif,256,256,65536,37297,28239,0.569107,0.430893,2
Train,img_9_patch_3209_mask.tif,256,256,65536,23691,41845,0.361496,0.638504,2
Train,img_9_patch_3210_mask.tif,256,256,65536,10179,55357,0.155319,0.844681,4
Train,img_9_patch_3211_mask.tif,256,256,65536,5953,59583,0.090836,0.909164,1
Train,img_9_patch_3212_mask.tif,256,256,65536,3410,62126,0.052032,0.947968,1
Train,img_9_patch_3213_mask.tif,256,256,65536,861,64675,0.013138,0.986862,1
Train,img_9_patch_3214_mask.tif,256,256,65536,0,65536,0.000000,1.000000,0
Train,img_9_patch_3215_mask.tif,256,256,65536,0,65536,0.000000,1.000000,0
Train,img_9_patch_3216_mask.tif,256,256,65536,0,65536,0.000000,1.000000,0
Train,img_9_patch_3217_mask.tif,256,256,65536,0,65536,0.000000,1.000000,0
Train,img_9_patch_3218_mask.tif,256,256,65536,0,65536,0.000000,1.000000,0
Train,img_9_patch_3219_mask.tif,256,256,65536,0,65536,0.000000,1.000000,0
Train,img_9_patch_3220_mask.tif,256,256,65536,0,65536,0.000000,1.000000,0
Train,img_9_patch_3221_mask.tif,256,256,65536,0,65536,0.000000,1.000000,0
Train,img_9_patch_3222_mask.tif,256,256,65536,0,65536,0.000000,1.000000,0
Train,img_9_patch_3223_mask.tif,256,256,65536,0,65536,0.000000,1.000000,0
Train,img_9_patch_3224_mask.tif,256,256,65536,0,65536,0.000000,1.000000,0
Train,img_9_patch_3225_mask.tif,256,256,65536,0,65536,0.000000,1.000000,0
Train,img_9_patch_3226_mask.tif,256,256,65536,0,65536,0.000000,1.000000,0
Train,img_9_patch_3227_mask.tif,256,256,65536,0,65536,0.000000,1.000000,0
Train,img_9_patch_3228_mask.tif,256,256,65536,0,65536,0.000000,1.000000,0
Train,img_9_patch_3229_mask.tif,256,256,65536,0,65536,0.000000,1.000000,0
Train,img_9_patch_3230_mask.tif,256,256,65536,0,65536,0.000000,1.000000,0
Train,img_9_patch_3231_mask.tif,256,256,65536,0,65536,0.000000,1.000000,0
Train,img_9_patch_3232_mask.tif,256,256,65536,0,65536,0.000000,1.000000,0
Train,img_9_patch_3233_mask.tif,256,256,65536,0,65536,0.000000,1.000000,0
Train,img_9_patch_3234_mask.tif,256,256,65536,0,65536,0.000000,1.000000,0
Train,img_9_patch_3235_mask.tif,256,256,65536,0,65536,0.000000,1.000000,0
Train,img_9_patch_3236_mask.tif,256,256,65536,0,65536,0.000000,1.000000,0
Train,img_9_patch_3237_mask.tif,256,256,65536,0,65536,0.000000,1.000000,0
Train,img_9_patch_3238_mask.tif,256,256,65536,0,65536,0.000000,1.000000,0
Train,img_9_patch_3239_mask.tif,256,256,65536,0,65536,0.000000,1.000000,0
Train,img_9_patch_3240_mask.tif,256,256,65536,0,65536,0.000000,1.000000,0
Train,img_9_patch_3241_mask.tif,256,256,65536,0,65536,0.000000,1.000000,0
Train,img_9_patch_3242_mask.tif,256,256,65536,0,65536,0.000000,1.000000,0
Train,img_9_patch_3243_mask.tif,256,256,65536,0,65536,0.000000,1.000000,0
Train,img_9_patch_3244_mask.tif,256,256,65536,0,65536,0.000000,1.000000,0
Train,img_9_patch_3245_mask.tif,256,256,65536,0,65536,0.000000,1.000000,0
Train,img_9_patch_3246_mask.tif,256,256,65536,0,65536,0.000000,1.000000,0
Train,img_9_patch_3247_mask.tif,256,256,65536,0,65536,0.000000,1.000000,0
Train,img_9_patch_3248_mask.tif,256,256,65536,0,65536,0.000000,1.000000,0
Train,img_9_patch_3249_mask.tif,256,256,65536,0,65536,0.000000,1.000000,0
Train,img_9_patch_3250_mask.tif,256,256,65536,0,65536,0.000000,1.000000,0
Train,img_9_patch_3251_mask.tif,256,256,65536,0,65536,0.000000,1.000000,0
Train,img_9_patch_3252_mask.tif,256,256,65536,0,65536,0.000000,1.000000,0
Train,img_9_patch_3253_mask.tif,256,256,65536,0,65536,0.000000,1.000000,0
Train,img_9_patch_3254_mask.tif,256,256,65536,0,65536,0.000000,1.000000,0
Train,img_9_patch_3255_mask.tif,256,256,65536,2155,63381,0.032883,0.967117,2
Train,img_9_patch_3256_mask.tif,256,256,65536,8406,57130,0.128265,0.871735,3
Train,img_9_patch_3257_mask.tif,256,256,65536,24108,41428,0.367859,0.632141,1
Train,img_9_patch_3258_mask.tif,256,256,65536,40400,25136,0.616455,0.383545,1
Train,img_9_patch_3259_mask.tif,256,256,65536,53669,11867,0.818924,0.181076,1
Train,img_9_patch_3260_mask.tif,256,256,65536,62339,3197,0.951218,0.048782,2
Train,img_9_patch_3261_mask.tif,256,256,65536,53456,12080,0.815674,0.184326,2
Train,img_9_patch_3262_mask.tif,256,256,65536,41022,24514,0.625946,0.374054,3
Train,img_9_patch_3263_mask.tif,256,256,65536,28574,36962,0.436005,0.563995,3
Train,img_9_patch_3264_mask.tif,256,256,65536,14514,51022,0.221466,0.778534,3
Train,img_9_patch_3265_mask.tif,256,256,65536,7695,57841,0.117416,0.882584,4
Train,img_9_patch_3266_mask.tif,256,256,65536,3837,61699,0.058548,0.941452,2
Train,img_9_patch_3267_mask.tif,256,256,65536,861,64675,0.013138,0.986862,1
Train,img_9_patch_3268_mask.tif,256,256,65536,0,65536,0.000000,1.000000,0
Train,img_9_patch_3269_mask.tif,256,256,65536,0,65536,0.000000,1.000000,0
Train,img_9_patch_3270_mask.tif,256,256,65536,0,65536,0.000000,1.000000,0
Train,img_9_patch_3271_mask.tif,256,256,65536,0,65536,0.000000,1.000000,0
Train,img_9_patch_3272_mask.tif,256,256,65536,0,65536,0.000000,1.000000,0
Train,img_9_patch_3273_mask.tif,256,256,65536,0,65536,0.000000,1.000000,0
Train,img_9_patch_3274_mask.tif,256,256,65536,0,65536,0.000000,1.000000,0
Train,img_9_patch_3275_mask.tif,256,256,65536,0,65536,0.000000,1.000000,0
Train,img_9_patch_3276_mask.tif,256,256,65536,0,65536,0.000000,1.000000,0
Train,img_9_patch_3277_mask.tif,256,256,65536,0,65536,0.000000,1.000000,0
Train,img_9_patch_3278_mask.tif,256,256,65536,0,65536,0.000000,1.000000,0
Train,img_9_patch_3279_mask.tif,256,256,65536,0,65536,0.000000,1.000000,0
Train,img_9_patch_3280_mask.tif,256,256,65536,0,65536,0.000000,1.000000,0
Train,img_9_patch_3281_mask.tif,256,256,65536,0,65536,0.000000,1.000000,0
Train,img_9_patch_3282_mask.tif,256,256,65536,0,65536,0.000000,1.000000,0
Train,img_9_patch_3283_mask.tif,256,256,65536,0,65536,0.000000,1.000000,0
Train,img_9_patch_3284_mask.tif,256,256,65536,0,65536,0.000000,1.000000,0
Train,img_9_patch_3285_mask.tif,256,256,65536,0,65536,0.000000,1.000000,0
Train,img_9_patch_3286_mask.tif,256,256,65536,0,65536,0.000000,1.000000,0
Train,img_9_patch_3287_mask.tif,256,256,65536,0,65536,0.000000,1.000000,0
Train,img_9_patch_3288_mask.tif,256,256,65536,0,65536,0.000000,1.000000,0
Train,img_9_patch_3289_mask.tif,256,256,65536,0,65536,0.000000,1.000000,0
Train,img_9_patch_3290_mask.tif,256,256,65536,0,65536,0.000000,1.000000,0
Train,img_9_patch_3291_mask.tif,256,256,65536,0,65536,0.000000,1.000000,0
Train,img_9_patch_3292_mask.tif,256,256,65536,0,65536,0.000000,1.000000,0
Train,img_9_patch_3293_mask.tif,256,256,65536,0,65536,0.000000,1.000000,0
Train,img_9_patch_3294_mask.tif,256,256,65536,0,65536,0.000000,1.000000,0
Train,img_9_patch_3295_mask.tif,256,256,65536,0,65536,0.000000,1.000000,0
Train,img_9_patch_3296_mask.tif,256,256,65536,0,65536,0.000000,1.000000,0
Train,img_9_patch_3297_mask.tif,256,256,65536,0,65536,0.000000,1.000000,0
Train,img_9_patch_3298_mask.tif,256,256,65536,0,65536,0.000000,1.000000,0
Train,img_9_patch_3299_mask.tif,256,256,65536,0,65536,0.000000,1.000000,0
Train,img_9_patch_3300_mask.tif,256,256,65536,0,65536,0.000000,1.000000,0
Train,img_9_patch_3301_mask.tif,256,256,65536,0,65536,0.000000,1.000000,0
Train,img_9_patch_3302_mask.tif,256,256,65536,0,65536,0.000000,1.000000,0
Train,img_9_patch_3303_mask.tif,256,256,65536,0,65536,0.000000,1.000000,0
Train,img_9_patch_3304_mask.tif,256,256,65536,0,65536,0.000000,1.000000,0
Train,img_9_patch_3305_mask.tif,256,256,65536,0,65536,0.000000,1.000000,0
Train,img_9_patch_3306_mask.tif,256,256,65536,0,65536,0.000000,1.000000,0
Train,img_9_patch_3307_mask.tif,256,256,65536,0,65536,0.000000,1.000000,0
Train,img_9_patch_3308_mask.tif,256,256,65536,0,65536,0.000000,1.000000,0
Train,img_9_patch_3309_mask.tif,256,256,65536,194,65342,0.002960,0.997040,2
Train,img_9_patch_3310_mask.tif,256,256,65536,5327,60209,0.081284,0.918716,3
Train,img_9_patch_3311_mask.tif,256,256,65536,17331,48205,0.264450,0.735550,2
Train,img_9_patch_3312_mask.tif,256,256,65536,29535,36001,0.450668,0.549332,2
Train,img_9_patch_3313_mask.tif,256,256,65536,40669,24867,0.620560,0.379440,1
Train,img_9_patch_3314_mask.tif,256,256,65536,46757,18779,0.713455,0.286545,2
Train,img_9_patch_3315_mask.tif,256,256,65536,42962,22574,0.655548,0.344452,2
Train,img_9_patch_3316_mask.tif,256,256,65536,36615,28921,0.558701,0.441299,2
Train,img_9_patch_3317_mask.tif,256,256,65536,28526,37010,0.435272,0.564728,2
Train,img_9_patch_3318_mask.tif,256,256,65536,18166,47370,0.277191,0.722809,2
Train,img_9_patch_3319_mask.tif,256,256,65536,9957,55579,0.151932,0.848068,3
Train,img_9_patch_3320_mask.tif,256,256,65536,4100,61436,0.062561,0.937439,2
Train,img_9_patch_3321_mask.tif,256,256,65536,861,64675,0.013138,0.986862,1
Train,img_9_patch_3322_mask.tif,256,256,65536,0,65536,0.000000,1.000000,0
Train,img_9_patch_3323_mask.tif,256,256,65536,0,65536,0.000000,1.000000,0
Train,img_9_patch_3324_mask.tif,256,256,65536,0,65536,0.000000,1.000000,0
Train,img_9_patch_3325_mask.tif,256,256,65536,0,65536,0.000000,1.000000,0
Train,img_9_patch_3326_mask.tif,256,256,65536,0,65536,0.000000,1.000000,0
Train,img_9_patch_3327_mask.tif,256,256,65536,0,65536,0.000000,1.000000,0
Train,img_9_patch_3328_mask.tif,256,256,65536,0,65536,0.000000,1.000000,0
Train,img_9_patch_3329_mask.tif,256,256,65536,0,65536,0.000000,1.000000,0
Train,img_9_patch_3330_mask.tif,256,256,65536,0,65536,0.000000,1.000000,0
Train,img_9_patch_3331_mask.tif,256,256,65536,0,65536,0.000000,1.000000,0
Train,img_9_patch_3332_mask.tif,256,256,65536,0,65536,0.000000,1.000000,0
Train,img_9_patch_3333_mask.tif,256,256,65536,0,65536,0.000000,1.000000,0
Train,img_9_patch_3334_mask.tif,256,256,65536,0,65536,0.000000,1.000000,0
Train,img_9_patch_3335_mask.tif,256,256,65536,0,65536,0.000000,1.000000,0
Train,img_9_patch_3336_mask.tif,256,256,65536,0,65536,0.000000,1.000000,0
Train,img_9_patch_3337_mask.tif,256,256,65536,0,65536,0.000000,1.000000,0
Train,img_9_patch_3338_mask.tif,256,256,65536,0,65536,0.000000,1.000000,0
Train,img_9_patch_3339_mask.tif,256,256,65536,0,65536,0.000000,1.000000,0
Train,img_9_patch_3340_mask.tif,256,256,65536,0,65536,0.000000,1.000000,0
Train,img_9_patch_3341_mask.tif,256,256,65536,0,65536,0.000000,1.000000,0
Train,img_9_patch_3342_mask.tif,256,256,65536,0,65536,0.000000,1.000000,0
Train,img_9_patch_3343_mask.tif,256,256,65536,0,65536,0.000000,1.000000,0
Train,img_9_patch_3344_mask.tif,256,256,65536,0,65536,0.000000,1.000000,0
Train,img_9_patch_3345_mask.tif,256,256,65536,0,65536,0.000000,1.000000,0
Train,img_9_patch_3346_mask.tif,256,256,65536,0,65536,0.000000,1.000000,0
Train,img_9_patch_3347_mask.tif,256,256,65536,0,65536,0.000000,1.000000,0
Train,img_9_patch_3348_mask.tif,256,256,65536,0,65536,0.000000,1.000000,0
Train,img_9_patch_3349_mask.tif,256,256,65536,0,65536,0.000000,1.000000,0
Train,img_9_patch_3350_mask.tif,256,256,65536,0,65536,0.000000,1.000000,0
Train,img_9_patch_3351_mask.tif,256,256,65536,0,65536,0.000000,1.000000,0
Train,img_9_patch_3352_mask.tif,256,256,65536,0,65536,0.000000,1.000000,0
Train,img_9_patch_3353_mask.tif,256,256,65536,0,65536,0.000000,1.000000,0
Train,img_9_patch_3354_mask.tif,256,256,65536,0,65536,0.000000,1.000000,0
Train,img_9_patch_3355_mask.tif,256,256,65536,0,65536,0.000000,1.000000,0
Train,img_9_patch_3356_mask.tif,256,256,65536,0,65536,0.000000,1.000000,0
Train,img_9_patch_3357_mask.tif,256,256,65536,0,65536,0.000000,1.000000,0
Train,img_9_patch_3358_mask.tif,256,256,65536,0,65536,0.000000,1.000000,0
Train,img_9_patch_3359_mask.tif,256,256,65536,0,65536,0.000000,1.000000,0
Train,img_9_patch_3360_mask.tif,256,256,65536,0,65536,0.000000,1.000000,0
Train,img_9_patch_3361_mask.tif,256,256,65536,0,65536,0.000000,1.000000,0
Train,img_9_patch_3362_mask.tif,256,256,65536,0,65536,0.000000,1.000000,0
Train,img_9_patch_3363_mask.tif,256,256,65536,0,65536,0.000000,1.000000,0
Train,img_9_patch_3364_mask.tif,256,256,65536,3195,62341,0.048752,0.951248,2
Train,img_9_patch_3365_mask.tif,256,256,65536,12449,53087,0.189957,0.810043,1
Train,img_9_patch_3366_mask.tif,256,256,65536,21837,43699,0.333206,0.666794,1
Train,img_9_patch_3367_mask.tif,256,256,65536,30349,35187,0.463089,0.536911,1
Train,img_9_patch_3368_mask.tif,256,256,65536,35559,29977,0.542587,0.457413,2
Train,img_9_patch_3369_mask.tif,256,256,65536,33704,31832,0.514282,0.485718,3
Train,img_9_patch_3370_mask.tif,256,256,65536,30694,34842,0.468353,0.531647,2
Train,img_9_patch_3371_mask.tif,256,256,65536,25488,40048,0.388916,0.611084,2
Train,img_9_patch_3372_mask.tif,256,256,65536,17944,47592,0.273804,0.726196,2
Train,img_9_patch_3373_mask.tif,256,256,65536,10545,54991,0.160904,0.839096,3
Train,img_9_patch_3374_mask.tif,256,256,65536,4167,61369,0.063583,0.936417,3
Train,img_9_patch_3375_mask.tif,256,256,65536,861,64675,0.013138,0.986862,1
Train,img_9_patch_3376_mask.tif,256,256,65536,0,65536,0.000000,1.000000,0
Train,img_9_patch_3377_mask.tif,256,256,65536,0,65536,0.000000,1.000000,0
Train,img_9_patch_3378_mask.tif,256,256,65536,0,65536,0.000000,1.000000,0
Train,img_9_patch_3379_mask.tif,256,256,65536,0,65536,0.000000,1.000000,0
Train,img_9_patch_3380_mask.tif,256,256,65536,0,65536,0.000000,1.000000,0
Train,img_9_patch_3381_mask.tif,256,256,65536,0,65536,0.000000,1.000000,0
Train,img_9_patch_3382_mask.tif,256,256,65536,0,65536,0.000000,1.000000,0
Train,img_9_patch_3383_mask.tif,256,256,65536,0,65536,0.000000,1.000000,0
Train,img_9_patch_3384_mask.tif,256,256,65536,0,65536,0.000000,1.000000,0
Train,img_9_patch_3385_mask.tif,256,256,65536,0,65536,0.000000,1.000000,0
Train,img_9_patch_3386_mask.tif,256,256,65536,0,65536,0.000000,1.000000,0
Train,img_9_patch_3387_mask.tif,256,256,65536,0,65536,0.000000,1.000000,0
Train,img_9_patch_3388_mask.tif,256,256,65536,0,65536,0.000000,1.000000,0
Train,img_9_patch_3389_mask.tif,256,256,65536,0,65536,0.000000,1.000000,0
Train,img_9_patch_3390_mask.tif,256,256,65536,0,65536,0.000000,1.000000,0
Train,img_9_patch_3391_mask.tif,256,256,65536,0,65536,0.000000,1.000000,0
Train,img_9_patch_3392_mask.tif,256,256,65536,0,65536,0.000000,1.000000,0
Train,img_9_patch_3393_mask.tif,256,256,65536,0,65536,0.000000,1.000000,0
Train,img_9_patch_3394_mask.tif,256,256,65536,0,65536,0.000000,1.000000,0
Train,img_9_patch_3395_mask.tif,256,256,65536,0,65536,0.000000,1.000000,0
Train,img_9_patch_3396_mask.tif,256,256,65536,0,65536,0.000000,1.000000,0
Train,img_9_patch_3397_mask.tif,256,256,65536,0,65536,0.000000,1.000000,0
Train,img_9_patch_3398_mask.tif,256,256,65536,0,65536,0.000000,1.000000,0
Train,img_9_patch_3399_mask.tif,256,256,65536,0,65536,0.000000,1.000000,0
Train,img_9_patch_3400_mask.tif,256,256,65536,0,65536,0.000000,1.000000,0
Train,img_9_patch_3401_mask.tif,256,256,65536,0,65536,0.000000,1.000000,0
Train,img_9_patch_3402_mask.tif,256,256,65536,0,65536,0.000000,1.000000,0
Val,img_7_patch_0001_mask.tif,256,256,65536,18326,47210,0.279633,0.720367,3
Val,img_7_patch_0002_mask.tif,256,256,65536,26585,38951,0.405655,0.594345,3
Val,img_7_patch_0003_mask.tif,256,256,65536,30198,35338,0.460785,0.539215,7
Val,img_7_patch_0004_mask.tif,256,256,65536,32266,33270,0.492340,0.507660,8
Val,img_7_patch_0005_mask.tif,256,256,65536,30513,35023,0.465591,0.534409,8
Val,img_7_patch_0006_mask.tif,256,256,65536,25076,40460,0.382629,0.617371,35
Val,img_7_patch_0007_mask.tif,256,256,65536,23176,42360,0.353638,0.646362,34
Val,img_7_patch_0008_mask.tif,256,256,65536,21789,43747,0.332474,0.667526,6
Val,img_7_patch_0009_mask.tif,256,256,65536,31708,33828,0.483826,0.516174,6
Val,img_7_patch_0010_mask.tif,256,256,65536,35867,29669,0.547287,0.452713,11
Val,img_7_patch_0011_mask.tif,256,256,65536,38996,26540,0.595032,0.404968,10
Val,img_7_patch_0012_mask.tif,256,256,65536,38689,26847,0.590347,0.409653,9
Val,img_7_patch_0013_mask.tif,256,256,65536,33354,32182,0.508942,0.491058,37
Val,img_7_patch_0014_mask.tif,256,256,65536,31308,34228,0.477722,0.522278,34
Val,img_7_patch_0015_mask.tif,256,256,65536,17409,48127,0.265640,0.734360,5
Val,img_7_patch_0016_mask.tif,256,256,65536,27550,37986,0.420380,0.579620,5
Val,img_7_patch_0017_mask.tif,256,256,65536,33135,32401,0.505600,0.494400,13
Val,img_7_patch_0018_mask.tif,256,256,65536,38329,27207,0.584854,0.415146,11
Val,img_7_patch_0019_mask.tif,256,256,65536,41380,24156,0.631409,0.368591,9
Val,img_7_patch_0020_mask.tif,256,256,65536,35808,29728,0.546387,0.453613,33
Val,img_7_patch_0021_mask.tif,256,256,65536,33552,31984,0.511963,0.488037,29
Val,img_7_patch_0022_mask.tif,256,256,65536,15642,49894,0.238678,0.761322,8
Val,img_7_patch_0023_mask.tif,256,256,65536,25681,39855,0.391861,0.608139,7
Val,img_7_patch_0024_mask.tif,256,256,65536,30925,34611,0.471878,0.528122,12
Val,img_7_patch_0025_mask.tif,256,256,65536,33158,32378,0.505951,0.494049,14
Val,img_7_patch_0026_mask.tif,256,256,65536,36367,29169,0.554916,0.445084,9
Val,img_7_patch_0027_mask.tif,256,256,65536,30395,35141,0.463791,0.536209,14
Val,img_7_patch_0028_mask.tif,256,256,65536,28342,37194,0.432465,0.567535,8
Val,img_7_patch_0029_mask.tif,256,256,65536,16504,49032,0.251831,0.748169,9
Val,img_7_patch_0030_mask.tif,256,256,65536,24414,41122,0.372528,0.627472,10
Val,img_7_patch_0031_mask.tif,256,256,65536,27807,37729,0.424301,0.575699,11
Val,img_7_patch_0032_mask.tif,256,256,65536,26544,38992,0.405029,0.594971,13
Val,img_7_patch_0033_mask.tif,256,256,65536,25580,39956,0.390320,0.609680,13
Val,img_7_patch_0034_mask.tif,256,256,65536,19108,46428,0.291565,0.708435,12
Val,img_7_patch_0035_mask.tif,256,256,65536,17528,48008,0.267456,0.732544,7
Val,img_7_patch_0036_mask.tif,256,256,65536,18106,47430,0.276276,0.723724,11
Val,img_7_patch_0037_mask.tif,256,256,65536,24209,41327,0.369400,0.630600,12
Val,img_7_patch_0038_mask.tif,256,256,65536,26058,39478,0.397614,0.602386,9
Val,img_7_patch_0039_mask.tif,256,256,65536,21763,43773,0.332077,0.667923,7
Val,img_7_patch_0040_mask.tif,256,256,65536,17419,48117,0.265793,0.734207,5
Val,img_7_patch_0041_mask.tif,256,256,65536,10830,54706,0.165253,0.834747,4
Val,img_7_patch_0042_mask.tif,256,256,65536,9396,56140,0.143372,0.856628,2
Val,img_7_patch_0043_mask.tif,256,256,65536,18416,47120,0.281006,0.718994,7
Val,img_7_patch_0044_mask.tif,256,256,65536,23221,42315,0.354324,0.645676,8
Val,img_7_patch_0045_mask.tif,256,256,65536,23651,41885,0.360886,0.639114,6
Val,img_7_patch_0046_mask.tif,256,256,65536,17551,47985,0.267807,0.732193,6
Val,img_7_patch_0047_mask.tif,256,256,65536,12797,52739,0.195267,0.804733,5
Val,img_7_patch_0048_mask.tif,256,256,65536,7506,58030,0.114532,0.885468,3
Val,img_7_patch_0049_mask.tif,256,256,65536,6506,59030,0.099274,0.900726,2
Test,img_5_patch_0001_mask.tif,256,256,65536,18285,47251,0.279007,0.720993,3
Test,img_5_patch_0002_mask.tif,256,256,65536,26476,39060,0.403992,0.596008,3
Test,img_5_patch_0003_mask.tif,256,256,65536,23924,41612,0.365051,0.634949,3
Test,img_5_patch_0004_mask.tif,256,256,65536,18256,47280,0.278564,0.721436,4
Test,img_5_patch_0005_mask.tif,256,256,65536,10285,55251,0.156937,0.843063,2
Test,img_5_patch_0006_mask.tif,256,256,65536,2094,63442,0.031952,0.968048,2
Test,img_5_patch_0007_mask.tif,256,256,65536,712,64824,0.010864,0.989136,1
Test,img_5_patch_0008_mask.tif,256,256,65536,21703,43833,0.331161,0.668839,6
Test,img_5_patch_0009_mask.tif,256,256,65536,31509,34027,0.480789,0.519211,5
Test,img_5_patch_0010_mask.tif,256,256,65536,28908,36628,0.441101,0.558899,5
Test,img_5_patch_0011_mask.tif,256,256,65536,22215,43321,0.338974,0.661026,3
Test,img_5_patch_0012_mask.tif,256,256,65536,11900,53636,0.181580,0.818420,2
Test,img_5_patch_0013_mask.tif,256,256,65536,2094,63442,0.031952,0.968048,2
Test,img_5_patch_0014_mask.tif,256,256,65536,712,64824,0.010864,0.989136,1
Test,img_5_patch_0015_mask.tif,256,256,65536,17323,48213,0.264328,0.735672,5
Test,img_5_patch_0016_mask.tif,256,256,65536,25382,40154,0.387299,0.612701,5
Test,img_5_patch_0017_mask.tif,256,256,65536,23780,41756,0.362854,0.637146,6
Test,img_5_patch_0018_mask.tif,256,256,65536,16511,49025,0.251938,0.748062,5
Test,img_5_patch_0019_mask.tif,256,256,65536,9313,56223,0.142105,0.857895,3
Test,img_5_patch_0020_mask.tif,256,256,65536,1254,64282,0.019135,0.980865,2
Test,img_5_patch_0021_mask.tif,256,256,65536,272,65264,0.004150,0.995850,1
Test,img_5_patch_0022_mask.tif,256,256,65536,17762,47774,0.271027,0.728973,7
Test,img_5_patch_0023_mask.tif,256,256,65536,22931,42605,0.349899,0.650101,6
Test,img_5_patch_0024_mask.tif,256,256,65536,19735,45801,0.301132,0.698868,6
Test,img_5_patch_0025_mask.tif,256,256,65536,9945,55591,0.151749,0.848251,7
Test,img_5_patch_0026_mask.tif,256,256,65536,5314,60222,0.081085,0.918915,3
Test,img_5_patch_0027_mask.tif,256,256,65536,145,65391,0.002213,0.997787,2
Test,img_5_patch_0028_mask.tif,256,256,65536,0,65536,0.000000,1.000000,0
Test,img_5_patch_0029_mask.tif,256,256,65536,18616,46920,0.284058,0.715942,4
Test,img_5_patch_0030_mask.tif,256,256,65536,20832,44704,0.317871,0.682129,5
Test,img_5_patch_0031_mask.tif,256,256,65536,18029,47507,0.275101,0.724899,4
Test,img_5_patch_0032_mask.tif,256,256,65536,7641,57895,0.116592,0.883408,5
Test,img_5_patch_0033_mask.tif,256,256,65536,2466,63070,0.037628,0.962372,5
Test,img_5_patch_0034_mask.tif,256,256,65536,0,65536,0.000000,1.000000,0
Test,img_5_patch_0035_mask.tif,256,256,65536,0,65536,0.000000,1.000000,0
Test,img_5_patch_0036_mask.tif,256,256,65536,18788,46748,0.286682,0.713318,9
Test,img_5_patch_0037_mask.tif,256,256,65536,19239,46297,0.293564,0.706436,11
Test,img_5_patch_0038_mask.tif,256,256,65536,16286,49250,0.248505,0.751495,8
Test,img_5_patch_0039_mask.tif,256,256,65536,5622,59914,0.085785,0.914215,6
Test,img_5_patch_0040_mask.tif,256,256,65536,862,64674,0.013153,0.986847,4
Test,img_5_patch_0041_mask.tif,256,256,65536,0,65536,0.000000,1.000000,0
Test,img_5_patch_0042_mask.tif,256,256,65536,0,65536,0.000000,1.000000,0
Test,img_5_patch_0043_mask.tif,256,256,65536,18679,46857,0.285019,0.714981,6
Test,img_5_patch_0044_mask.tif,256,256,65536,19098,46438,0.291412,0.708588,7
Test,img_5_patch_0045_mask.tif,256,256,65536,15584,49952,0.237793,0.762207,7
Test,img_5_patch_0046_mask.tif,256,256,65536,5759,59777,0.087875,0.912125,4
Test,img_5_patch_0047_mask.tif,256,256,65536,830,64706,0.012665,0.987335,3
Test,img_5_patch_0048_mask.tif,256,256,65536,0,65536,0.000000,1.000000,0
Test,img_5_patch_0049_mask.tif,256,256,65536,0,65536,0.000000,1.000000,0
