image_patch,mask_patch,source_image,x,y,patch_width,patch_height
img_1_patch_0001.tif,img_1_patch_0001_mask.tif,img_1.tif,0,0,256,256
img_1_patch_0002.tif,img_1_patch_0002_mask.tif,img_1.tif,64,0,256,256
img_1_patch_0003.tif,img_1_patch_0003_mask.tif,img_1.tif,128,0,256,256
img_1_patch_0004.tif,img_1_patch_0004_mask.tif,img_1.tif,192,0,256,256
img_1_patch_0005.tif,img_1_patch_0005_mask.tif,img_1.tif,256,0,256,256
img_1_patch_0006.tif,img_1_patch_0006_mask.tif,img_1.tif,320,0,256,256
img_1_patch_0007.tif,img_1_patch_0007_mask.tif,img_1.tif,334,0,256,256
img_1_patch_0008.tif,img_1_patch_0008_mask.tif,img_1.tif,0,64,256,256
img_1_patch_0009.tif,img_1_patch_0009_mask.tif,img_1.tif,64,64,256,256
img_1_patch_0010.tif,img_1_patch_0010_mask.tif,img_1.tif,128,64,256,256
img_1_patch_0011.tif,img_1_patch_0011_mask.tif,img_1.tif,192,64,256,256
img_1_patch_0012.tif,img_1_patch_0012_mask.tif,img_1.tif,256,64,256,256
img_1_patch_0013.tif,img_1_patch_0013_mask.tif,img_1.tif,320,64,256,256
img_1_patch_0014.tif,img_1_patch_0014_mask.tif,img_1.tif,334,64,256,256
img_1_patch_0015.tif,img_1_patch_0015_mask.tif,img_1.tif,0,128,256,256
img_1_patch_0016.tif,img_1_patch_0016_mask.tif,img_1.tif,64,128,256,256
img_1_patch_0017.tif,img_1_patch_0017_mask.tif,img_1.tif,128,128,256,256
img_1_patch_0018.tif,img_1_patch_0018_mask.tif,img_1.tif,192,128,256,256
img_1_patch_0019.tif,img_1_patch_0019_mask.tif,img_1.tif,256,128,256,256
img_1_patch_0020.tif,img_1_patch_0020_mask.tif,img_1.tif,320,128,256,256
img_1_patch_0021.tif,img_1_patch_0021_mask.tif,img_1.tif,334,128,256,256
img_1_patch_0022.tif,img_1_patch_0022_mask.tif,img_1.tif,0,192,256,256
img_1_patch_0023.tif,img_1_patch_0023_mask.tif,img_1.tif,64,192,256,256
img_1_patch_0024.tif,img_1_patch_0024_mask.tif,img_1.tif,128,192,256,256
img_1_patch_0025.tif,img_1_patch_0025_mask.tif,img_1.tif,192,192,256,256
img_1_patch_0026.tif,img_1_patch_0026_mask.tif,img_1.tif,256,192,256,256
img_1_patch_0027.tif,img_1_patch_0027_mask.tif,img_1.tif,320,192,256,256
img_1_patch_0028.tif,img_1_patch_0028_mask.tif,img_1.tif,334,192,256,256
img_1_patch_0029.tif,img_1_patch_0029_mask.tif,img_1.tif,0,256,256,256
img_1_patch_0030.tif,img_1_patch_0030_mask.tif,img_1.tif,64,256,256,256
img_1_patch_0031.tif,img_1_patch_0031_mask.tif,img_1.tif,128,256,256,256
img_1_patch_0032.tif,img_1_patch_0032_mask.tif,img_1.tif,192,256,256,256
img_1_patch_0033.tif,img_1_patch_0033_mask.tif,img_1.tif,256,256,256,256
img_1_patch_0034.tif,img_1_patch_0034_mask.tif,img_1.tif,320,256,256,256
img_1_patch_0035.tif,img_1_patch_0035_mask.tif,img_1.tif,334,256,256,256
img_1_patch_0036.tif,img_1_patch_0036_mask.tif,img_1.tif,0,320,256,256
img_1_patch_0037.tif,img_1_patch_0037_mask.tif,img_1.tif,64,320,256,256
img_1_patch_0038.tif,img_1_patch_0038_mask.tif,img_1.tif,128,320,256,256
img_1_patch_0039.tif,img_1_patch_0039_mask.tif,img_1.tif,192,320,256,256
img_1_patch_0040.tif,img_1_patch_0040_mask.tif,img_1.tif,256,320,256,256
img_1_patch_0041.tif,img_1_patch_0041_mask.tif,img_1.tif,320,320,256,256
img_1_patch_0042.tif,img_1_patch_0042_mask.tif,img_1.tif,334,320,256,256
img_1_patch_0043.tif,img_1_patch_0043_mask.tif,img_1.tif,0,365,256,256
img_1_patch_0044.tif,img_1_patch_0044_mask.tif,img_1.tif,64,365,256,256
img_1_patch_0045.tif,img_1_patch_0045_mask.tif,img_1.tif,128,365,256,256
img_1_patch_0046.tif,img_1_patch_0046_mask.tif,img_1.tif,192,365,256,256
img_1_patch_0047.tif,img_1_patch_0047_mask.tif,img_1.tif,256,365,256,256
img_1_patch_0048.tif,img_1_patch_0048_mask.tif,img_1.tif,320,365,256,256
img_1_patch_0049.tif,img_1_patch_0049_mask.tif,img_1.tif,334,365,256,256
img_2_patch_0001.tif,img_2_patch_0001_mask.tif,img_2.tif,0,0,256,256
img_2_patch_0002.tif,img_2_patch_0002_mask.tif,img_2.tif,64,0,256,256
img_2_patch_0003.tif,img_2_patch_0003_mask.tif,img_2.tif,128,0,256,256
img_2_patch_0004.tif,img_2_patch_0004_mask.tif,img_2.tif,192,0,256,256
img_2_patch_0005.tif,img_2_patch_0005_mask.tif,img_2.tif,256,0,256,256
img_2_patch_0006.tif,img_2_patch_0006_mask.tif,img_2.tif,320,0,256,256
img_2_patch_0007.tif,img_2_patch_0007_mask.tif,img_2.tif,334,0,256,256
img_2_patch_0008.tif,img_2_patch_0008_mask.tif,img_2.tif,0,64,256,256
img_2_patch_0009.tif,img_2_patch_0009_mask.tif,img_2.tif,64,64,256,256
img_2_patch_0010.tif,img_2_patch_0010_mask.tif,img_2.tif,128,64,256,256
img_2_patch_0011.tif,img_2_patch_0011_mask.tif,img_2.tif,192,64,256,256
img_2_patch_0012.tif,img_2_patch_0012_mask.tif,img_2.tif,256,64,256,256
img_2_patch_0013.tif,img_2_patch_0013_mask.tif,img_2.tif,320,64,256,256
img_2_patch_0014.tif,img_2_patch_0014_mask.tif,img_2.tif,334,64,256,256
img_2_patch_0015.tif,img_2_patch_0015_mask.tif,img_2.tif,0,128,256,256
img_2_patch_0016.tif,img_2_patch_0016_mask.tif,img_2.tif,64,128,256,256
img_2_patch_0017.tif,img_2_patch_0017_mask.tif,img_2.tif,128,128,256,256
img_2_patch_0018.tif,img_2_patch_0018_mask.tif,img_2.tif,192,128,256,256
img_2_patch_0019.tif,img_2_patch_0019_mask.tif,img_2.tif,256,128,256,256
img_2_patch_0020.tif,img_2_patch_0020_mask.tif,img_2.tif,320,128,256,256
img_2_patch_0021.tif,img_2_patch_0021_mask.tif,img_2.tif,334,128,256,256
img_2_patch_0022.tif,img_2_patch_0022_mask.tif,img_2.tif,0,192,256,256
img_2_patch_0023.tif,img_2_patch_0023_mask.tif,img_2.tif,64,192,256,256
img_2_patch_0024.tif,img_2_patch_0024_mask.tif,img_2.tif,128,192,256,256
img_2_patch_0025.tif,img_2_patch_0025_mask.tif,img_2.tif,192,192,256,256
img_2_patch_0026.tif,img_2_patch_0026_mask.tif,img_2.tif,256,192,256,256
img_2_patch_0027.tif,img_2_patch_0027_mask.tif,img_2.tif,320,192,256,256
img_2_patch_0028.tif,img_2_patch_0028_mask.tif,img_2.tif,334,192,256,256
img_2_patch_0029.tif,img_2_patch_0029_mask.tif,img_2.tif,0,256,256,256
img_2_patch_0030.tif,img_2_patch_0030_mask.tif,img_2.tif,64,256,256,256
img_2_patch_0031.tif,img_2_patch_0031_mask.tif,img_2.tif,128,256,256,256
img_2_patch_0032.tif,img_2_patch_0032_mask.tif,img_2.tif,192,256,256,256
img_2_patch_0033.tif,img_2_patch_0033_mask.tif,img_2.tif,256,256,256,256
img_2_patch_0034.tif,img_2_patch_0034_mask.tif,img_2.tif,320,256,256,256
img_2_patch_0035.tif,img_2_patch_0035_mask.tif,img_2.tif,334,256,256,256
img_2_patch_0036.tif,img_2_patch_0036_mask.tif,img_2.tif,0,320,256,256
img_2_patch_0037.tif,img_2_patch_0037_mask.tif,img_2.tif,64,320,256,256
img_2_patch_0038.tif,img_2_patch_0038_mask.tif,img_2.tif,128,320,256,256
img_2_patch_0039.tif,img_2_patch_0039_mask.tif,img_2.tif,192,320,256,256
img_2_patch_0040.tif,img_2_patch_0040_mask.tif,img_2.tif,256,320,256,256
img_2_patch_0041.tif,img_2_patch_0041_mask.tif,img_2.tif,320,320,256,256
img_2_patch_0042.tif,img_2_patch_0042_mask.tif,img_2.tif,334,320,256,256
img_2_patch_0043.tif,img_2_patch_0043_mask.tif,img_2.tif,0,365,256,256
img_2_patch_0044.tif,img_2_patch_0044_mask.tif,img_2.tif,64,365,256,256
img_2_patch_0045.tif,img_2_patch_0045_mask.tif,img_2.tif,128,365,256,256
img_2_patch_0046.tif,img_2_patch_0046_mask.tif,img_2.tif,192,365,256,256
img_2_patch_0047.tif,img_2_patch_0047_mask.tif,img_2.tif,256,365,256,256
img_2_patch_0048.tif,img_2_patch_0048_mask.tif,img_2.tif,320,365,256,256
img_2_patch_0049.tif,img_2_patch_0049_mask.tif,img_2.tif,334,365,256,256
img_3_patch_0001.tif,img_3_patch_0001_mask.tif,img_3.tif,0,0,256,256
img_3_patch_0002.tif,img_3_patch_0002_mask.tif,img_3.tif,64,0,256,256
img_3_patch_0003.tif,img_3_patch_0003_mask.tif,img_3.tif,128,0,256,256
img_3_patch_0004.tif,img_3_patch_0004_mask.tif,img_3.tif,192,0,256,256
img_3_patch_0005.tif,img_3_patch_0005_mask.tif,img_3.tif,256,0,256,256
img_3_patch_0006.tif,img_3_patch_0006_mask.tif,img_3.tif,320,0,256,256
img_3_patch_0007.tif,img_3_patch_0007_mask.tif,img_3.tif,334,0,256,256
img_3_patch_0008.tif,img_3_patch_0008_mask.tif,img_3.tif,0,64,256,256
img_3_patch_0009.tif,img_3_patch_0009_mask.tif,img_3.tif,64,64,256,256
img_3_patch_0010.tif,img_3_patch_0010_mask.tif,img_3.tif,128,64,256,256
img_3_patch_0011.tif,img_3_patch_0011_mask.tif,img_3.tif,192,64,256,256
img_3_patch_0012.tif,img_3_patch_0012_mask.tif,img_3.tif,256,64,256,256
img_3_patch_0013.tif,img_3_patch_0013_mask.tif,img_3.tif,320,64,256,256
img_3_patch_0014.tif,img_3_patch_0014_mask.tif,img_3.tif,334,64,256,256
img_3_patch_0015.tif,img_3_patch_0015_mask.tif,img_3.tif,0,128,256,256
img_3_patch_0016.tif,img_3_patch_0016_mask.tif,img_3.tif,64,128,256,256
img_3_patch_0017.tif,img_3_patch_0017_mask.tif,img_3.tif,128,128,256,256
img_3_patch_0018.tif,img_3_patch_0018_mask.tif,img_3.tif,192,128,256,256
img_3_patch_0019.tif,img_3_patch_0019_mask.tif,img_3.tif,256,128,256,256
img_3_patch_0020.tif,img_3_patch_0020_mask.tif,img_3.tif,320,128,256,256
img_3_patch_0021.tif,img_3_patch_0021_mask.tif,img_3.tif,334,128,256,256
img_3_patch_0022.tif,img_3_patch_0022_mask.tif,img_3.tif,0,192,256,256
img_3_patch_0023.tif,img_3_patch_0023_mask.tif,img_3.tif,64,192,256,256
img_3_patch_0024.tif,img_3_patch_0024_mask.tif,img_3.tif,128,192,256,256
img_3_patch_0025.tif,img_3_patch_0025_mask.tif,img_3.tif,192,192,256,256
img_3_patch_0026.tif,img_3_patch_0026_mask.tif,img_3.tif,256,192,256,256
img_3_patch_0027.tif,img_3_patch_0027_mask.tif,img_3.tif,320,192,256,256
img_3_patch_0028.tif,img_3_patch_0028_mask.tif,img_3.tif,334,192,256,256
img_3_patch_0029.tif,img_3_patch_0029_mask.tif,img_3.tif,0,256,256,256
img_3_patch_0030.tif,img_3_patch_0030_mask.tif,img_3.tif,64,256,256,256
img_3_patch_0031.tif,img_3_patch_0031_mask.tif,img_3.tif,128,256,256,256
img_3_patch_0032.tif,img_3_patch_0032_mask.tif,img_3.tif,192,256,256,256
img_3_patch_0033.tif,img_3_patch_0033_mask.tif,img_3.tif,256,256,256,256
img_3_patch_0034.tif,img_3_patch_0034_mask.tif,img_3.tif,320,256,256,256
img_3_patch_0035.tif,img_3_patch_0035_mask.tif,img_3.tif,334,256,256,256
img_3_patch_0036.tif,img_3_patch_0036_mask.tif,img_3.tif,0,320,256,256
img_3_patch_0037.tif,img_3_patch_0037_mask.tif,img_3.tif,64,320,256,256
img_3_patch_0038.tif,img_3_patch_0038_mask.tif,img_3.tif,128,320,256,256
img_3_patch_0039.tif,img_3_patch_0039_mask.tif,img_3.tif,192,320,256,256
img_3_patch_0040.tif,img_3_patch_0040_mask.tif,img_3.tif,256,320,256,256
img_3_patch_0041.tif,img_3_patch_0041_mask.tif,img_3.tif,320,320,256,256
img_3_patch_0042.tif,img_3_patch_0042_mask.tif,img_3.tif,334,320,256,256
img_3_patch_0043.tif,img_3_patch_0043_mask.tif,img_3.tif,0,365,256,256
img_3_patch_0044.tif,img_3_patch_0044_mask.tif,img_3.tif,64,365,256,256
img_3_patch_0045.tif,img_3_patch_0045_mask.tif,img_3.tif,128,365,256,256
img_3_patch_0046.tif,img_3_patch_0046_mask.tif,img_3.tif,192,365,256,256
img_3_patch_0047.tif,img_3_patch_0047_mask.tif,img_3.tif,256,365,256,256
img_3_patch_0048.tif,img_3_patch_0048_mask.tif,img_3.tif,320,365,256,256
img_3_patch_0049.tif,img_3_patch_0049_mask.tif,img_3.tif,334,365,256,256
img_4_patch_0001.tif,img_4_patch_0001_mask.tif,img_4.tif,0,0,256,256
img_4_patch_0002.tif,img_4_patch_0002_mask.tif,img_4.tif,64,0,256,256
img_4_patch_0003.tif,img_4_patch_0003_mask.tif,img_4.tif,128,0,256,256
img_4_patch_0004.tif,img_4_patch_0004_mask.tif,img_4.tif,192,0,256,256
img_4_patch_0005.tif,img_4_patch_0005_mask.tif,img_4.tif,256,0,256,256
img_4_patch_0006.tif,img_4_patch_0006_mask.tif,img_4.tif,320,0,256,256
img_4_patch_0007.tif,img_4_patch_0007_mask.tif,img_4.tif,334,0,256,256
img_4_patch_0008.tif,img_4_patch_0008_mask.tif,img_4.tif,0,64,256,256
img_4_patch_0009.tif,img_4_patch_0009_mask.tif,img_4.tif,64,64,256,256
img_4_patch_0010.tif,img_4_patch_0010_mask.tif,img_4.tif,128,64,256,256
img_4_patch_0011.tif,img_4_patch_0011_mask.tif,img_4.tif,192,64,256,256
img_4_patch_0012.tif,img_4_patch_0012_mask.tif,img_4.tif,256,64,256,256
img_4_patch_0013.tif,img_4_patch_0013_mask.tif,img_4.tif,320,64,256,256
img_4_patch_0014.tif,img_4_patch_0014_mask.tif,img_4.tif,334,64,256,256
img_4_patch_0015.tif,img_4_patch_0015_mask.tif,img_4.tif,0,128,256,256
img_4_patch_0016.tif,img_4_patch_0016_mask.tif,img_4.tif,64,128,256,256
img_4_patch_0017.tif,img_4_patch_0017_mask.tif,img_4.tif,128,128,256,256
img_4_patch_0018.tif,img_4_patch_0018_mask.tif,img_4.tif,192,128,256,256
img_4_patch_0019.tif,img_4_patch_0019_mask.tif,img_4.tif,256,128,256,256
img_4_patch_0020.tif,img_4_patch_0020_mask.tif,img_4.tif,320,128,256,256
img_4_patch_0021.tif,img_4_patch_0021_mask.tif,img_4.tif,334,128,256,256
img_4_patch_0022.tif,img_4_patch_0022_mask.tif,img_4.tif,0,192,256,256
img_4_patch_0023.tif,img_4_patch_0023_mask.tif,img_4.tif,64,192,256,256
img_4_patch_0024.tif,img_4_patch_0024_mask.tif,img_4.tif,128,192,256,256
img_4_patch_0025.tif,img_4_patch_0025_mask.tif,img_4.tif,192,192,256,256
img_4_patch_0026.tif,img_4_patch_0026_mask.tif,img_4.tif,256,192,256,256
img_4_patch_0027.tif,img_4_patch_0027_mask.tif,img_4.tif,320,192,256,256
img_4_patch_0028.tif,img_4_patch_0028_mask.tif,img_4.tif,334,192,256,256
img_4_patch_0029.tif,img_4_patch_0029_mask.tif,img_4.tif,0,256,256,256
img_4_patch_0030.tif,img_4_patch_0030_mask.tif,img_4.tif,64,256,256,256
img_4_patch_0031.tif,img_4_patch_0031_mask.tif,img_4.tif,128,256,256,256
img_4_patch_0032.tif,img_4_patch_0032_mask.tif,img_4.tif,192,256,256,256
img_4_patch_0033.tif,img_4_patch_0033_mask.tif,img_4.tif,256,256,256,256
img_4_patch_0034.tif,img_4_patch_0034_mask.tif,img_4.tif,320,256,256,256
img_4_patch_0035.tif,img_4_patch_0035_mask.tif,img_4.tif,334,256,256,256
img_4_patch_0036.tif,img_4_patch_0036_mask.tif,img_4.tif,0,320,256,256
img_4_patch_0037.tif,img_4_patch_0037_mask.tif,img_4.tif,64,320,256,256
img_4_patch_0038.tif,img_4_patch_0038_mask.tif,img_4.tif,128,320,256,256
img_4_patch_0039.tif,img_4_patch_0039_mask.tif,img_4.tif,192,320,256,256
img_4_patch_0040.tif,img_4_patch_0040_mask.tif,img_4.tif,256,320,256,256
img_4_patch_0041.tif,img_4_patch_0041_mask.tif,img_4.tif,320,320,256,256
img_4_patch_0042.tif,img_4_patch_0042_mask.tif,img_4.tif,334,320,256,256
img_4_patch_0043.tif,img_4_patch_0043_mask.tif,img_4.tif,0,365,256,256
img_4_patch_0044.tif,img_4_patch_0044_mask.tif,img_4.tif,64,365,256,256
img_4_patch_0045.tif,img_4_patch_0045_mask.tif,img_4.tif,128,365,256,256
img_4_patch_0046.tif,img_4_patch_0046_mask.tif,img_4.tif,192,365,256,256
img_4_patch_0047.tif,img_4_patch_0047_mask.tif,img_4.tif,256,365,256,256
img_4_patch_0048.tif,img_4_patch_0048_mask.tif,img_4.tif,320,365,256,256
img_4_patch_0049.tif,img_4_patch_0049_mask.tif,img_4.tif,334,365,256,256
img_6_patch_0001.tif,img_6_patch_0001_mask.tif,img_6.tif,0,0,256,256
img_6_patch_0002.tif,img_6_patch_0002_mask.tif,img_6.tif,64,0,256,256
img_6_patch_0003.tif,img_6_patch_0003_mask.tif,img_6.tif,128,0,256,256
img_6_patch_0004.tif,img_6_patch_0004_mask.tif,img_6.tif,192,0,256,256
img_6_patch_0005.tif,img_6_patch_0005_mask.tif,img_6.tif,256,0,256,256
img_6_patch_0006.tif,img_6_patch_0006_mask.tif,img_6.tif,320,0,256,256
img_6_patch_0007.tif,img_6_patch_0007_mask.tif,img_6.tif,334,0,256,256
img_6_patch_0008.tif,img_6_patch_0008_mask.tif,img_6.tif,0,64,256,256
img_6_patch_0009.tif,img_6_patch_0009_mask.tif,img_6.tif,64,64,256,256
img_6_patch_0010.tif,img_6_patch_0010_mask.tif,img_6.tif,128,64,256,256
img_6_patch_0011.tif,img_6_patch_0011_mask.tif,img_6.tif,192,64,256,256
img_6_patch_0012.tif,img_6_patch_0012_mask.tif,img_6.tif,256,64,256,256
img_6_patch_0013.tif,img_6_patch_0013_mask.tif,img_6.tif,320,64,256,256
img_6_patch_0014.tif,img_6_patch_0014_mask.tif,img_6.tif,334,64,256,256
img_6_patch_0015.tif,img_6_patch_0015_mask.tif,img_6.tif,0,128,256,256
img_6_patch_0016.tif,img_6_patch_0016_mask.tif,img_6.tif,64,128,256,256
img_6_patch_0017.tif,img_6_patch_0017_mask.tif,img_6.tif,128,128,256,256
img_6_patch_0018.tif,img_6_patch_0018_mask.tif,img_6.tif,192,128,256,256
img_6_patch_0019.tif,img_6_patch_0019_mask.tif,img_6.tif,256,128,256,256
img_6_patch_0020.tif,img_6_patch_0020_mask.tif,img_6.tif,320,128,256,256
img_6_patch_0021.tif,img_6_patch_0021_mask.tif,img_6.tif,334,128,256,256
img_6_patch_0022.tif,img_6_patch_0022_mask.tif,img_6.tif,0,192,256,256
img_6_patch_0023.tif,img_6_patch_0023_mask.tif,img_6.tif,64,192,256,256
img_6_patch_0024.tif,img_6_patch_0024_mask.tif,img_6.tif,128,192,256,256
img_6_patch_0025.tif,img_6_patch_0025_mask.tif,img_6.tif,192,192,256,256
img_6_patch_0026.tif,img_6_patch_0026_mask.tif,img_6.tif,256,192,256,256
img_6_patch_0027.tif,img_6_patch_0027_mask.tif,img_6.tif,320,192,256,256
img_6_patch_0028.tif,img_6_patch_0028_mask.tif,img_6.tif,334,192,256,256
img_6_patch_0029.tif,img_6_patch_0029_mask.tif,img_6.tif,0,256,256,256
img_6_patch_0030.tif,img_6_patch_0030_mask.tif,img_6.tif,64,256,256,256
img_6_patch_0031.tif,img_6_patch_0031_mask.tif,img_6.tif,128,256,256,256
img_6_patch_0032.tif,img_6_patch_0032_mask.tif,img_6.tif,192,256,256,256
img_6_patch_0033.tif,img_6_patch_0033_mask.tif,img_6.tif,256,256,256,256
img_6_patch_0034.tif,img_6_patch_0034_mask.tif,img_6.tif,320,256,256,256
img_6_patch_0035.tif,img_6_patch_0035_mask.tif,img_6.tif,334,256,256,256
img_6_patch_0036.tif,img_6_patch_0036_mask.tif,img_6.tif,0,320,256,256
img_6_patch_0037.tif,img_6_patch_0037_mask.tif,img_6.tif,64,320,256,256
img_6_patch_0038.tif,img_6_patch_0038_mask.tif,img_6.tif,128,320,256,256
img_6_patch_0039.tif,img_6_patch_0039_mask.tif,img_6.tif,192,320,256,256
img_6_patch_0040.tif,img_6_patch_0040_mask.tif,img_6.tif,256,320,256,256
img_6_patch_0041.tif,img_6_patch_0041_mask.tif,img_6.tif,320,320,256,256
img_6_patch_0042.tif,img_6_patch_0042_mask.tif,img_6.tif,334,320,256,256
img_6_patch_0043.tif,img_6_patch_0043_mask.tif,img_6.tif,0,365,256,256
img_6_patch_0044.tif,img_6_patch_0044_mask.tif,img_6.tif,64,365,256,256
img_6_patch_0045.tif,img_6_patch_0045_mask.tif,img_6.tif,128,365,256,256
img_6_patch_0046.tif,img_6_patch_0046_mask.tif,img_6.tif,192,365,256,256
img_6_patch_0047.tif,img_6_patch_0047_mask.tif,img_6.tif,256,365,256,256
img_6_patch_0048.tif,img_6_patch_0048_mask.tif,img_6.tif,320,365,256,256
img_6_patch_0049.tif,img_6_patch_0049_mask.tif,img_6.tif,334,365,256,256
img_9_patch_0001.tif,img_9_patch_0001_mask.tif,img_9.tif,0,0,256,256
img_9_patch_0002.tif,img_9_patch_0002_mask.tif,img_9.tif,64,0,256,256
img_9_patch_0003.tif,img_9_patch_0003_mask.tif,img_9.tif,128,0,256,256
img_9_patch_0004.tif,img_9_patch_0004_mask.tif,img_9.tif,192,0,256,256
img_9_patch_0005.tif,img_9_patch_0005_mask.tif,img_9.tif,256,0,256,256
img_9_patch_0006.tif,img_9_patch_0006_mask.tif,img_9.tif,320,0,256,256
img_9_patch_0007.tif,img_9_patch_0007_mask.tif,img_9.tif,384,0,256,256
img_9_patch_0008.tif,img_9_patch_0008_mask.tif,img_9.tif,448,0,256,256
img_9_patch_0009.tif,img_9_patch_0009_mask.tif,img_9.tif,512,0,256,256
img_9_patch_0010.tif,img_9_patch_0010_mask.tif,img_9.tif,576,0,256,256
img_9_patch_0011.tif,img_9_patch_0011_mask.tif,img_9.tif,640,0,256,256
img_9_patch_0012.tif,img_9_patch_0012_mask.tif,img_9.tif,704,0,256,256
img_9_patch_0013.tif,img_9_patch_0013_mask.tif,img_9.tif,768,0,256,256
img_9_patch_0014.tif,img_9_patch_0014_mask.tif,img_9.tif,832,0,256,256
img_9_patch_0015.tif,img_9_patch_0015_mask.tif,img_9.tif,896,0,256,256
img_9_patch_0016.tif,img_9_patch_0016_mask.tif,img_9.tif,960,0,256,256
img_9_patch_0017.tif,img_9_patch_0017_mask.tif,img_9.tif,1024,0,256,256
img_9_patch_0018.tif,img_9_patch_0018_mask.tif,img_9.tif,1088,0,256,256
img_9_patch_0019.tif,img_9_patch_0019_mask.tif,img_9.tif,1152,0,256,256
img_9_patch_0020.tif,img_9_patch_0020_mask.tif,img_9.tif,1216,0,256,256
img_9_patch_0021.tif,img_9_patch_0021_mask.tif,img_9.tif,1280,0,256,256
img_9_patch_0022.tif,img_9_patch_0022_mask.tif,img_9.tif,1344,0,256,256
img_9_patch_0023.tif,img_9_patch_0023_mask.tif,img_9.tif,1408,0,256,256
img_9_patch_0024.tif,img_9_patch_0024_mask.tif,img_9.tif,1472,0,256,256
img_9_patch_0025.tif,img_9_patch_0025_mask.tif,img_9.tif,1536,0,256,256
img_9_patch_0026.tif,img_9_patch_0026_mask.tif,img_9.tif,1600,0,256,256
img_9_patch_0027.tif,img_9_patch_0027_mask.tif,img_9.tif,1664,0,256,256
img_9_patch_0028.tif,img_9_patch_0028_mask.tif,img_9.tif,1728,0,256,256
img_9_patch_0029.tif,img_9_patch_0029_mask.tif,img_9.tif,1792,0,256,256
img_9_patch_0030.tif,img_9_patch_0030_mask.tif,img_9.tif,1856,0,256,256
img_9_patch_0031.tif,img_9_patch_0031_mask.tif,img_9.tif,1920,0,256,256
img_9_patch_0032.tif,img_9_patch_0032_mask.tif,img_9.tif,1984,0,256,256
img_9_patch_0033.tif,img_9_patch_0033_mask.tif,img_9.tif,2048,0,256,256
img_9_patch_0034.tif,img_9_patch_0034_mask.tif,img_9.tif,2112,0,256,256
img_9_patch_0035.tif,img_9_patch_0035_mask.tif,img_9.tif,2176,0,256,256
img_9_patch_0036.tif,img_9_patch_0036_mask.tif,img_9.tif,2240,0,256,256
img_9_patch_0037.tif,img_9_patch_0037_mask.tif,img_9.tif,2304,0,256,256
img_9_patch_0038.tif,img_9_patch_0038_mask.tif,img_9.tif,2368,0,256,256
img_9_patch_0039.tif,img_9_patch_0039_mask.tif,img_9.tif,2432,0,256,256
img_9_patch_0040.tif,img_9_patch_0040_mask.tif,img_9.tif,2496,0,256,256
img_9_patch_0041.tif,img_9_patch_0041_mask.tif,img_9.tif,2560,0,256,256
img_9_patch_0042.tif,img_9_patch_0042_mask.tif,img_9.tif,2624,0,256,256
img_9_patch_0043.tif,img_9_patch_0043_mask.tif,img_9.tif,2688,0,256,256
img_9_patch_0044.tif,img_9_patch_0044_mask.tif,img_9.tif,2752,0,256,256
img_9_patch_0045.tif,img_9_patch_0045_mask.tif,img_9.tif,2816,0,256,256
img_9_patch_0046.tif,img_9_patch_0046_mask.tif,img_9.tif,2880,0,256,256
img_9_patch_0047.tif,img_9_patch_0047_mask.tif,img_9.tif,2944,0,256,256
img_9_patch_0048.tif,img_9_patch_0048_mask.tif,img_9.tif,3008,0,256,256
img_9_patch_0049.tif,img_9_patch_0049_mask.tif,img_9.tif,3072,0,256,256
img_9_patch_0050.tif,img_9_patch_0050_mask.tif,img_9.tif,3136,0,256,256
img_9_patch_0051.tif,img_9_patch_0051_mask.tif,img_9.tif,3200,0,256,256
img_9_patch_0052.tif,img_9_patch_0052_mask.tif,img_9.tif,3264,0,256,256
img_9_patch_0053.tif,img_9_patch_0053_mask.tif,img_9.tif,3328,0,256,256
img_9_patch_0054.tif,img_9_patch_0054_mask.tif,img_9.tif,3348,0,256,256
img_9_patch_0055.tif,img_9_patch_0055_mask.tif,img_9.tif,0,64,256,256
img_9_patch_0056.tif,img_9_patch_0056_mask.tif,img_9.tif,64,64,256,256
img_9_patch_0057.tif,img_9_patch_0057_mask.tif,img_9.tif,128,64,256,256
img_9_patch_0058.tif,img_9_patch_0058_mask.tif,img_9.tif,192,64,256,256
img_9_patch_0059.tif,img_9_patch_0059_mask.tif,img_9.tif,256,64,256,256
img_9_patch_0060.tif,img_9_patch_0060_mask.tif,img_9.tif,320,64,256,256
img_9_patch_0061.tif,img_9_patch_0061_mask.tif,img_9.tif,384,64,256,256
img_9_patch_0062.tif,img_9_patch_0062_mask.tif,img_9.tif,448,64,256,256
img_9_patch_0063.tif,img_9_patch_0063_mask.tif,img_9.tif,512,64,256,256
img_9_patch_0064.tif,img_9_patch_0064_mask.tif,img_9.tif,576,64,256,256
img_9_patch_0065.tif,img_9_patch_0065_mask.tif,img_9.tif,640,64,256,256
img_9_patch_0066.tif,img_9_patch_0066_mask.tif,img_9.tif,704,64,256,256
img_9_patch_0067.tif,img_9_patch_0067_mask.tif,img_9.tif,768,64,256,256
img_9_patch_0068.tif,img_9_patch_0068_mask.tif,img_9.tif,832,64,256,256
img_9_patch_0069.tif,img_9_patch_0069_mask.tif,img_9.tif,896,64,256,256
img_9_patch_0070.tif,img_9_patch_0070_mask.tif,img_9.tif,960,64,256,256
img_9_patch_0071.tif,img_9_patch_0071_mask.tif,img_9.tif,1024,64,256,256
img_9_patch_0072.tif,img_9_patch_0072_mask.tif,img_9.tif,1088,64,256,256
img_9_patch_0073.tif,img_9_patch_0073_mask.tif,img_9.tif,1152,64,256,256
img_9_patch_0074.tif,img_9_patch_0074_mask.tif,img_9.tif,1216,64,256,256
img_9_patch_0075.tif,img_9_patch_0075_mask.tif,img_9.tif,1280,64,256,256
img_9_patch_0076.tif,img_9_patch_0076_mask.tif,img_9.tif,1344,64,256,256
img_9_patch_0077.tif,img_9_patch_0077_mask.tif,img_9.tif,1408,64,256,256
img_9_patch_0078.tif,img_9_patch_0078_mask.tif,img_9.tif,1472,64,256,256
img_9_patch_0079.tif,img_9_patch_0079_mask.tif,img_9.tif,1536,64,256,256
img_9_patch_0080.tif,img_9_patch_0080_mask.tif,img_9.tif,1600,64,256,256
img_9_patch_0081.tif,img_9_patch_0081_mask.tif,img_9.tif,1664,64,256,256
img_9_patch_0082.tif,img_9_patch_0082_mask.tif,img_9.tif,1728,64,256,256
img_9_patch_0083.tif,img_9_patch_0083_mask.tif,img_9.tif,1792,64,256,256
img_9_patch_0084.tif,img_9_patch_0084_mask.tif,img_9.tif,1856,64,256,256
img_9_patch_0085.tif,img_9_patch_0085_mask.tif,img_9.tif,1920,64,256,256
img_9_patch_0086.tif,img_9_patch_0086_mask.tif,img_9.tif,1984,64,256,256
img_9_patch_0087.tif,img_9_patch_0087_mask.tif,img_9.tif,2048,64,256,256
img_9_patch_0088.tif,img_9_patch_0088_mask.tif,img_9.tif,2112,64,256,256
img_9_patch_0089.tif,img_9_patch_0089_mask.tif,img_9.tif,2176,64,256,256
img_9_patch_0090.tif,img_9_patch_0090_mask.tif,img_9.tif,2240,64,256,256
img_9_patch_0091.tif,img_9_patch_0091_mask.tif,img_9.tif,2304,64,256,256
img_9_patch_0092.tif,img_9_patch_0092_mask.tif,img_9.tif,2368,64,256,256
img_9_patch_0093.tif,img_9_patch_0093_mask.tif,img_9.tif,2432,64,256,256
img_9_patch_0094.tif,img_9_patch_0094_mask.tif,img_9.tif,2496,64,256,256
img_9_patch_0095.tif,img_9_patch_0095_mask.tif,img_9.tif,2560,64,256,256
img_9_patch_0096.tif,img_9_patch_0096_mask.tif,img_9.tif,2624,64,256,256
img_9_patch_0097.tif,img_9_patch_0097_mask.tif,img_9.tif,2688,64,256,256
img_9_patch_0098.tif,img_9_patch_0098_mask.tif,img_9.tif,2752,64,256,256
img_9_patch_0099.tif,img_9_patch_0099_mask.tif,img_9.tif,2816,64,256,256
img_9_patch_0100.tif,img_9_patch_0100_mask.tif,img_9.tif,2880,64,256,256
img_9_patch_0101.tif,img_9_patch_0101_mask.tif,img_9.tif,2944,64,256,256
img_9_patch_0102.tif,img_9_patch_0102_mask.tif,img_9.tif,3008,64,256,256
img_9_patch_0103.tif,img_9_patch_0103_mask.tif,img_9.tif,3072,64,256,256
img_9_patch_0104.tif,img_9_patch_0104_mask.tif,img_9.tif,3136,64,256,256
img_9_patch_0105.tif,img_9_patch_0105_mask.tif,img_9.tif,3200,64,256,256
img_9_patch_0106.tif,img_9_patch_0106_mask.tif,img_9.tif,3264,64,256,256
img_9_patch_0107.tif,img_9_patch_0107_mask.tif,img_9.tif,3328,64,256,256
img_9_patch_0108.tif,img_9_patch_0108_mask.tif,img_9.tif,3348,64,256,256
img_9_patch_0109.tif,img_9_patch_0109_mask.tif,img_9.tif,0,128,256,256
img_9_patch_0110.tif,img_9_patch_0110_mask.tif,img_9.tif,64,128,256,256
img_9_patch_0111.tif,img_9_patch_0111_mask.tif,img_9.tif,128,128,256,256
img_9_patch_0112.tif,img_9_patch_0112_mask.tif,img_9.tif,192,128,256,256
img_9_patch_0113.tif,img_9_patch_0113_mask.tif,img_9.tif,256,128,256,256
img_9_patch_0114.tif,img_9_patch_0114_mask.tif,img_9.tif,320,128,256,256
img_9_patch_0115.tif,img_9_patch_0115_mask.tif,img_9.tif,384,128,256,256
img_9_patch_0116.tif,img_9_patch_0116_mask.tif,img_9.tif,448,128,256,256
img_9_patch_0117.tif,img_9_patch_0117_mask.tif,img_9.tif,512,128,256,256
img_9_patch_0118.tif,img_9_patch_0118_mask.tif,img_9.tif,576,128,256,256
img_9_patch_0119.tif,img_9_patch_0119_mask.tif,img_9.tif,640,128,256,256
img_9_patch_0120.tif,img_9_patch_0120_mask.tif,img_9.tif,704,128,256,256
img_9_patch_0121.tif,img_9_patch_0121_mask.tif,img_9.tif,768,128,256,256
img_9_patch_0122.tif,img_9_patch_0122_mask.tif,img_9.tif,832,128,256,256
img_9_patch_0123.tif,img_9_patch_0123_mask.tif,img_9.tif,896,128,256,256
img_9_patch_0124.tif,img_9_patch_0124_mask.tif,img_9.tif,960,128,256,256
img_9_patch_0125.tif,img_9_patch_0125_mask.tif,img_9.tif,1024,128,256,256
img_9_patch_0126.tif,img_9_patch_0126_mask.tif,img_9.tif,1088,128,256,256
img_9_patch_0127.tif,img_9_patch_0127_mask.tif,img_9.tif,1152,128,256,256
img_9_patch_0128.tif,img_9_patch_0128_mask.tif,img_9.tif,1216,128,256,256
img_9_patch_0129.tif,img_9_patch_0129_mask.tif,img_9.tif,1280,128,256,256
img_9_patch_0130.tif,img_9_patch_0130_mask.tif,img_9.tif,1344,128,256,256
img_9_patch_0131.tif,img_9_patch_0131_mask.tif,img_9.tif,1408,128,256,256
img_9_patch_0132.tif,img_9_patch_0132_mask.tif,img_9.tif,1472,128,256,256
img_9_patch_0133.tif,img_9_patch_0133_mask.tif,img_9.tif,1536,128,256,256
img_9_patch_0134.tif,img_9_patch_0134_mask.tif,img_9.tif,1600,128,256,256
img_9_patch_0135.tif,img_9_patch_0135_mask.tif,img_9.tif,1664,128,256,256
img_9_patch_0136.tif,img_9_patch_0136_mask.tif,img_9.tif,1728,128,256,256
img_9_patch_0137.tif,img_9_patch_0137_mask.tif,img_9.tif,1792,128,256,256
img_9_patch_0138.tif,img_9_patch_0138_mask.tif,img_9.tif,1856,128,256,256
img_9_patch_0139.tif,img_9_patch_0139_mask.tif,img_9.tif,1920,128,256,256
img_9_patch_0140.tif,img_9_patch_0140_mask.tif,img_9.tif,1984,128,256,256
img_9_patch_0141.tif,img_9_patch_0141_mask.tif,img_9.tif,2048,128,256,256
img_9_patch_0142.tif,img_9_patch_0142_mask.tif,img_9.tif,2112,128,256,256
img_9_patch_0143.tif,img_9_patch_0143_mask.tif,img_9.tif,2176,128,256,256
img_9_patch_0144.tif,img_9_patch_0144_mask.tif,img_9.tif,2240,128,256,256
img_9_patch_0145.tif,img_9_patch_0145_mask.tif,img_9.tif,2304,128,256,256
img_9_patch_0146.tif,img_9_patch_0146_mask.tif,img_9.tif,2368,128,256,256
img_9_patch_0147.tif,img_9_patch_0147_mask.tif,img_9.tif,2432,128,256,256
img_9_patch_0148.tif,img_9_patch_0148_mask.tif,img_9.tif,2496,128,256,256
img_9_patch_0149.tif,img_9_patch_0149_mask.tif,img_9.tif,2560,128,256,256
img_9_patch_0150.tif,img_9_patch_0150_mask.tif,img_9.tif,2624,128,256,256
img_9_patch_0151.tif,img_9_patch_0151_mask.tif,img_9.tif,2688,128,256,256
img_9_patch_0152.tif,img_9_patch_0152_mask.tif,img_9.tif,2752,128,256,256
img_9_patch_0153.tif,img_9_patch_0153_mask.tif,img_9.tif,2816,128,256,256
img_9_patch_0154.tif,img_9_patch_0154_mask.tif,img_9.tif,2880,128,256,256
img_9_patch_0155.tif,img_9_patch_0155_mask.tif,img_9.tif,2944,128,256,256
img_9_patch_0156.tif,img_9_patch_0156_mask.tif,img_9.tif,3008,128,256,256
img_9_patch_0157.tif,img_9_patch_0157_mask.tif,img_9.tif,3072,128,256,256
img_9_patch_0158.tif,img_9_patch_0158_mask.tif,img_9.tif,3136,128,256,256
img_9_patch_0159.tif,img_9_patch_0159_mask.tif,img_9.tif,3200,128,256,256
img_9_patch_0160.tif,img_9_patch_0160_mask.tif,img_9.tif,3264,128,256,256
img_9_patch_0161.tif,img_9_patch_0161_mask.tif,img_9.tif,3328,128,256,256
img_9_patch_0162.tif,img_9_patch_0162_mask.tif,img_9.tif,3348,128,256,256
img_9_patch_0163.tif,img_9_patch_0163_mask.tif,img_9.tif,0,192,256,256
img_9_patch_0164.tif,img_9_patch_0164_mask.tif,img_9.tif,64,192,256,256
img_9_patch_0165.tif,img_9_patch_0165_mask.tif,img_9.tif,128,192,256,256
img_9_patch_0166.tif,img_9_patch_0166_mask.tif,img_9.tif,192,192,256,256
img_9_patch_0167.tif,img_9_patch_0167_mask.tif,img_9.tif,256,192,256,256
img_9_patch_0168.tif,img_9_patch_0168_mask.tif,img_9.tif,320,192,256,256
img_9_patch_0169.tif,img_9_patch_0169_mask.tif,img_9.tif,384,192,256,256
img_9_patch_0170.tif,img_9_patch_0170_mask.tif,img_9.tif,448,192,256,256
img_9_patch_0171.tif,img_9_patch_0171_mask.tif,img_9.tif,512,192,256,256
img_9_patch_0172.tif,img_9_patch_0172_mask.tif,img_9.tif,576,192,256,256
img_9_patch_0173.tif,img_9_patch_0173_mask.tif,img_9.tif,640,192,256,256
img_9_patch_0174.tif,img_9_patch_0174_mask.tif,img_9.tif,704,192,256,256
img_9_patch_0175.tif,img_9_patch_0175_mask.tif,img_9.tif,768,192,256,256
img_9_patch_0176.tif,img_9_patch_0176_mask.tif,img_9.tif,832,192,256,256
img_9_patch_0177.tif,img_9_patch_0177_mask.tif,img_9.tif,896,192,256,256
img_9_patch_0178.tif,img_9_patch_0178_mask.tif,img_9.tif,960,192,256,256
img_9_patch_0179.tif,img_9_patch_0179_mask.tif,img_9.tif,1024,192,256,256
img_9_patch_0180.tif,img_9_patch_0180_mask.tif,img_9.tif,1088,192,256,256
img_9_patch_0181.tif,img_9_patch_0181_mask.tif,img_9.tif,1152,192,256,256
img_9_patch_0182.tif,img_9_patch_0182_mask.tif,img_9.tif,1216,192,256,256
img_9_patch_0183.tif,img_9_patch_0183_mask.tif,img_9.tif,1280,192,256,256
img_9_patch_0184.tif,img_9_patch_0184_mask.tif,img_9.tif,1344,192,256,256
img_9_patch_0185.tif,img_9_patch_0185_mask.tif,img_9.tif,1408,192,256,256
img_9_patch_0186.tif,img_9_patch_0186_mask.tif,img_9.tif,1472,192,256,256
img_9_patch_0187.tif,img_9_patch_0187_mask.tif,img_9.tif,1536,192,256,256
img_9_patch_0188.tif,img_9_patch_0188_mask.tif,img_9.tif,1600,192,256,256
img_9_patch_0189.tif,img_9_patch_0189_mask.tif,img_9.tif,1664,192,256,256
img_9_patch_0190.tif,img_9_patch_0190_mask.tif,img_9.tif,1728,192,256,256
img_9_patch_0191.tif,img_9_patch_0191_mask.tif,img_9.tif,1792,192,256,256
img_9_patch_0192.tif,img_9_patch_0192_mask.tif,img_9.tif,1856,192,256,256
img_9_patch_0193.tif,img_9_patch_0193_mask.tif,img_9.tif,1920,192,256,256
img_9_patch_0194.tif,img_9_patch_0194_mask.tif,img_9.tif,1984,192,256,256
img_9_patch_0195.tif,img_9_patch_0195_mask.tif,img_9.tif,2048,192,256,256
img_9_patch_0196.tif,img_9_patch_0196_mask.tif,img_9.tif,2112,192,256,256
img_9_patch_0197.tif,img_9_patch_0197_mask.tif,img_9.tif,2176,192,256,256
img_9_patch_0198.tif,img_9_patch_0198_mask.tif,img_9.tif,2240,192,256,256
img_9_patch_0199.tif,img_9_patch_0199_mask.tif,img_9.tif,2304,192,256,256
img_9_patch_0200.tif,img_9_patch_0200_mask.tif,img_9.tif,2368,192,256,256
img_9_patch_0201.tif,img_9_patch_0201_mask.tif,img_9.tif,2432,192,256,256
img_9_patch_0202.tif,img_9_patch_0202_mask.tif,img_9.tif,2496,192,256,256
img_9_patch_0203.tif,img_9_patch_0203_mask.tif,img_9.tif,2560,192,256,256
img_9_patch_0204.tif,img_9_patch_0204_mask.tif,img_9.tif,2624,192,256,256
img_9_patch_0205.tif,img_9_patch_0205_mask.tif,img_9.tif,2688,192,256,256
img_9_patch_0206.tif,img_9_patch_0206_mask.tif,img_9.tif,2752,192,256,256
img_9_patch_0207.tif,img_9_patch_0207_mask.tif,img_9.tif,2816,192,256,256
img_9_patch_0208.tif,img_9_patch_0208_mask.tif,img_9.tif,2880,192,256,256
img_9_patch_0209.tif,img_9_patch_0209_mask.tif,img_9.tif,2944,192,256,256
img_9_patch_0210.tif,img_9_patch_0210_mask.tif,img_9.tif,3008,192,256,256
img_9_patch_0211.tif,img_9_patch_0211_mask.tif,img_9.tif,3072,192,256,256
img_9_patch_0212.tif,img_9_patch_0212_mask.tif,img_9.tif,3136,192,256,256
img_9_patch_0213.tif,img_9_patch_0213_mask.tif,img_9.tif,3200,192,256,256
img_9_patch_0214.tif,img_9_patch_0214_mask.tif,img_9.tif,3264,192,256,256
img_9_patch_0215.tif,img_9_patch_0215_mask.tif,img_9.tif,3328,192,256,256
img_9_patch_0216.tif,img_9_patch_0216_mask.tif,img_9.tif,3348,192,256,256
img_9_patch_0217.tif,img_9_patch_0217_mask.tif,img_9.tif,0,256,256,256
img_9_patch_0218.tif,img_9_patch_0218_mask.tif,img_9.tif,64,256,256,256
img_9_patch_0219.tif,img_9_patch_0219_mask.tif,img_9.tif,128,256,256,256
img_9_patch_0220.tif,img_9_patch_0220_mask.tif,img_9.tif,192,256,256,256
img_9_patch_0221.tif,img_9_patch_0221_mask.tif,img_9.tif,256,256,256,256
img_9_patch_0222.tif,img_9_patch_0222_mask.tif,img_9.tif,320,256,256,256
img_9_patch_0223.tif,img_9_patch_0223_mask.tif,img_9.tif,384,256,256,256
img_9_patch_0224.tif,img_9_patch_0224_mask.tif,img_9.tif,448,256,256,256
img_9_patch_0225.tif,img_9_patch_0225_mask.tif,img_9.tif,512,256,256,256
img_9_patch_0226.tif,img_9_patch_0226_mask.tif,img_9.tif,576,256,256,256
img_9_patch_0227.tif,img_9_patch_0227_mask.tif,img_9.tif,640,256,256,256
img_9_patch_0228.tif,img_9_patch_0228_mask.tif,img_9.tif,704,256,256,256
img_9_patch_0229.tif,img_9_patch_0229_mask.tif,img_9.tif,768,256,256,256
img_9_patch_0230.tif,img_9_patch_0230_mask.tif,img_9.tif,832,256,256,256
img_9_patch_0231.tif,img_9_patch_0231_mask.tif,img_9.tif,896,256,256,256
img_9_patch_0232.tif,img_9_patch_0232_mask.tif,img_9.tif,960,256,256,256
img_9_patch_0233.tif,img_9_patch_0233_mask.tif,img_9.tif,1024,256,256,256
img_9_patch_0234.tif,img_9_patch_0234_mask.tif,img_9.tif,1088,256,256,256
img_9_patch_0235.tif,img_9_patch_0235_mask.tif,img_9.tif,1152,256,256,256
img_9_patch_0236.tif,img_9_patch_0236_mask.tif,img_9.tif,1216,256,256,256
img_9_patch_0237.tif,img_9_patch_0237_mask.tif,img_9.tif,1280,256,256,256
img_9_patch_0238.tif,img_9_patch_0238_mask.tif,img_9.tif,1344,256,256,256
img_9_patch_0239.tif,img_9_patch_0239_mask.tif,img_9.tif,1408,256,256,256
img_9_patch_0240.tif,img_9_patch_0240_mask.tif,img_9.tif,1472,256,256,256
img_9_patch_0241.tif,img_9_patch_0241_mask.tif,img_9.tif,1536,256,256,256
img_9_patch_0242.tif,img_9_patch_0242_mask.tif,img_9.tif,1600,256,256,256
img_9_patch_0243.tif,img_9_patch_0243_mask.tif,img_9.tif,1664,256,256,256
img_9_patch_0244.tif,img_9_patch_0244_mask.tif,img_9.tif,1728,256,256,256
img_9_patch_0245.tif,img_9_patch_0245_mask.tif,img_9.tif,1792,256,256,256
img_9_patch_0246.tif,img_9_patch_0246_mask.tif,img_9.tif,1856,256,256,256
img_9_patch_0247.tif,img_9_patch_0247_mask.tif,img_9.tif,1920,256,256,256
img_9_patch_0248.tif,img_9_patch_0248_mask.tif,img_9.tif,1984,256,256,256
img_9_patch_0249.tif,img_9_patch_0249_mask.tif,img_9.tif,2048,256,256,256
img_9_patch_0250.tif,img_9_patch_0250_mask.tif,img_9.tif,2112,256,256,256
img_9_patch_0251.tif,img_9_patch_0251_mask.tif,img_9.tif,2176,256,256,256
img_9_patch_0252.tif,img_9_patch_0252_mask.tif,img_9.tif,2240,256,256,256
img_9_patch_0253.tif,img_9_patch_0253_mask.tif,img_9.tif,2304,256,256,256
img_9_patch_0254.tif,img_9_patch_0254_mask.tif,img_9.tif,2368,256,256,256
img_9_patch_0255.tif,img_9_patch_0255_mask.tif,img_9.tif,2432,256,256,256
img_9_patch_0256.tif,img_9_patch_0256_mask.tif,img_9.tif,2496,256,256,256
img_9_patch_0257.tif,img_9_patch_0257_mask.tif,img_9.tif,2560,256,256,256
img_9_patch_0258.tif,img_9_patch_0258_mask.tif,img_9.tif,2624,256,256,256
img_9_patch_0259.tif,img_9_patch_0259_mask.tif,img_9.tif,2688,256,256,256
img_9_patch_0260.tif,img_9_patch_0260_mask.tif,img_9.tif,2752,256,256,256
img_9_patch_0261.tif,img_9_patch_0261_mask.tif,img_9.tif,2816,256,256,256
img_9_patch_0262.tif,img_9_patch_0262_mask.tif,img_9.tif,2880,256,256,256
img_9_patch_0263.tif,img_9_patch_0263_mask.tif,img_9.tif,2944,256,256,256
img_9_patch_0264.tif,img_9_patch_0264_mask.tif,img_9.tif,3008,256,256,256
img_9_patch_0265.tif,img_9_patch_0265_mask.tif,img_9.tif,3072,256,256,256
img_9_patch_0266.tif,img_9_patch_0266_mask.tif,img_9.tif,3136,256,256,256
img_9_patch_0267.tif,img_9_patch_0267_mask.tif,img_9.tif,3200,256,256,256
img_9_patch_0268.tif,img_9_patch_0268_mask.tif,img_9.tif,3264,256,256,256
img_9_patch_0269.tif,img_9_patch_0269_mask.tif,img_9.tif,3328,256,256,256
img_9_patch_0270.tif,img_9_patch_0270_mask.tif,img_9.tif,3348,256,256,256
img_9_patch_0271.tif,img_9_patch_0271_mask.tif,img_9.tif,0,320,256,256
img_9_patch_0272.tif,img_9_patch_0272_mask.tif,img_9.tif,64,320,256,256
img_9_patch_0273.tif,img_9_patch_0273_mask.tif,img_9.tif,128,320,256,256
img_9_patch_0274.tif,img_9_patch_0274_mask.tif,img_9.tif,192,320,256,256
img_9_patch_0275.tif,img_9_patch_0275_mask.tif,img_9.tif,256,320,256,256
img_9_patch_0276.tif,img_9_patch_0276_mask.tif,img_9.tif,320,320,256,256
img_9_patch_0277.tif,img_9_patch_0277_mask.tif,img_9.tif,384,320,256,256
img_9_patch_0278.tif,img_9_patch_0278_mask.tif,img_9.tif,448,320,256,256
img_9_patch_0279.tif,img_9_patch_0279_mask.tif,img_9.tif,512,320,256,256
img_9_patch_0280.tif,img_9_patch_0280_mask.tif,img_9.tif,576,320,256,256
img_9_patch_0281.tif,img_9_patch_0281_mask.tif,img_9.tif,640,320,256,256
img_9_patch_0282.tif,img_9_patch_0282_mask.tif,img_9.tif,704,320,256,256
img_9_patch_0283.tif,img_9_patch_0283_mask.tif,img_9.tif,768,320,256,256
img_9_patch_0284.tif,img_9_patch_0284_mask.tif,img_9.tif,832,320,256,256
img_9_patch_0285.tif,img_9_patch_0285_mask.tif,img_9.tif,896,320,256,256
img_9_patch_0286.tif,img_9_patch_0286_mask.tif,img_9.tif,960,320,256,256
img_9_patch_0287.tif,img_9_patch_0287_mask.tif,img_9.tif,1024,320,256,256
img_9_patch_0288.tif,img_9_patch_0288_mask.tif,img_9.tif,1088,320,256,256
img_9_patch_0289.tif,img_9_patch_0289_mask.tif,img_9.tif,1152,320,256,256
img_9_patch_0290.tif,img_9_patch_0290_mask.tif,img_9.tif,1216,320,256,256
img_9_patch_0291.tif,img_9_patch_0291_mask.tif,img_9.tif,1280,320,256,256
img_9_patch_0292.tif,img_9_patch_0292_mask.tif,img_9.tif,1344,320,256,256
img_9_patch_0293.tif,img_9_patch_0293_mask.tif,img_9.tif,1408,320,256,256
img_9_patch_0294.tif,img_9_patch_0294_mask.tif,img_9.tif,1472,320,256,256
img_9_patch_0295.tif,img_9_patch_0295_mask.tif,img_9.tif,1536,320,256,256
img_9_patch_0296.tif,img_9_patch_0296_mask.tif,img_9.tif,1600,320,256,256
img_9_patch_0297.tif,img_9_patch_0297_mask.tif,img_9.tif,1664,320,256,256
img_9_patch_0298.tif,img_9_patch_0298_mask.tif,img_9.tif,1728,320,256,256
img_9_patch_0299.tif,img_9_patch_0299_mask.tif,img_9.tif,1792,320,256,256
img_9_patch_0300.tif,img_9_patch_0300_mask.tif,img_9.tif,1856,320,256,256
img_9_patch_0301.tif,img_9_patch_0301_mask.tif,img_9.tif,1920,320,256,256
img_9_patch_0302.tif,img_9_patch_0302_mask.tif,img_9.tif,1984,320,256,256
img_9_patch_0303.tif,img_9_patch_0303_mask.tif,img_9.tif,2048,320,256,256
img_9_patch_0304.tif,img_9_patch_0304_mask.tif,img_9.tif,2112,320,256,256
img_9_patch_0305.tif,img_9_patch_0305_mask.tif,img_9.tif,2176,320,256,256
img_9_patch_0306.tif,img_9_patch_0306_mask.tif,img_9.tif,2240,320,256,256
img_9_patch_0307.tif,img_9_patch_0307_mask.tif,img_9.tif,2304,320,256,256
img_9_patch_0308.tif,img_9_patch_0308_mask.tif,img_9.tif,2368,320,256,256
img_9_patch_0309.tif,img_9_patch_0309_mask.tif,img_9.tif,2432,320,256,256
img_9_patch_0310.tif,img_9_patch_0310_mask.tif,img_9.tif,2496,320,256,256
img_9_patch_0311.tif,img_9_patch_0311_mask.tif,img_9.tif,2560,320,256,256
img_9_patch_0312.tif,img_9_patch_0312_mask.tif,img_9.tif,2624,320,256,256
img_9_patch_0313.tif,img_9_patch_0313_mask.tif,img_9.tif,2688,320,256,256
img_9_patch_0314.tif,img_9_patch_0314_mask.tif,img_9.tif,2752,320,256,256
img_9_patch_0315.tif,img_9_patch_0315_mask.tif,img_9.tif,2816,320,256,256
img_9_patch_0316.tif,img_9_patch_0316_mask.tif,img_9.tif,2880,320,256,256
img_9_patch_0317.tif,img_9_patch_0317_mask.tif,img_9.tif,2944,320,256,256
img_9_patch_0318.tif,img_9_patch_0318_mask.tif,img_9.tif,3008,320,256,256
img_9_patch_0319.tif,img_9_patch_0319_mask.tif,img_9.tif,3072,320,256,256
img_9_patch_0320.tif,img_9_patch_0320_mask.tif,img_9.tif,3136,320,256,256
img_9_patch_0321.tif,img_9_patch_0321_mask.tif,img_9.tif,3200,320,256,256
img_9_patch_0322.tif,img_9_patch_0322_mask.tif,img_9.tif,3264,320,256,256
img_9_patch_0323.tif,img_9_patch_0323_mask.tif,img_9.tif,3328,320,256,256
img_9_patch_0324.tif,img_9_patch_0324_mask.tif,img_9.tif,3348,320,256,256
img_9_patch_0325.tif,img_9_patch_0325_mask.tif,img_9.tif,0,384,256,256
img_9_patch_0326.tif,img_9_patch_0326_mask.tif,img_9.tif,64,384,256,256
img_9_patch_0327.tif,img_9_patch_0327_mask.tif,img_9.tif,128,384,256,256
img_9_patch_0328.tif,img_9_patch_0328_mask.tif,img_9.tif,192,384,256,256
img_9_patch_0329.tif,img_9_patch_0329_mask.tif,img_9.tif,256,384,256,256
img_9_patch_0330.tif,img_9_patch_0330_mask.tif,img_9.tif,320,384,256,256
img_9_patch_0331.tif,img_9_patch_0331_mask.tif,img_9.tif,384,384,256,256
img_9_patch_0332.tif,img_9_patch_0332_mask.tif,img_9.tif,448,384,256,256
img_9_patch_0333.tif,img_9_patch_0333_mask.tif,img_9.tif,512,384,256,256
img_9_patch_0334.tif,img_9_patch_0334_mask.tif,img_9.tif,576,384,256,256
img_9_patch_0335.tif,img_9_patch_0335_mask.tif,img_9.tif,640,384,256,256
img_9_patch_0336.tif,img_9_patch_0336_mask.tif,img_9.tif,704,384,256,256
img_9_patch_0337.tif,img_9_patch_0337_mask.tif,img_9.tif,768,384,256,256
img_9_patch_0338.tif,img_9_patch_0338_mask.tif,img_9.tif,832,384,256,256
img_9_patch_0339.tif,img_9_patch_0339_mask.tif,img_9.tif,896,384,256,256
img_9_patch_0340.tif,img_9_patch_0340_mask.tif,img_9.tif,960,384,256,256
img_9_patch_0341.tif,img_9_patch_0341_mask.tif,img_9.tif,1024,384,256,256
img_9_patch_0342.tif,img_9_patch_0342_mask.tif,img_9.tif,1088,384,256,256
img_9_patch_0343.tif,img_9_patch_0343_mask.tif,img_9.tif,1152,384,256,256
img_9_patch_0344.tif,img_9_patch_0344_mask.tif,img_9.tif,1216,384,256,256
img_9_patch_0345.tif,img_9_patch_0345_mask.tif,img_9.tif,1280,384,256,256
img_9_patch_0346.tif,img_9_patch_0346_mask.tif,img_9.tif,1344,384,256,256
img_9_patch_0347.tif,img_9_patch_0347_mask.tif,img_9.tif,1408,384,256,256
img_9_patch_0348.tif,img_9_patch_0348_mask.tif,img_9.tif,1472,384,256,256
img_9_patch_0349.tif,img_9_patch_0349_mask.tif,img_9.tif,1536,384,256,256
img_9_patch_0350.tif,img_9_patch_0350_mask.tif,img_9.tif,1600,384,256,256
img_9_patch_0351.tif,img_9_patch_0351_mask.tif,img_9.tif,1664,384,256,256
img_9_patch_0352.tif,img_9_patch_0352_mask.tif,img_9.tif,1728,384,256,256
img_9_patch_0353.tif,img_9_patch_0353_mask.tif,img_9.tif,1792,384,256,256
img_9_patch_0354.tif,img_9_patch_0354_mask.tif,img_9.tif,1856,384,256,256
img_9_patch_0355.tif,img_9_patch_0355_mask.tif,img_9.tif,1920,384,256,256
img_9_patch_0356.tif,img_9_patch_0356_mask.tif,img_9.tif,1984,384,256,256
img_9_patch_0357.tif,img_9_patch_0357_mask.tif,img_9.tif,2048,384,256,256
img_9_patch_0358.tif,img_9_patch_0358_mask.tif,img_9.tif,2112,384,256,256
img_9_patch_0359.tif,img_9_patch_0359_mask.tif,img_9.tif,2176,384,256,256
img_9_patch_0360.tif,img_9_patch_0360_mask.tif,img_9.tif,2240,384,256,256
img_9_patch_0361.tif,img_9_patch_0361_mask.tif,img_9.tif,2304,384,256,256
img_9_patch_0362.tif,img_9_patch_0362_mask.tif,img_9.tif,2368,384,256,256
img_9_patch_0363.tif,img_9_patch_0363_mask.tif,img_9.tif,2432,384,256,256
img_9_patch_0364.tif,img_9_patch_0364_mask.tif,img_9.tif,2496,384,256,256
img_9_patch_0365.tif,img_9_patch_0365_mask.tif,img_9.tif,2560,384,256,256
img_9_patch_0366.tif,img_9_patch_0366_mask.tif,img_9.tif,2624,384,256,256
img_9_patch_0367.tif,img_9_patch_0367_mask.tif,img_9.tif,2688,384,256,256
img_9_patch_0368.tif,img_9_patch_0368_mask.tif,img_9.tif,2752,384,256,256
img_9_patch_0369.tif,img_9_patch_0369_mask.tif,img_9.tif,2816,384,256,256
img_9_patch_0370.tif,img_9_patch_0370_mask.tif,img_9.tif,2880,384,256,256
img_9_patch_0371.tif,img_9_patch_0371_mask.tif,img_9.tif,2944,384,256,256
img_9_patch_0372.tif,img_9_patch_0372_mask.tif,img_9.tif,3008,384,256,256
img_9_patch_0373.tif,img_9_patch_0373_mask.tif,img_9.tif,3072,384,256,256
img_9_patch_0374.tif,img_9_patch_0374_mask.tif,img_9.tif,3136,384,256,256
img_9_patch_0375.tif,img_9_patch_0375_mask.tif,img_9.tif,3200,384,256,256
img_9_patch_0376.tif,img_9_patch_0376_mask.tif,img_9.tif,3264,384,256,256
img_9_patch_0377.tif,img_9_patch_0377_mask.tif,img_9.tif,3328,384,256,256
img_9_patch_0378.tif,img_9_patch_0378_mask.tif,img_9.tif,3348,384,256,256
img_9_patch_0379.tif,img_9_patch_0379_mask.tif,img_9.tif,0,448,256,256
img_9_patch_0380.tif,img_9_patch_0380_mask.tif,img_9.tif,64,448,256,256
img_9_patch_0381.tif,img_9_patch_0381_mask.tif,img_9.tif,128,448,256,256
img_9_patch_0382.tif,img_9_patch_0382_mask.tif,img_9.tif,192,448,256,256
img_9_patch_0383.tif,img_9_patch_0383_mask.tif,img_9.tif,256,448,256,256
img_9_patch_0384.tif,img_9_patch_0384_mask.tif,img_9.tif,320,448,256,256
img_9_patch_0385.tif,img_9_patch_0385_mask.tif,img_9.tif,384,448,256,256
img_9_patch_0386.tif,img_9_patch_0386_mask.tif,img_9.tif,448,448,256,256
img_9_patch_0387.tif,img_9_patch_0387_mask.tif,img_9.tif,512,448,256,256
img_9_patch_0388.tif,img_9_patch_0388_mask.tif,img_9.tif,576,448,256,256
img_9_patch_0389.tif,img_9_patch_0389_mask.tif,img_9.tif,640,448,256,256
img_9_patch_0390.tif,img_9_patch_0390_mask.tif,img_9.tif,704,448,256,256
img_9_patch_0391.tif,img_9_patch_0391_mask.tif,img_9.tif,768,448,256,256
img_9_patch_0392.tif,img_9_patch_0392_mask.tif,img_9.tif,832,448,256,256
img_9_patch_0393.tif,img_9_patch_0393_mask.tif,img_9.tif,896,448,256,256
img_9_patch_0394.tif,img_9_patch_0394_mask.tif,img_9.tif,960,448,256,256
img_9_patch_0395.tif,img_9_patch_0395_mask.tif,img_9.tif,1024,448,256,256
img_9_patch_0396.tif,img_9_patch_0396_mask.tif,img_9.tif,1088,448,256,256
img_9_patch_0397.tif,img_9_patch_0397_mask.tif,img_9.tif,1152,448,256,256
img_9_patch_0398.tif,img_9_patch_0398_mask.tif,img_9.tif,1216,448,256,256
img_9_patch_0399.tif,img_9_patch_0399_mask.tif,img_9.tif,1280,448,256,256
img_9_patch_0400.tif,img_9_patch_0400_mask.tif,img_9.tif,1344,448,256,256
img_9_patch_0401.tif,img_9_patch_0401_mask.tif,img_9.tif,1408,448,256,256
img_9_patch_0402.tif,img_9_patch_0402_mask.tif,img_9.tif,1472,448,256,256
img_9_patch_0403.tif,img_9_patch_0403_mask.tif,img_9.tif,1536,448,256,256
img_9_patch_0404.tif,img_9_patch_0404_mask.tif,img_9.tif,1600,448,256,256
img_9_patch_0405.tif,img_9_patch_0405_mask.tif,img_9.tif,1664,448,256,256
img_9_patch_0406.tif,img_9_patch_0406_mask.tif,img_9.tif,1728,448,256,256
img_9_patch_0407.tif,img_9_patch_0407_mask.tif,img_9.tif,1792,448,256,256
img_9_patch_0408.tif,img_9_patch_0408_mask.tif,img_9.tif,1856,448,256,256
img_9_patch_0409.tif,img_9_patch_0409_mask.tif,img_9.tif,1920,448,256,256
img_9_patch_0410.tif,img_9_patch_0410_mask.tif,img_9.tif,1984,448,256,256
img_9_patch_0411.tif,img_9_patch_0411_mask.tif,img_9.tif,2048,448,256,256
img_9_patch_0412.tif,img_9_patch_0412_mask.tif,img_9.tif,2112,448,256,256
img_9_patch_0413.tif,img_9_patch_0413_mask.tif,img_9.tif,2176,448,256,256
img_9_patch_0414.tif,img_9_patch_0414_mask.tif,img_9.tif,2240,448,256,256
img_9_patch_0415.tif,img_9_patch_0415_mask.tif,img_9.tif,2304,448,256,256
img_9_patch_0416.tif,img_9_patch_0416_mask.tif,img_9.tif,2368,448,256,256
img_9_patch_0417.tif,img_9_patch_0417_mask.tif,img_9.tif,2432,448,256,256
img_9_patch_0418.tif,img_9_patch_0418_mask.tif,img_9.tif,2496,448,256,256
img_9_patch_0419.tif,img_9_patch_0419_mask.tif,img_9.tif,2560,448,256,256
img_9_patch_0420.tif,img_9_patch_0420_mask.tif,img_9.tif,2624,448,256,256
img_9_patch_0421.tif,img_9_patch_0421_mask.tif,img_9.tif,2688,448,256,256
img_9_patch_0422.tif,img_9_patch_0422_mask.tif,img_9.tif,2752,448,256,256
img_9_patch_0423.tif,img_9_patch_0423_mask.tif,img_9.tif,2816,448,256,256
img_9_patch_0424.tif,img_9_patch_0424_mask.tif,img_9.tif,2880,448,256,256
img_9_patch_0425.tif,img_9_patch_0425_mask.tif,img_9.tif,2944,448,256,256
img_9_patch_0426.tif,img_9_patch_0426_mask.tif,img_9.tif,3008,448,256,256
img_9_patch_0427.tif,img_9_patch_0427_mask.tif,img_9.tif,3072,448,256,256
img_9_patch_0428.tif,img_9_patch_0428_mask.tif,img_9.tif,3136,448,256,256
img_9_patch_0429.tif,img_9_patch_0429_mask.tif,img_9.tif,3200,448,256,256
img_9_patch_0430.tif,img_9_patch_0430_mask.tif,img_9.tif,3264,448,256,256
img_9_patch_0431.tif,img_9_patch_0431_mask.tif,img_9.tif,3328,448,256,256
img_9_patch_0432.tif,img_9_patch_0432_mask.tif,img_9.tif,3348,448,256,256
img_9_patch_0433.tif,img_9_patch_0433_mask.tif,img_9.tif,0,512,256,256
img_9_patch_0434.tif,img_9_patch_0434_mask.tif,img_9.tif,64,512,256,256
img_9_patch_0435.tif,img_9_patch_0435_mask.tif,img_9.tif,128,512,256,256
img_9_patch_0436.tif,img_9_patch_0436_mask.tif,img_9.tif,192,512,256,256
img_9_patch_0437.tif,img_9_patch_0437_mask.tif,img_9.tif,256,512,256,256
img_9_patch_0438.tif,img_9_patch_0438_mask.tif,img_9.tif,320,512,256,256
img_9_patch_0439.tif,img_9_patch_0439_mask.tif,img_9.tif,384,512,256,256
img_9_patch_0440.tif,img_9_patch_0440_mask.tif,img_9.tif,448,512,256,256
img_9_patch_0441.tif,img_9_patch_0441_mask.tif,img_9.tif,512,512,256,256
img_9_patch_0442.tif,img_9_patch_0442_mask.tif,img_9.tif,576,512,256,256
img_9_patch_0443.tif,img_9_patch_0443_mask.tif,img_9.tif,640,512,256,256
img_9_patch_0444.tif,img_9_patch_0444_mask.tif,img_9.tif,704,512,256,256
img_9_patch_0445.tif,img_9_patch_0445_mask.tif,img_9.tif,768,512,256,256
img_9_patch_0446.tif,img_9_patch_0446_mask.tif,img_9.tif,832,512,256,256
img_9_patch_0447.tif,img_9_patch_0447_mask.tif,img_9.tif,896,512,256,256
img_9_patch_0448.tif,img_9_patch_0448_mask.tif,img_9.tif,960,512,256,256
img_9_patch_0449.tif,img_9_patch_0449_mask.tif,img_9.tif,1024,512,256,256
img_9_patch_0450.tif,img_9_patch_0450_mask.tif,img_9.tif,1088,512,256,256
img_9_patch_0451.tif,img_9_patch_0451_mask.tif,img_9.tif,1152,512,256,256
img_9_patch_0452.tif,img_9_patch_0452_mask.tif,img_9.tif,1216,512,256,256
img_9_patch_0453.tif,img_9_patch_0453_mask.tif,img_9.tif,1280,512,256,256
img_9_patch_0454.tif,img_9_patch_0454_mask.tif,img_9.tif,1344,512,256,256
img_9_patch_0455.tif,img_9_patch_0455_mask.tif,img_9.tif,1408,512,256,256
img_9_patch_0456.tif,img_9_patch_0456_mask.tif,img_9.tif,1472,512,256,256
img_9_patch_0457.tif,img_9_patch_0457_mask.tif,img_9.tif,1536,512,256,256
img_9_patch_0458.tif,img_9_patch_0458_mask.tif,img_9.tif,1600,512,256,256
img_9_patch_0459.tif,img_9_patch_0459_mask.tif,img_9.tif,1664,512,256,256
img_9_patch_0460.tif,img_9_patch_0460_mask.tif,img_9.tif,1728,512,256,256
img_9_patch_0461.tif,img_9_patch_0461_mask.tif,img_9.tif,1792,512,256,256
img_9_patch_0462.tif,img_9_patch_0462_mask.tif,img_9.tif,1856,512,256,256
img_9_patch_0463.tif,img_9_patch_0463_mask.tif,img_9.tif,1920,512,256,256
img_9_patch_0464.tif,img_9_patch_0464_mask.tif,img_9.tif,1984,512,256,256
img_9_patch_0465.tif,img_9_patch_0465_mask.tif,img_9.tif,2048,512,256,256
img_9_patch_0466.tif,img_9_patch_0466_mask.tif,img_9.tif,2112,512,256,256
img_9_patch_0467.tif,img_9_patch_0467_mask.tif,img_9.tif,2176,512,256,256
img_9_patch_0468.tif,img_9_patch_0468_mask.tif,img_9.tif,2240,512,256,256
img_9_patch_0469.tif,img_9_patch_0469_mask.tif,img_9.tif,2304,512,256,256
img_9_patch_0470.tif,img_9_patch_0470_mask.tif,img_9.tif,2368,512,256,256
img_9_patch_0471.tif,img_9_patch_0471_mask.tif,img_9.tif,2432,512,256,256
img_9_patch_0472.tif,img_9_patch_0472_mask.tif,img_9.tif,2496,512,256,256
img_9_patch_0473.tif,img_9_patch_0473_mask.tif,img_9.tif,2560,512,256,256
img_9_patch_0474.tif,img_9_patch_0474_mask.tif,img_9.tif,2624,512,256,256
img_9_patch_0475.tif,img_9_patch_0475_mask.tif,img_9.tif,2688,512,256,256
img_9_patch_0476.tif,img_9_patch_0476_mask.tif,img_9.tif,2752,512,256,256
img_9_patch_0477.tif,img_9_patch_0477_mask.tif,img_9.tif,2816,512,256,256
img_9_patch_0478.tif,img_9_patch_0478_mask.tif,img_9.tif,2880,512,256,256
img_9_patch_0479.tif,img_9_patch_0479_mask.tif,img_9.tif,2944,512,256,256
img_9_patch_0480.tif,img_9_patch_0480_mask.tif,img_9.tif,3008,512,256,256
img_9_patch_0481.tif,img_9_patch_0481_mask.tif,img_9.tif,3072,512,256,256
img_9_patch_0482.tif,img_9_patch_0482_mask.tif,img_9.tif,3136,512,256,256
img_9_patch_0483.tif,img_9_patch_0483_mask.tif,img_9.tif,3200,512,256,256
img_9_patch_0484.tif,img_9_patch_0484_mask.tif,img_9.tif,3264,512,256,256
img_9_patch_0485.tif,img_9_patch_0485_mask.tif,img_9.tif,3328,512,256,256
img_9_patch_0486.tif,img_9_patch_0486_mask.tif,img_9.tif,3348,512,256,256
img_9_patch_0487.tif,img_9_patch_0487_mask.tif,img_9.tif,0,576,256,256
img_9_patch_0488.tif,img_9_patch_0488_mask.tif,img_9.tif,64,576,256,256
img_9_patch_0489.tif,img_9_patch_0489_mask.tif,img_9.tif,128,576,256,256
img_9_patch_0490.tif,img_9_patch_0490_mask.tif,img_9.tif,192,576,256,256
img_9_patch_0491.tif,img_9_patch_0491_mask.tif,img_9.tif,256,576,256,256
img_9_patch_0492.tif,img_9_patch_0492_mask.tif,img_9.tif,320,576,256,256
img_9_patch_0493.tif,img_9_patch_0493_mask.tif,img_9.tif,384,576,256,256
img_9_patch_0494.tif,img_9_patch_0494_mask.tif,img_9.tif,448,576,256,256
img_9_patch_0495.tif,img_9_patch_0495_mask.tif,img_9.tif,512,576,256,256
img_9_patch_0496.tif,img_9_patch_0496_mask.tif,img_9.tif,576,576,256,256
img_9_patch_0497.tif,img_9_patch_0497_mask.tif,img_9.tif,640,576,256,256
img_9_patch_0498.tif,img_9_patch_0498_mask.tif,img_9.tif,704,576,256,256
img_9_patch_0499.tif,img_9_patch_0499_mask.tif,img_9.tif,768,576,256,256
img_9_patch_0500.tif,img_9_patch_0500_mask.tif,img_9.tif,832,576,256,256
img_9_patch_0501.tif,img_9_patch_0501_mask.tif,img_9.tif,896,576,256,256
img_9_patch_0502.tif,img_9_patch_0502_mask.tif,img_9.tif,960,576,256,256
img_9_patch_0503.tif,img_9_patch_0503_mask.tif,img_9.tif,1024,576,256,256
img_9_patch_0504.tif,img_9_patch_0504_mask.tif,img_9.tif,1088,576,256,256
img_9_patch_0505.tif,img_9_patch_0505_mask.tif,img_9.tif,1152,576,256,256
img_9_patch_0506.tif,img_9_patch_0506_mask.tif,img_9.tif,1216,576,256,256
img_9_patch_0507.tif,img_9_patch_0507_mask.tif,img_9.tif,1280,576,256,256
img_9_patch_0508.tif,img_9_patch_0508_mask.tif,img_9.tif,1344,576,256,256
img_9_patch_0509.tif,img_9_patch_0509_mask.tif,img_9.tif,1408,576,256,256
img_9_patch_0510.tif,img_9_patch_0510_mask.tif,img_9.tif,1472,576,256,256
img_9_patch_0511.tif,img_9_patch_0511_mask.tif,img_9.tif,1536,576,256,256
img_9_patch_0512.tif,img_9_patch_0512_mask.tif,img_9.tif,1600,576,256,256
img_9_patch_0513.tif,img_9_patch_0513_mask.tif,img_9.tif,1664,576,256,256
img_9_patch_0514.tif,img_9_patch_0514_mask.tif,img_9.tif,1728,576,256,256
img_9_patch_0515.tif,img_9_patch_0515_mask.tif,img_9.tif,1792,576,256,256
img_9_patch_0516.tif,img_9_patch_0516_mask.tif,img_9.tif,1856,576,256,256
img_9_patch_0517.tif,img_9_patch_0517_mask.tif,img_9.tif,1920,576,256,256
img_9_patch_0518.tif,img_9_patch_0518_mask.tif,img_9.tif,1984,576,256,256
img_9_patch_0519.tif,img_9_patch_0519_mask.tif,img_9.tif,2048,576,256,256
img_9_patch_0520.tif,img_9_patch_0520_mask.tif,img_9.tif,2112,576,256,256
img_9_patch_0521.tif,img_9_patch_0521_mask.tif,img_9.tif,2176,576,256,256
img_9_patch_0522.tif,img_9_patch_0522_mask.tif,img_9.tif,2240,576,256,256
img_9_patch_0523.tif,img_9_patch_0523_mask.tif,img_9.tif,2304,576,256,256
img_9_patch_0524.tif,img_9_patch_0524_mask.tif,img_9.tif,2368,576,256,256
img_9_patch_0525.tif,img_9_patch_0525_mask.tif,img_9.tif,2432,576,256,256
img_9_patch_0526.tif,img_9_patch_0526_mask.tif,img_9.tif,2496,576,256,256
img_9_patch_0527.tif,img_9_patch_0527_mask.tif,img_9.tif,2560,576,256,256
img_9_patch_0528.tif,img_9_patch_0528_mask.tif,img_9.tif,2624,576,256,256
img_9_patch_0529.tif,img_9_patch_0529_mask.tif,img_9.tif,2688,576,256,256
img_9_patch_0530.tif,img_9_patch_0530_mask.tif,img_9.tif,2752,576,256,256
img_9_patch_0531.tif,img_9_patch_0531_mask.tif,img_9.tif,2816,576,256,256
img_9_patch_0532.tif,img_9_patch_0532_mask.tif,img_9.tif,2880,576,256,256
img_9_patch_0533.tif,img_9_patch_0533_mask.tif,img_9.tif,2944,576,256,256
img_9_patch_0534.tif,img_9_patch_0534_mask.tif,img_9.tif,3008,576,256,256
img_9_patch_0535.tif,img_9_patch_0535_mask.tif,img_9.tif,3072,576,256,256
img_9_patch_0536.tif,img_9_patch_0536_mask.tif,img_9.tif,3136,576,256,256
img_9_patch_0537.tif,img_9_patch_0537_mask.tif,img_9.tif,3200,576,256,256
img_9_patch_0538.tif,img_9_patch_0538_mask.tif,img_9.tif,3264,576,256,256
img_9_patch_0539.tif,img_9_patch_0539_mask.tif,img_9.tif,3328,576,256,256
img_9_patch_0540.tif,img_9_patch_0540_mask.tif,img_9.tif,3348,576,256,256
img_9_patch_0541.tif,img_9_patch_0541_mask.tif,img_9.tif,0,640,256,256
img_9_patch_0542.tif,img_9_patch_0542_mask.tif,img_9.tif,64,640,256,256
img_9_patch_0543.tif,img_9_patch_0543_mask.tif,img_9.tif,128,640,256,256
img_9_patch_0544.tif,img_9_patch_0544_mask.tif,img_9.tif,192,640,256,256
img_9_patch_0545.tif,img_9_patch_0545_mask.tif,img_9.tif,256,640,256,256
img_9_patch_0546.tif,img_9_patch_0546_mask.tif,img_9.tif,320,640,256,256
img_9_patch_0547.tif,img_9_patch_0547_mask.tif,img_9.tif,384,640,256,256
img_9_patch_0548.tif,img_9_patch_0548_mask.tif,img_9.tif,448,640,256,256
img_9_patch_0549.tif,img_9_patch_0549_mask.tif,img_9.tif,512,640,256,256
img_9_patch_0550.tif,img_9_patch_0550_mask.tif,img_9.tif,576,640,256,256
img_9_patch_0551.tif,img_9_patch_0551_mask.tif,img_9.tif,640,640,256,256
img_9_patch_0552.tif,img_9_patch_0552_mask.tif,img_9.tif,704,640,256,256
img_9_patch_0553.tif,img_9_patch_0553_mask.tif,img_9.tif,768,640,256,256
img_9_patch_0554.tif,img_9_patch_0554_mask.tif,img_9.tif,832,640,256,256
img_9_patch_0555.tif,img_9_patch_0555_mask.tif,img_9.tif,896,640,256,256
img_9_patch_0556.tif,img_9_patch_0556_mask.tif,img_9.tif,960,640,256,256
img_9_patch_0557.tif,img_9_patch_0557_mask.tif,img_9.tif,1024,640,256,256
img_9_patch_0558.tif,img_9_patch_0558_mask.tif,img_9.tif,1088,640,256,256
img_9_patch_0559.tif,img_9_patch_0559_mask.tif,img_9.tif,1152,640,256,256
img_9_patch_0560.tif,img_9_patch_0560_mask.tif,img_9.tif,1216,640,256,256
img_9_patch_0561.tif,img_9_patch_0561_mask.tif,img_9.tif,1280,640,256,256
img_9_patch_0562.tif,img_9_patch_0562_mask.tif,img_9.tif,1344,640,256,256
img_9_patch_0563.tif,img_9_patch_0563_mask.tif,img_9.tif,1408,640,256,256
img_9_patch_0564.tif,img_9_patch_0564_mask.tif,img_9.tif,1472,640,256,256
img_9_patch_0565.tif,img_9_patch_0565_mask.tif,img_9.tif,1536,640,256,256
img_9_patch_0566.tif,img_9_patch_0566_mask.tif,img_9.tif,1600,640,256,256
img_9_patch_0567.tif,img_9_patch_0567_mask.tif,img_9.tif,1664,640,256,256
img_9_patch_0568.tif,img_9_patch_0568_mask.tif,img_9.tif,1728,640,256,256
img_9_patch_0569.tif,img_9_patch_0569_mask.tif,img_9.tif,1792,640,256,256
img_9_patch_0570.tif,img_9_patch_0570_mask.tif,img_9.tif,1856,640,256,256
img_9_patch_0571.tif,img_9_patch_0571_mask.tif,img_9.tif,1920,640,256,256
img_9_patch_0572.tif,img_9_patch_0572_mask.tif,img_9.tif,1984,640,256,256
img_9_patch_0573.tif,img_9_patch_0573_mask.tif,img_9.tif,2048,640,256,256
img_9_patch_0574.tif,img_9_patch_0574_mask.tif,img_9.tif,2112,640,256,256
img_9_patch_0575.tif,img_9_patch_0575_mask.tif,img_9.tif,2176,640,256,256
img_9_patch_0576.tif,img_9_patch_0576_mask.tif,img_9.tif,2240,640,256,256
img_9_patch_0577.tif,img_9_patch_0577_mask.tif,img_9.tif,2304,640,256,256
img_9_patch_0578.tif,img_9_patch_0578_mask.tif,img_9.tif,2368,640,256,256
img_9_patch_0579.tif,img_9_patch_0579_mask.tif,img_9.tif,2432,640,256,256
img_9_patch_0580.tif,img_9_patch_0580_mask.tif,img_9.tif,2496,640,256,256
img_9_patch_0581.tif,img_9_patch_0581_mask.tif,img_9.tif,2560,640,256,256
img_9_patch_0582.tif,img_9_patch_0582_mask.tif,img_9.tif,2624,640,256,256
img_9_patch_0583.tif,img_9_patch_0583_mask.tif,img_9.tif,2688,640,256,256
img_9_patch_0584.tif,img_9_patch_0584_mask.tif,img_9.tif,2752,640,256,256
img_9_patch_0585.tif,img_9_patch_0585_mask.tif,img_9.tif,2816,640,256,256
img_9_patch_0586.tif,img_9_patch_0586_mask.tif,img_9.tif,2880,640,256,256
img_9_patch_0587.tif,img_9_patch_0587_mask.tif,img_9.tif,2944,640,256,256
img_9_patch_0588.tif,img_9_patch_0588_mask.tif,img_9.tif,3008,640,256,256
img_9_patch_0589.tif,img_9_patch_0589_mask.tif,img_9.tif,3072,640,256,256
img_9_patch_0590.tif,img_9_patch_0590_mask.tif,img_9.tif,3136,640,256,256
img_9_patch_0591.tif,img_9_patch_0591_mask.tif,img_9.tif,3200,640,256,256
img_9_patch_0592.tif,img_9_patch_0592_mask.tif,img_9.tif,3264,640,256,256
img_9_patch_0593.tif,img_9_patch_0593_mask.tif,img_9.tif,3328,640,256,256
img_9_patch_0594.tif,img_9_patch_0594_mask.tif,img_9.tif,3348,640,256,256
img_9_patch_0595.tif,img_9_patch_0595_mask.tif,img_9.tif,0,704,256,256
img_9_patch_0596.tif,img_9_patch_0596_mask.tif,img_9.tif,64,704,256,256
img_9_patch_0597.tif,img_9_patch_0597_mask.tif,img_9.tif,128,704,256,256
img_9_patch_0598.tif,img_9_patch_0598_mask.tif,img_9.tif,192,704,256,256
img_9_patch_0599.tif,img_9_patch_0599_mask.tif,img_9.tif,256,704,256,256
img_9_patch_0600.tif,img_9_patch_0600_mask.tif,img_9.tif,320,704,256,256
img_9_patch_0601.tif,img_9_patch_0601_mask.tif,img_9.tif,384,704,256,256
img_9_patch_0602.tif,img_9_patch_0602_mask.tif,img_9.tif,448,704,256,256
img_9_patch_0603.tif,img_9_patch_0603_mask.tif,img_9.tif,512,704,256,256
img_9_patch_0604.tif,img_9_patch_0604_mask.tif,img_9.tif,576,704,256,256
img_9_patch_0605.tif,img_9_patch_0605_mask.tif,img_9.tif,640,704,256,256
img_9_patch_0606.tif,img_9_patch_0606_mask.tif,img_9.tif,704,704,256,256
img_9_patch_0607.tif,img_9_patch_0607_mask.tif,img_9.tif,768,704,256,256
img_9_patch_0608.tif,img_9_patch_0608_mask.tif,img_9.tif,832,704,256,256
img_9_patch_0609.tif,img_9_patch_0609_mask.tif,img_9.tif,896,704,256,256
img_9_patch_0610.tif,img_9_patch_0610_mask.tif,img_9.tif,960,704,256,256
img_9_patch_0611.tif,img_9_patch_0611_mask.tif,img_9.tif,1024,704,256,256
img_9_patch_0612.tif,img_9_patch_0612_mask.tif,img_9.tif,1088,704,256,256
img_9_patch_0613.tif,img_9_patch_0613_mask.tif,img_9.tif,1152,704,256,256
img_9_patch_0614.tif,img_9_patch_0614_mask.tif,img_9.tif,1216,704,256,256
img_9_patch_0615.tif,img_9_patch_0615_mask.tif,img_9.tif,1280,704,256,256
img_9_patch_0616.tif,img_9_patch_0616_mask.tif,img_9.tif,1344,704,256,256
img_9_patch_0617.tif,img_9_patch_0617_mask.tif,img_9.tif,1408,704,256,256
img_9_patch_0618.tif,img_9_patch_0618_mask.tif,img_9.tif,1472,704,256,256
img_9_patch_0619.tif,img_9_patch_0619_mask.tif,img_9.tif,1536,704,256,256
img_9_patch_0620.tif,img_9_patch_0620_mask.tif,img_9.tif,1600,704,256,256
img_9_patch_0621.tif,img_9_patch_0621_mask.tif,img_9.tif,1664,704,256,256
img_9_patch_0622.tif,img_9_patch_0622_mask.tif,img_9.tif,1728,704,256,256
img_9_patch_0623.tif,img_9_patch_0623_mask.tif,img_9.tif,1792,704,256,256
img_9_patch_0624.tif,img_9_patch_0624_mask.tif,img_9.tif,1856,704,256,256
img_9_patch_0625.tif,img_9_patch_0625_mask.tif,img_9.tif,1920,704,256,256
img_9_patch_0626.tif,img_9_patch_0626_mask.tif,img_9.tif,1984,704,256,256
img_9_patch_0627.tif,img_9_patch_0627_mask.tif,img_9.tif,2048,704,256,256
img_9_patch_0628.tif,img_9_patch_0628_mask.tif,img_9.tif,2112,704,256,256
img_9_patch_0629.tif,img_9_patch_0629_mask.tif,img_9.tif,2176,704,256,256
img_9_patch_0630.tif,img_9_patch_0630_mask.tif,img_9.tif,2240,704,256,256
img_9_patch_0631.tif,img_9_patch_0631_mask.tif,img_9.tif,2304,704,256,256
img_9_patch_0632.tif,img_9_patch_0632_mask.tif,img_9.tif,2368,704,256,256
img_9_patch_0633.tif,img_9_patch_0633_mask.tif,img_9.tif,2432,704,256,256
img_9_patch_0634.tif,img_9_patch_0634_mask.tif,img_9.tif,2496,704,256,256
img_9_patch_0635.tif,img_9_patch_0635_mask.tif,img_9.tif,2560,704,256,256
img_9_patch_0636.tif,img_9_patch_0636_mask.tif,img_9.tif,2624,704,256,256
img_9_patch_0637.tif,img_9_patch_0637_mask.tif,img_9.tif,2688,704,256,256
img_9_patch_0638.tif,img_9_patch_0638_mask.tif,img_9.tif,2752,704,256,256
img_9_patch_0639.tif,img_9_patch_0639_mask.tif,img_9.tif,2816,704,256,256
img_9_patch_0640.tif,img_9_patch_0640_mask.tif,img_9.tif,2880,704,256,256
img_9_patch_0641.tif,img_9_patch_0641_mask.tif,img_9.tif,2944,704,256,256
img_9_patch_0642.tif,img_9_patch_0642_mask.tif,img_9.tif,3008,704,256,256
img_9_patch_0643.tif,img_9_patch_0643_mask.tif,img_9.tif,3072,704,256,256
img_9_patch_0644.tif,img_9_patch_0644_mask.tif,img_9.tif,3136,704,256,256
img_9_patch_0645.tif,img_9_patch_0645_mask.tif,img_9.tif,3200,704,256,256
img_9_patch_0646.tif,img_9_patch_0646_mask.tif,img_9.tif,3264,704,256,256
img_9_patch_0647.tif,img_9_patch_0647_mask.tif,img_9.tif,3328,704,256,256
img_9_patch_0648.tif,img_9_patch_0648_mask.tif,img_9.tif,3348,704,256,256
img_9_patch_0649.tif,img_9_patch_0649_mask.tif,img_9.tif,0,768,256,256
img_9_patch_0650.tif,img_9_patch_0650_mask.tif,img_9.tif,64,768,256,256
img_9_patch_0651.tif,img_9_patch_0651_mask.tif,img_9.tif,128,768,256,256
img_9_patch_0652.tif,img_9_patch_0652_mask.tif,img_9.tif,192,768,256,256
img_9_patch_0653.tif,img_9_patch_0653_mask.tif,img_9.tif,256,768,256,256
img_9_patch_0654.tif,img_9_patch_0654_mask.tif,img_9.tif,320,768,256,256
img_9_patch_0655.tif,img_9_patch_0655_mask.tif,img_9.tif,384,768,256,256
img_9_patch_0656.tif,img_9_patch_0656_mask.tif,img_9.tif,448,768,256,256
img_9_patch_0657.tif,img_9_patch_0657_mask.tif,img_9.tif,512,768,256,256
img_9_patch_0658.tif,img_9_patch_0658_mask.tif,img_9.tif,576,768,256,256
img_9_patch_0659.tif,img_9_patch_0659_mask.tif,img_9.tif,640,768,256,256
img_9_patch_0660.tif,img_9_patch_0660_mask.tif,img_9.tif,704,768,256,256
img_9_patch_0661.tif,img_9_patch_0661_mask.tif,img_9.tif,768,768,256,256
img_9_patch_0662.tif,img_9_patch_0662_mask.tif,img_9.tif,832,768,256,256
img_9_patch_0663.tif,img_9_patch_0663_mask.tif,img_9.tif,896,768,256,256
img_9_patch_0664.tif,img_9_patch_0664_mask.tif,img_9.tif,960,768,256,256
img_9_patch_0665.tif,img_9_patch_0665_mask.tif,img_9.tif,1024,768,256,256
img_9_patch_0666.tif,img_9_patch_0666_mask.tif,img_9.tif,1088,768,256,256
img_9_patch_0667.tif,img_9_patch_0667_mask.tif,img_9.tif,1152,768,256,256
img_9_patch_0668.tif,img_9_patch_0668_mask.tif,img_9.tif,1216,768,256,256
img_9_patch_0669.tif,img_9_patch_0669_mask.tif,img_9.tif,1280,768,256,256
img_9_patch_0670.tif,img_9_patch_0670_mask.tif,img_9.tif,1344,768,256,256
img_9_patch_0671.tif,img_9_patch_0671_mask.tif,img_9.tif,1408,768,256,256
img_9_patch_0672.tif,img_9_patch_0672_mask.tif,img_9.tif,1472,768,256,256
img_9_patch_0673.tif,img_9_patch_0673_mask.tif,img_9.tif,1536,768,256,256
img_9_patch_0674.tif,img_9_patch_0674_mask.tif,img_9.tif,1600,768,256,256
img_9_patch_0675.tif,img_9_patch_0675_mask.tif,img_9.tif,1664,768,256,256
img_9_patch_0676.tif,img_9_patch_0676_mask.tif,img_9.tif,1728,768,256,256
img_9_patch_0677.tif,img_9_patch_0677_mask.tif,img_9.tif,1792,768,256,256
img_9_patch_0678.tif,img_9_patch_0678_mask.tif,img_9.tif,1856,768,256,256
img_9_patch_0679.tif,img_9_patch_0679_mask.tif,img_9.tif,1920,768,256,256
img_9_patch_0680.tif,img_9_patch_0680_mask.tif,img_9.tif,1984,768,256,256
img_9_patch_0681.tif,img_9_patch_0681_mask.tif,img_9.tif,2048,768,256,256
img_9_patch_0682.tif,img_9_patch_0682_mask.tif,img_9.tif,2112,768,256,256
img_9_patch_0683.tif,img_9_patch_0683_mask.tif,img_9.tif,2176,768,256,256
img_9_patch_0684.tif,img_9_patch_0684_mask.tif,img_9.tif,2240,768,256,256
img_9_patch_0685.tif,img_9_patch_0685_mask.tif,img_9.tif,2304,768,256,256
img_9_patch_0686.tif,img_9_patch_0686_mask.tif,img_9.tif,2368,768,256,256
img_9_patch_0687.tif,img_9_patch_0687_mask.tif,img_9.tif,2432,768,256,256
img_9_patch_0688.tif,img_9_patch_0688_mask.tif,img_9.tif,2496,768,256,256
img_9_patch_0689.tif,img_9_patch_0689_mask.tif,img_9.tif,2560,768,256,256
img_9_patch_0690.tif,img_9_patch_0690_mask.tif,img_9.tif,2624,768,256,256
img_9_patch_0691.tif,img_9_patch_0691_mask.tif,img_9.tif,2688,768,256,256
img_9_patch_0692.tif,img_9_patch_0692_mask.tif,img_9.tif,2752,768,256,256
img_9_patch_0693.tif,img_9_patch_0693_mask.tif,img_9.tif,2816,768,256,256
img_9_patch_0694.tif,img_9_patch_0694_mask.tif,img_9.tif,2880,768,256,256
img_9_patch_0695.tif,img_9_patch_0695_mask.tif,img_9.tif,2944,768,256,256
img_9_patch_0696.tif,img_9_patch_0696_mask.tif,img_9.tif,3008,768,256,256
img_9_patch_0697.tif,img_9_patch_0697_mask.tif,img_9.tif,3072,768,256,256
img_9_patch_0698.tif,img_9_patch_0698_mask.tif,img_9.tif,3136,768,256,256
img_9_patch_0699.tif,img_9_patch_0699_mask.tif,img_9.tif,3200,768,256,256
img_9_patch_0700.tif,img_9_patch_0700_mask.tif,img_9.tif,3264,768,256,256
img_9_patch_0701.tif,img_9_patch_0701_mask.tif,img_9.tif,3328,768,256,256
img_9_patch_0702.tif,img_9_patch_0702_mask.tif,img_9.tif,3348,768,256,256
img_9_patch_0703.tif,img_9_patch_0703_mask.tif,img_9.tif,0,832,256,256
img_9_patch_0704.tif,img_9_patch_0704_mask.tif,img_9.tif,64,832,256,256
img_9_patch_0705.tif,img_9_patch_0705_mask.tif,img_9.tif,128,832,256,256
img_9_patch_0706.tif,img_9_patch_0706_mask.tif,img_9.tif,192,832,256,256
img_9_patch_0707.tif,img_9_patch_0707_mask.tif,img_9.tif,256,832,256,256
img_9_patch_0708.tif,img_9_patch_0708_mask.tif,img_9.tif,320,832,256,256
img_9_patch_0709.tif,img_9_patch_0709_mask.tif,img_9.tif,384,832,256,256
img_9_patch_0710.tif,img_9_patch_0710_mask.tif,img_9.tif,448,832,256,256
img_9_patch_0711.tif,img_9_patch_0711_mask.tif,img_9.tif,512,832,256,256
img_9_patch_0712.tif,img_9_patch_0712_mask.tif,img_9.tif,576,832,256,256
img_9_patch_0713.tif,img_9_patch_0713_mask.tif,img_9.tif,640,832,256,256
img_9_patch_0714.tif,img_9_patch_0714_mask.tif,img_9.tif,704,832,256,256
img_9_patch_0715.tif,img_9_patch_0715_mask.tif,img_9.tif,768,832,256,256
img_9_patch_0716.tif,img_9_patch_0716_mask.tif,img_9.tif,832,832,256,256
img_9_patch_0717.tif,img_9_patch_0717_mask.tif,img_9.tif,896,832,256,256
img_9_patch_0718.tif,img_9_patch_0718_mask.tif,img_9.tif,960,832,256,256
img_9_patch_0719.tif,img_9_patch_0719_mask.tif,img_9.tif,1024,832,256,256
img_9_patch_0720.tif,img_9_patch_0720_mask.tif,img_9.tif,1088,832,256,256
img_9_patch_0721.tif,img_9_patch_0721_mask.tif,img_9.tif,1152,832,256,256
img_9_patch_0722.tif,img_9_patch_0722_mask.tif,img_9.tif,1216,832,256,256
img_9_patch_0723.tif,img_9_patch_0723_mask.tif,img_9.tif,1280,832,256,256
img_9_patch_0724.tif,img_9_patch_0724_mask.tif,img_9.tif,1344,832,256,256
img_9_patch_0725.tif,img_9_patch_0725_mask.tif,img_9.tif,1408,832,256,256
img_9_patch_0726.tif,img_9_patch_0726_mask.tif,img_9.tif,1472,832,256,256
img_9_patch_0727.tif,img_9_patch_0727_mask.tif,img_9.tif,1536,832,256,256
img_9_patch_0728.tif,img_9_patch_0728_mask.tif,img_9.tif,1600,832,256,256
img_9_patch_0729.tif,img_9_patch_0729_mask.tif,img_9.tif,1664,832,256,256
img_9_patch_0730.tif,img_9_patch_0730_mask.tif,img_9.tif,1728,832,256,256
img_9_patch_0731.tif,img_9_patch_0731_mask.tif,img_9.tif,1792,832,256,256
img_9_patch_0732.tif,img_9_patch_0732_mask.tif,img_9.tif,1856,832,256,256
img_9_patch_0733.tif,img_9_patch_0733_mask.tif,img_9.tif,1920,832,256,256
img_9_patch_0734.tif,img_9_patch_0734_mask.tif,img_9.tif,1984,832,256,256
img_9_patch_0735.tif,img_9_patch_0735_mask.tif,img_9.tif,2048,832,256,256
img_9_patch_0736.tif,img_9_patch_0736_mask.tif,img_9.tif,2112,832,256,256
img_9_patch_0737.tif,img_9_patch_0737_mask.tif,img_9.tif,2176,832,256,256
img_9_patch_0738.tif,img_9_patch_0738_mask.tif,img_9.tif,2240,832,256,256
img_9_patch_0739.tif,img_9_patch_0739_mask.tif,img_9.tif,2304,832,256,256
img_9_patch_0740.tif,img_9_patch_0740_mask.tif,img_9.tif,2368,832,256,256
img_9_patch_0741.tif,img_9_patch_0741_mask.tif,img_9.tif,2432,832,256,256
img_9_patch_0742.tif,img_9_patch_0742_mask.tif,img_9.tif,2496,832,256,256
img_9_patch_0743.tif,img_9_patch_0743_mask.tif,img_9.tif,2560,832,256,256
img_9_patch_0744.tif,img_9_patch_0744_mask.tif,img_9.tif,2624,832,256,256
img_9_patch_0745.tif,img_9_patch_0745_mask.tif,img_9.tif,2688,832,256,256
img_9_patch_0746.tif,img_9_patch_0746_mask.tif,img_9.tif,2752,832,256,256
img_9_patch_0747.tif,img_9_patch_0747_mask.tif,img_9.tif,2816,832,256,256
img_9_patch_0748.tif,img_9_patch_0748_mask.tif,img_9.tif,2880,832,256,256
img_9_patch_0749.tif,img_9_patch_0749_mask.tif,img_9.tif,2944,832,256,256
img_9_patch_0750.tif,img_9_patch_0750_mask.tif,img_9.tif,3008,832,256,256
img_9_patch_0751.tif,img_9_patch_0751_mask.tif,img_9.tif,3072,832,256,256
img_9_patch_0752.tif,img_9_patch_0752_mask.tif,img_9.tif,3136,832,256,256
img_9_patch_0753.tif,img_9_patch_0753_mask.tif,img_9.tif,3200,832,256,256
img_9_patch_0754.tif,img_9_patch_0754_mask.tif,img_9.tif,3264,832,256,256
img_9_patch_0755.tif,img_9_patch_0755_mask.tif,img_9.tif,3328,832,256,256
img_9_patch_0756.tif,img_9_patch_0756_mask.tif,img_9.tif,3348,832,256,256
img_9_patch_0757.tif,img_9_patch_0757_mask.tif,img_9.tif,0,896,256,256
img_9_patch_0758.tif,img_9_patch_0758_mask.tif,img_9.tif,64,896,256,256
img_9_patch_0759.tif,img_9_patch_0759_mask.tif,img_9.tif,128,896,256,256
img_9_patch_0760.tif,img_9_patch_0760_mask.tif,img_9.tif,192,896,256,256
img_9_patch_0761.tif,img_9_patch_0761_mask.tif,img_9.tif,256,896,256,256
img_9_patch_0762.tif,img_9_patch_0762_mask.tif,img_9.tif,320,896,256,256
img_9_patch_0763.tif,img_9_patch_0763_mask.tif,img_9.tif,384,896,256,256
img_9_patch_0764.tif,img_9_patch_0764_mask.tif,img_9.tif,448,896,256,256
img_9_patch_0765.tif,img_9_patch_0765_mask.tif,img_9.tif,512,896,256,256
img_9_patch_0766.tif,img_9_patch_0766_mask.tif,img_9.tif,576,896,256,256
img_9_patch_0767.tif,img_9_patch_0767_mask.tif,img_9.tif,640,896,256,256
img_9_patch_0768.tif,img_9_patch_0768_mask.tif,img_9.tif,704,896,256,256
img_9_patch_0769.tif,img_9_patch_0769_mask.tif,img_9.tif,768,896,256,256
img_9_patch_0770.tif,img_9_patch_0770_mask.tif,img_9.tif,832,896,256,256
img_9_patch_0771.tif,img_9_patch_0771_mask.tif,img_9.tif,896,896,256,256
img_9_patch_0772.tif,img_9_patch_0772_mask.tif,img_9.tif,960,896,256,256
img_9_patch_0773.tif,img_9_patch_0773_mask.tif,img_9.tif,1024,896,256,256
img_9_patch_0774.tif,img_9_patch_0774_mask.tif,img_9.tif,1088,896,256,256
img_9_patch_0775.tif,img_9_patch_0775_mask.tif,img_9.tif,1152,896,256,256
img_9_patch_0776.tif,img_9_patch_0776_mask.tif,img_9.tif,1216,896,256,256
img_9_patch_0777.tif,img_9_patch_0777_mask.tif,img_9.tif,1280,896,256,256
img_9_patch_0778.tif,img_9_patch_0778_mask.tif,img_9.tif,1344,896,256,256
img_9_patch_0779.tif,img_9_patch_0779_mask.tif,img_9.tif,1408,896,256,256
img_9_patch_0780.tif,img_9_patch_0780_mask.tif,img_9.tif,1472,896,256,256
img_9_patch_0781.tif,img_9_patch_0781_mask.tif,img_9.tif,1536,896,256,256
img_9_patch_0782.tif,img_9_patch_0782_mask.tif,img_9.tif,1600,896,256,256
img_9_patch_0783.tif,img_9_patch_0783_mask.tif,img_9.tif,1664,896,256,256
img_9_patch_0784.tif,img_9_patch_0784_mask.tif,img_9.tif,1728,896,256,256
img_9_patch_0785.tif,img_9_patch_0785_mask.tif,img_9.tif,1792,896,256,256
img_9_patch_0786.tif,img_9_patch_0786_mask.tif,img_9.tif,1856,896,256,256
img_9_patch_0787.tif,img_9_patch_0787_mask.tif,img_9.tif,1920,896,256,256
img_9_patch_0788.tif,img_9_patch_0788_mask.tif,img_9.tif,1984,896,256,256
img_9_patch_0789.tif,img_9_patch_0789_mask.tif,img_9.tif,2048,896,256,256
img_9_patch_0790.tif,img_9_patch_0790_mask.tif,img_9.tif,2112,896,256,256
img_9_patch_0791.tif,img_9_patch_0791_mask.tif,img_9.tif,2176,896,256,256
img_9_patch_0792.tif,img_9_patch_0792_mask.tif,img_9.tif,2240,896,256,256
img_9_patch_0793.tif,img_9_patch_0793_mask.tif,img_9.tif,2304,896,256,256
img_9_patch_0794.tif,img_9_patch_0794_mask.tif,img_9.tif,2368,896,256,256
img_9_patch_0795.tif,img_9_patch_0795_mask.tif,img_9.tif,2432,896,256,256
img_9_patch_0796.tif,img_9_patch_0796_mask.tif,img_9.tif,2496,896,256,256
img_9_patch_0797.tif,img_9_patch_0797_mask.tif,img_9.tif,2560,896,256,256
img_9_patch_0798.tif,img_9_patch_0798_mask.tif,img_9.tif,2624,896,256,256
img_9_patch_0799.tif,img_9_patch_0799_mask.tif,img_9.tif,2688,896,256,256
img_9_patch_0800.tif,img_9_patch_0800_mask.tif,img_9.tif,2752,896,256,256
img_9_patch_0801.tif,img_9_patch_0801_mask.tif,img_9.tif,2816,896,256,256
img_9_patch_0802.tif,img_9_patch_0802_mask.tif,img_9.tif,2880,896,256,256
img_9_patch_0803.tif,img_9_patch_0803_mask.tif,img_9.tif,2944,896,256,256
img_9_patch_0804.tif,img_9_patch_0804_mask.tif,img_9.tif,3008,896,256,256
img_9_patch_0805.tif,img_9_patch_0805_mask.tif,img_9.tif,3072,896,256,256
img_9_patch_0806.tif,img_9_patch_0806_mask.tif,img_9.tif,3136,896,256,256
img_9_patch_0807.tif,img_9_patch_0807_mask.tif,img_9.tif,3200,896,256,256
img_9_patch_0808.tif,img_9_patch_0808_mask.tif,img_9.tif,3264,896,256,256
img_9_patch_0809.tif,img_9_patch_0809_mask.tif,img_9.tif,3328,896,256,256
img_9_patch_0810.tif,img_9_patch_0810_mask.tif,img_9.tif,3348,896,256,256
img_9_patch_0811.tif,img_9_patch_0811_mask.tif,img_9.tif,0,960,256,256
img_9_patch_0812.tif,img_9_patch_0812_mask.tif,img_9.tif,64,960,256,256
img_9_patch_0813.tif,img_9_patch_0813_mask.tif,img_9.tif,128,960,256,256
img_9_patch_0814.tif,img_9_patch_0814_mask.tif,img_9.tif,192,960,256,256
img_9_patch_0815.tif,img_9_patch_0815_mask.tif,img_9.tif,256,960,256,256
img_9_patch_0816.tif,img_9_patch_0816_mask.tif,img_9.tif,320,960,256,256
img_9_patch_0817.tif,img_9_patch_0817_mask.tif,img_9.tif,384,960,256,256
img_9_patch_0818.tif,img_9_patch_0818_mask.tif,img_9.tif,448,960,256,256
img_9_patch_0819.tif,img_9_patch_0819_mask.tif,img_9.tif,512,960,256,256
img_9_patch_0820.tif,img_9_patch_0820_mask.tif,img_9.tif,576,960,256,256
img_9_patch_0821.tif,img_9_patch_0821_mask.tif,img_9.tif,640,960,256,256
img_9_patch_0822.tif,img_9_patch_0822_mask.tif,img_9.tif,704,960,256,256
img_9_patch_0823.tif,img_9_patch_0823_mask.tif,img_9.tif,768,960,256,256
img_9_patch_0824.tif,img_9_patch_0824_mask.tif,img_9.tif,832,960,256,256
img_9_patch_0825.tif,img_9_patch_0825_mask.tif,img_9.tif,896,960,256,256
img_9_patch_0826.tif,img_9_patch_0826_mask.tif,img_9.tif,960,960,256,256
img_9_patch_0827.tif,img_9_patch_0827_mask.tif,img_9.tif,1024,960,256,256
img_9_patch_0828.tif,img_9_patch_0828_mask.tif,img_9.tif,1088,960,256,256
img_9_patch_0829.tif,img_9_patch_0829_mask.tif,img_9.tif,1152,960,256,256
img_9_patch_0830.tif,img_9_patch_0830_mask.tif,img_9.tif,1216,960,256,256
img_9_patch_0831.tif,img_9_patch_0831_mask.tif,img_9.tif,1280,960,256,256
img_9_patch_0832.tif,img_9_patch_0832_mask.tif,img_9.tif,1344,960,256,256
img_9_patch_0833.tif,img_9_patch_0833_mask.tif,img_9.tif,1408,960,256,256
img_9_patch_0834.tif,img_9_patch_0834_mask.tif,img_9.tif,1472,960,256,256
img_9_patch_0835.tif,img_9_patch_0835_mask.tif,img_9.tif,1536,960,256,256
img_9_patch_0836.tif,img_9_patch_0836_mask.tif,img_9.tif,1600,960,256,256
img_9_patch_0837.tif,img_9_patch_0837_mask.tif,img_9.tif,1664,960,256,256
img_9_patch_0838.tif,img_9_patch_0838_mask.tif,img_9.tif,1728,960,256,256
img_9_patch_0839.tif,img_9_patch_0839_mask.tif,img_9.tif,1792,960,256,256
img_9_patch_0840.tif,img_9_patch_0840_mask.tif,img_9.tif,1856,960,256,256
img_9_patch_0841.tif,img_9_patch_0841_mask.tif,img_9.tif,1920,960,256,256
img_9_patch_0842.tif,img_9_patch_0842_mask.tif,img_9.tif,1984,960,256,256
img_9_patch_0843.tif,img_9_patch_0843_mask.tif,img_9.tif,2048,960,256,256
img_9_patch_0844.tif,img_9_patch_0844_mask.tif,img_9.tif,2112,960,256,256
img_9_patch_0845.tif,img_9_patch_0845_mask.tif,img_9.tif,2176,960,256,256
img_9_patch_0846.tif,img_9_patch_0846_mask.tif,img_9.tif,2240,960,256,256
img_9_patch_0847.tif,img_9_patch_0847_mask.tif,img_9.tif,2304,960,256,256
img_9_patch_0848.tif,img_9_patch_0848_mask.tif,img_9.tif,2368,960,256,256
img_9_patch_0849.tif,img_9_patch_0849_mask.tif,img_9.tif,2432,960,256,256
img_9_patch_0850.tif,img_9_patch_0850_mask.tif,img_9.tif,2496,960,256,256
img_9_patch_0851.tif,img_9_patch_0851_mask.tif,img_9.tif,2560,960,256,256
img_9_patch_0852.tif,img_9_patch_0852_mask.tif,img_9.tif,2624,960,256,256
img_9_patch_0853.tif,img_9_patch_0853_mask.tif,img_9.tif,2688,960,256,256
img_9_patch_0854.tif,img_9_patch_0854_mask.tif,img_9.tif,2752,960,256,256
img_9_patch_0855.tif,img_9_patch_0855_mask.tif,img_9.tif,2816,960,256,256
img_9_patch_0856.tif,img_9_patch_0856_mask.tif,img_9.tif,2880,960,256,256
img_9_patch_0857.tif,img_9_patch_0857_mask.tif,img_9.tif,2944,960,256,256
img_9_patch_0858.tif,img_9_patch_0858_mask.tif,img_9.tif,3008,960,256,256
img_9_patch_0859.tif,img_9_patch_0859_mask.tif,img_9.tif,3072,960,256,256
img_9_patch_0860.tif,img_9_patch_0860_mask.tif,img_9.tif,3136,960,256,256
img_9_patch_0861.tif,img_9_patch_0861_mask.tif,img_9.tif,3200,960,256,256
img_9_patch_0862.tif,img_9_patch_0862_mask.tif,img_9.tif,3264,960,256,256
img_9_patch_0863.tif,img_9_patch_0863_mask.tif,img_9.tif,3328,960,256,256
img_9_patch_0864.tif,img_9_patch_0864_mask.tif,img_9.tif,3348,960,256,256
img_9_patch_0865.tif,img_9_patch_0865_mask.tif,img_9.tif,0,1024,256,256
img_9_patch_0866.tif,img_9_patch_0866_mask.tif,img_9.tif,64,1024,256,256
img_9_patch_0867.tif,img_9_patch_0867_mask.tif,img_9.tif,128,1024,256,256
img_9_patch_0868.tif,img_9_patch_0868_mask.tif,img_9.tif,192,1024,256,256
img_9_patch_0869.tif,img_9_patch_0869_mask.tif,img_9.tif,256,1024,256,256
img_9_patch_0870.tif,img_9_patch_0870_mask.tif,img_9.tif,320,1024,256,256
img_9_patch_0871.tif,img_9_patch_0871_mask.tif,img_9.tif,384,1024,256,256
img_9_patch_0872.tif,img_9_patch_0872_mask.tif,img_9.tif,448,1024,256,256
img_9_patch_0873.tif,img_9_patch_0873_mask.tif,img_9.tif,512,1024,256,256
img_9_patch_0874.tif,img_9_patch_0874_mask.tif,img_9.tif,576,1024,256,256
img_9_patch_0875.tif,img_9_patch_0875_mask.tif,img_9.tif,640,1024,256,256
img_9_patch_0876.tif,img_9_patch_0876_mask.tif,img_9.tif,704,1024,256,256
img_9_patch_0877.tif,img_9_patch_0877_mask.tif,img_9.tif,768,1024,256,256
img_9_patch_0878.tif,img_9_patch_0878_mask.tif,img_9.tif,832,1024,256,256
img_9_patch_0879.tif,img_9_patch_0879_mask.tif,img_9.tif,896,1024,256,256
img_9_patch_0880.tif,img_9_patch_0880_mask.tif,img_9.tif,960,1024,256,256
img_9_patch_0881.tif,img_9_patch_0881_mask.tif,img_9.tif,1024,1024,256,256
img_9_patch_0882.tif,img_9_patch_0882_mask.tif,img_9.tif,1088,1024,256,256
img_9_patch_0883.tif,img_9_patch_0883_mask.tif,img_9.tif,1152,1024,256,256
img_9_patch_0884.tif,img_9_patch_0884_mask.tif,img_9.tif,1216,1024,256,256
img_9_patch_0885.tif,img_9_patch_0885_mask.tif,img_9.tif,1280,1024,256,256
img_9_patch_0886.tif,img_9_patch_0886_mask.tif,img_9.tif,1344,1024,256,256
img_9_patch_0887.tif,img_9_patch_0887_mask.tif,img_9.tif,1408,1024,256,256
img_9_patch_0888.tif,img_9_patch_0888_mask.tif,img_9.tif,1472,1024,256,256
img_9_patch_0889.tif,img_9_patch_0889_mask.tif,img_9.tif,1536,1024,256,256
img_9_patch_0890.tif,img_9_patch_0890_mask.tif,img_9.tif,1600,1024,256,256
img_9_patch_0891.tif,img_9_patch_0891_mask.tif,img_9.tif,1664,1024,256,256
img_9_patch_0892.tif,img_9_patch_0892_mask.tif,img_9.tif,1728,1024,256,256
img_9_patch_0893.tif,img_9_patch_0893_mask.tif,img_9.tif,1792,1024,256,256
img_9_patch_0894.tif,img_9_patch_0894_mask.tif,img_9.tif,1856,1024,256,256
img_9_patch_0895.tif,img_9_patch_0895_mask.tif,img_9.tif,1920,1024,256,256
img_9_patch_0896.tif,img_9_patch_0896_mask.tif,img_9.tif,1984,1024,256,256
img_9_patch_0897.tif,img_9_patch_0897_mask.tif,img_9.tif,2048,1024,256,256
img_9_patch_0898.tif,img_9_patch_0898_mask.tif,img_9.tif,2112,1024,256,256
img_9_patch_0899.tif,img_9_patch_0899_mask.tif,img_9.tif,2176,1024,256,256
img_9_patch_0900.tif,img_9_patch_0900_mask.tif,img_9.tif,2240,1024,256,256
img_9_patch_0901.tif,img_9_patch_0901_mask.tif,img_9.tif,2304,1024,256,256
img_9_patch_0902.tif,img_9_patch_0902_mask.tif,img_9.tif,2368,1024,256,256
img_9_patch_0903.tif,img_9_patch_0903_mask.tif,img_9.tif,2432,1024,256,256
img_9_patch_0904.tif,img_9_patch_0904_mask.tif,img_9.tif,2496,1024,256,256
img_9_patch_0905.tif,img_9_patch_0905_mask.tif,img_9.tif,2560,1024,256,256
img_9_patch_0906.tif,img_9_patch_0906_mask.tif,img_9.tif,2624,1024,256,256
img_9_patch_0907.tif,img_9_patch_0907_mask.tif,img_9.tif,2688,1024,256,256
img_9_patch_0908.tif,img_9_patch_0908_mask.tif,img_9.tif,2752,1024,256,256
img_9_patch_0909.tif,img_9_patch_0909_mask.tif,img_9.tif,2816,1024,256,256
img_9_patch_0910.tif,img_9_patch_0910_mask.tif,img_9.tif,2880,1024,256,256
img_9_patch_0911.tif,img_9_patch_0911_mask.tif,img_9.tif,2944,1024,256,256
img_9_patch_0912.tif,img_9_patch_0912_mask.tif,img_9.tif,3008,1024,256,256
img_9_patch_0913.tif,img_9_patch_0913_mask.tif,img_9.tif,3072,1024,256,256
img_9_patch_0914.tif,img_9_patch_0914_mask.tif,img_9.tif,3136,1024,256,256
img_9_patch_0915.tif,img_9_patch_0915_mask.tif,img_9.tif,3200,1024,256,256
img_9_patch_0916.tif,img_9_patch_0916_mask.tif,img_9.tif,3264,1024,256,256
img_9_patch_0917.tif,img_9_patch_0917_mask.tif,img_9.tif,3328,1024,256,256
img_9_patch_0918.tif,img_9_patch_0918_mask.tif,img_9.tif,3348,1024,256,256
img_9_patch_0919.tif,img_9_patch_0919_mask.tif,img_9.tif,0,1088,256,256
img_9_patch_0920.tif,img_9_patch_0920_mask.tif,img_9.tif,64,1088,256,256
img_9_patch_0921.tif,img_9_patch_0921_mask.tif,img_9.tif,128,1088,256,256
img_9_patch_0922.tif,img_9_patch_0922_mask.tif,img_9.tif,192,1088,256,256
img_9_patch_0923.tif,img_9_patch_0923_mask.tif,img_9.tif,256,1088,256,256
img_9_patch_0924.tif,img_9_patch_0924_mask.tif,img_9.tif,320,1088,256,256
img_9_patch_0925.tif,img_9_patch_0925_mask.tif,img_9.tif,384,1088,256,256
img_9_patch_0926.tif,img_9_patch_0926_mask.tif,img_9.tif,448,1088,256,256
img_9_patch_0927.tif,img_9_patch_0927_mask.tif,img_9.tif,512,1088,256,256
img_9_patch_0928.tif,img_9_patch_0928_mask.tif,img_9.tif,576,1088,256,256
img_9_patch_0929.tif,img_9_patch_0929_mask.tif,img_9.tif,640,1088,256,256
img_9_patch_0930.tif,img_9_patch_0930_mask.tif,img_9.tif,704,1088,256,256
img_9_patch_0931.tif,img_9_patch_0931_mask.tif,img_9.tif,768,1088,256,256
img_9_patch_0932.tif,img_9_patch_0932_mask.tif,img_9.tif,832,1088,256,256
img_9_patch_0933.tif,img_9_patch_0933_mask.tif,img_9.tif,896,1088,256,256
img_9_patch_0934.tif,img_9_patch_0934_mask.tif,img_9.tif,960,1088,256,256
img_9_patch_0935.tif,img_9_patch_0935_mask.tif,img_9.tif,1024,1088,256,256
img_9_patch_0936.tif,img_9_patch_0936_mask.tif,img_9.tif,1088,1088,256,256
img_9_patch_0937.tif,img_9_patch_0937_mask.tif,img_9.tif,1152,1088,256,256
img_9_patch_0938.tif,img_9_patch_0938_mask.tif,img_9.tif,1216,1088,256,256
img_9_patch_0939.tif,img_9_patch_0939_mask.tif,img_9.tif,1280,1088,256,256
img_9_patch_0940.tif,img_9_patch_0940_mask.tif,img_9.tif,1344,1088,256,256
img_9_patch_0941.tif,img_9_patch_0941_mask.tif,img_9.tif,1408,1088,256,256
img_9_patch_0942.tif,img_9_patch_0942_mask.tif,img_9.tif,1472,1088,256,256
img_9_patch_0943.tif,img_9_patch_0943_mask.tif,img_9.tif,1536,1088,256,256
img_9_patch_0944.tif,img_9_patch_0944_mask.tif,img_9.tif,1600,1088,256,256
img_9_patch_0945.tif,img_9_patch_0945_mask.tif,img_9.tif,1664,1088,256,256
img_9_patch_0946.tif,img_9_patch_0946_mask.tif,img_9.tif,1728,1088,256,256
img_9_patch_0947.tif,img_9_patch_0947_mask.tif,img_9.tif,1792,1088,256,256
img_9_patch_0948.tif,img_9_patch_0948_mask.tif,img_9.tif,1856,1088,256,256
img_9_patch_0949.tif,img_9_patch_0949_mask.tif,img_9.tif,1920,1088,256,256
img_9_patch_0950.tif,img_9_patch_0950_mask.tif,img_9.tif,1984,1088,256,256
img_9_patch_0951.tif,img_9_patch_0951_mask.tif,img_9.tif,2048,1088,256,256
img_9_patch_0952.tif,img_9_patch_0952_mask.tif,img_9.tif,2112,1088,256,256
img_9_patch_0953.tif,img_9_patch_0953_mask.tif,img_9.tif,2176,1088,256,256
img_9_patch_0954.tif,img_9_patch_0954_mask.tif,img_9.tif,2240,1088,256,256
img_9_patch_0955.tif,img_9_patch_0955_mask.tif,img_9.tif,2304,1088,256,256
img_9_patch_0956.tif,img_9_patch_0956_mask.tif,img_9.tif,2368,1088,256,256
img_9_patch_0957.tif,img_9_patch_0957_mask.tif,img_9.tif,2432,1088,256,256
img_9_patch_0958.tif,img_9_patch_0958_mask.tif,img_9.tif,2496,1088,256,256
img_9_patch_0959.tif,img_9_patch_0959_mask.tif,img_9.tif,2560,1088,256,256
img_9_patch_0960.tif,img_9_patch_0960_mask.tif,img_9.tif,2624,1088,256,256
img_9_patch_0961.tif,img_9_patch_0961_mask.tif,img_9.tif,2688,1088,256,256
img_9_patch_0962.tif,img_9_patch_0962_mask.tif,img_9.tif,2752,1088,256,256
img_9_patch_0963.tif,img_9_patch_0963_mask.tif,img_9.tif,2816,1088,256,256
img_9_patch_0964.tif,img_9_patch_0964_mask.tif,img_9.tif,2880,1088,256,256
img_9_patch_0965.tif,img_9_patch_0965_mask.tif,img_9.tif,2944,1088,256,256
img_9_patch_0966.tif,img_9_patch_0966_mask.tif,img_9.tif,3008,1088,256,256
img_9_patch_0967.tif,img_9_patch_0967_mask.tif,img_9.tif,3072,1088,256,256
img_9_patch_0968.tif,img_9_patch_0968_mask.tif,img_9.tif,3136,1088,256,256
img_9_patch_0969.tif,img_9_patch_0969_mask.tif,img_9.tif,3200,1088,256,256
img_9_patch_0970.tif,img_9_patch_0970_mask.tif,img_9.tif,3264,1088,256,256
img_9_patch_0971.tif,img_9_patch_0971_mask.tif,img_9.tif,3328,1088,256,256
img_9_patch_0972.tif,img_9_patch_0972_mask.tif,img_9.tif,3348,1088,256,256
img_9_patch_0973.tif,img_9_patch_0973_mask.tif,img_9.tif,0,1152,256,256
img_9_patch_0974.tif,img_9_patch_0974_mask.tif,img_9.tif,64,1152,256,256
img_9_patch_0975.tif,img_9_patch_0975_mask.tif,img_9.tif,128,1152,256,256
img_9_patch_0976.tif,img_9_patch_0976_mask.tif,img_9.tif,192,1152,256,256
img_9_patch_0977.tif,img_9_patch_0977_mask.tif,img_9.tif,256,1152,256,256
img_9_patch_0978.tif,img_9_patch_0978_mask.tif,img_9.tif,320,1152,256,256
img_9_patch_0979.tif,img_9_patch_0979_mask.tif,img_9.tif,384,1152,256,256
img_9_patch_0980.tif,img_9_patch_0980_mask.tif,img_9.tif,448,1152,256,256
img_9_patch_0981.tif,img_9_patch_0981_mask.tif,img_9.tif,512,1152,256,256
img_9_patch_0982.tif,img_9_patch_0982_mask.tif,img_9.tif,576,1152,256,256
img_9_patch_0983.tif,img_9_patch_0983_mask.tif,img_9.tif,640,1152,256,256
img_9_patch_0984.tif,img_9_patch_0984_mask.tif,img_9.tif,704,1152,256,256
img_9_patch_0985.tif,img_9_patch_0985_mask.tif,img_9.tif,768,1152,256,256
img_9_patch_0986.tif,img_9_patch_0986_mask.tif,img_9.tif,832,1152,256,256
img_9_patch_0987.tif,img_9_patch_0987_mask.tif,img_9.tif,896,1152,256,256
img_9_patch_0988.tif,img_9_patch_0988_mask.tif,img_9.tif,960,1152,256,256
img_9_patch_0989.tif,img_9_patch_0989_mask.tif,img_9.tif,1024,1152,256,256
img_9_patch_0990.tif,img_9_patch_0990_mask.tif,img_9.tif,1088,1152,256,256
img_9_patch_0991.tif,img_9_patch_0991_mask.tif,img_9.tif,1152,1152,256,256
img_9_patch_0992.tif,img_9_patch_0992_mask.tif,img_9.tif,1216,1152,256,256
img_9_patch_0993.tif,img_9_patch_0993_mask.tif,img_9.tif,1280,1152,256,256
img_9_patch_0994.tif,img_9_patch_0994_mask.tif,img_9.tif,1344,1152,256,256
img_9_patch_0995.tif,img_9_patch_0995_mask.tif,img_9.tif,1408,1152,256,256
img_9_patch_0996.tif,img_9_patch_0996_mask.tif,img_9.tif,1472,1152,256,256
img_9_patch_0997.tif,img_9_patch_0997_mask.tif,img_9.tif,1536,1152,256,256
img_9_patch_0998.tif,img_9_patch_0998_mask.tif,img_9.tif,1600,1152,256,256
img_9_patch_0999.tif,img_9_patch_0999_mask.tif,img_9.tif,1664,1152,256,256
img_9_patch_1000.tif,img_9_patch_1000_mask.tif,img_9.tif,1728,1152,256,256
img_9_patch_1001.tif,img_9_patch_1001_mask.tif,img_9.tif,1792,1152,256,256
img_9_patch_1002.tif,img_9_patch_1002_mask.tif,img_9.tif,1856,1152,256,256
img_9_patch_1003.tif,img_9_patch_1003_mask.tif,img_9.tif,1920,1152,256,256
img_9_patch_1004.tif,img_9_patch_1004_mask.tif,img_9.tif,1984,1152,256,256
img_9_patch_1005.tif,img_9_patch_1005_mask.tif,img_9.tif,2048,1152,256,256
img_9_patch_1006.tif,img_9_patch_1006_mask.tif,img_9.tif,2112,1152,256,256
img_9_patch_1007.tif,img_9_patch_1007_mask.tif,img_9.tif,2176,1152,256,256
img_9_patch_1008.tif,img_9_patch_1008_mask.tif,img_9.tif,2240,1152,256,256
img_9_patch_1009.tif,img_9_patch_1009_mask.tif,img_9.tif,2304,1152,256,256
img_9_patch_1010.tif,img_9_patch_1010_mask.tif,img_9.tif,2368,1152,256,256
img_9_patch_1011.tif,img_9_patch_1011_mask.tif,img_9.tif,2432,1152,256,256
img_9_patch_1012.tif,img_9_patch_1012_mask.tif,img_9.tif,2496,1152,256,256
img_9_patch_1013.tif,img_9_patch_1013_mask.tif,img_9.tif,2560,1152,256,256
img_9_patch_1014.tif,img_9_patch_1014_mask.tif,img_9.tif,2624,1152,256,256
img_9_patch_1015.tif,img_9_patch_1015_mask.tif,img_9.tif,2688,1152,256,256
img_9_patch_1016.tif,img_9_patch_1016_mask.tif,img_9.tif,2752,1152,256,256
img_9_patch_1017.tif,img_9_patch_1017_mask.tif,img_9.tif,2816,1152,256,256
img_9_patch_1018.tif,img_9_patch_1018_mask.tif,img_9.tif,2880,1152,256,256
img_9_patch_1019.tif,img_9_patch_1019_mask.tif,img_9.tif,2944,1152,256,256
img_9_patch_1020.tif,img_9_patch_1020_mask.tif,img_9.tif,3008,1152,256,256
img_9_patch_1021.tif,img_9_patch_1021_mask.tif,img_9.tif,3072,1152,256,256
img_9_patch_1022.tif,img_9_patch_1022_mask.tif,img_9.tif,3136,1152,256,256
img_9_patch_1023.tif,img_9_patch_1023_mask.tif,img_9.tif,3200,1152,256,256
img_9_patch_1024.tif,img_9_patch_1024_mask.tif,img_9.tif,3264,1152,256,256
img_9_patch_1025.tif,img_9_patch_1025_mask.tif,img_9.tif,3328,1152,256,256
img_9_patch_1026.tif,img_9_patch_1026_mask.tif,img_9.tif,3348,1152,256,256
img_9_patch_1027.tif,img_9_patch_1027_mask.tif,img_9.tif,0,1216,256,256
img_9_patch_1028.tif,img_9_patch_1028_mask.tif,img_9.tif,64,1216,256,256
img_9_patch_1029.tif,img_9_patch_1029_mask.tif,img_9.tif,128,1216,256,256
img_9_patch_1030.tif,img_9_patch_1030_mask.tif,img_9.tif,192,1216,256,256
img_9_patch_1031.tif,img_9_patch_1031_mask.tif,img_9.tif,256,1216,256,256
img_9_patch_1032.tif,img_9_patch_1032_mask.tif,img_9.tif,320,1216,256,256
img_9_patch_1033.tif,img_9_patch_1033_mask.tif,img_9.tif,384,1216,256,256
img_9_patch_1034.tif,img_9_patch_1034_mask.tif,img_9.tif,448,1216,256,256
img_9_patch_1035.tif,img_9_patch_1035_mask.tif,img_9.tif,512,1216,256,256
img_9_patch_1036.tif,img_9_patch_1036_mask.tif,img_9.tif,576,1216,256,256
img_9_patch_1037.tif,img_9_patch_1037_mask.tif,img_9.tif,640,1216,256,256
img_9_patch_1038.tif,img_9_patch_1038_mask.tif,img_9.tif,704,1216,256,256
img_9_patch_1039.tif,img_9_patch_1039_mask.tif,img_9.tif,768,1216,256,256
img_9_patch_1040.tif,img_9_patch_1040_mask.tif,img_9.tif,832,1216,256,256
img_9_patch_1041.tif,img_9_patch_1041_mask.tif,img_9.tif,896,1216,256,256
img_9_patch_1042.tif,img_9_patch_1042_mask.tif,img_9.tif,960,1216,256,256
img_9_patch_1043.tif,img_9_patch_1043_mask.tif,img_9.tif,1024,1216,256,256
img_9_patch_1044.tif,img_9_patch_1044_mask.tif,img_9.tif,1088,1216,256,256
img_9_patch_1045.tif,img_9_patch_1045_mask.tif,img_9.tif,1152,1216,256,256
img_9_patch_1046.tif,img_9_patch_1046_mask.tif,img_9.tif,1216,1216,256,256
img_9_patch_1047.tif,img_9_patch_1047_mask.tif,img_9.tif,1280,1216,256,256
img_9_patch_1048.tif,img_9_patch_1048_mask.tif,img_9.tif,1344,1216,256,256
img_9_patch_1049.tif,img_9_patch_1049_mask.tif,img_9.tif,1408,1216,256,256
img_9_patch_1050.tif,img_9_patch_1050_mask.tif,img_9.tif,1472,1216,256,256
img_9_patch_1051.tif,img_9_patch_1051_mask.tif,img_9.tif,1536,1216,256,256
img_9_patch_1052.tif,img_9_patch_1052_mask.tif,img_9.tif,1600,1216,256,256
img_9_patch_1053.tif,img_9_patch_1053_mask.tif,img_9.tif,1664,1216,256,256
img_9_patch_1054.tif,img_9_patch_1054_mask.tif,img_9.tif,1728,1216,256,256
img_9_patch_1055.tif,img_9_patch_1055_mask.tif,img_9.tif,1792,1216,256,256
img_9_patch_1056.tif,img_9_patch_1056_mask.tif,img_9.tif,1856,1216,256,256
img_9_patch_1057.tif,img_9_patch_1057_mask.tif,img_9.tif,1920,1216,256,256
img_9_patch_1058.tif,img_9_patch_1058_mask.tif,img_9.tif,1984,1216,256,256
img_9_patch_1059.tif,img_9_patch_1059_mask.tif,img_9.tif,2048,1216,256,256
img_9_patch_1060.tif,img_9_patch_1060_mask.tif,img_9.tif,2112,1216,256,256
img_9_patch_1061.tif,img_9_patch_1061_mask.tif,img_9.tif,2176,1216,256,256
img_9_patch_1062.tif,img_9_patch_1062_mask.tif,img_9.tif,2240,1216,256,256
img_9_patch_1063.tif,img_9_patch_1063_mask.tif,img_9.tif,2304,1216,256,256
img_9_patch_1064.tif,img_9_patch_1064_mask.tif,img_9.tif,2368,1216,256,256
img_9_patch_1065.tif,img_9_patch_1065_mask.tif,img_9.tif,2432,1216,256,256
img_9_patch_1066.tif,img_9_patch_1066_mask.tif,img_9.tif,2496,1216,256,256
img_9_patch_1067.tif,img_9_patch_1067_mask.tif,img_9.tif,2560,1216,256,256
img_9_patch_1068.tif,img_9_patch_1068_mask.tif,img_9.tif,2624,1216,256,256
img_9_patch_1069.tif,img_9_patch_1069_mask.tif,img_9.tif,2688,1216,256,256
img_9_patch_1070.tif,img_9_patch_1070_mask.tif,img_9.tif,2752,1216,256,256
img_9_patch_1071.tif,img_9_patch_1071_mask.tif,img_9.tif,2816,1216,256,256
img_9_patch_1072.tif,img_9_patch_1072_mask.tif,img_9.tif,2880,1216,256,256
img_9_patch_1073.tif,img_9_patch_1073_mask.tif,img_9.tif,2944,1216,256,256
img_9_patch_1074.tif,img_9_patch_1074_mask.tif,img_9.tif,3008,1216,256,256
img_9_patch_1075.tif,img_9_patch_1075_mask.tif,img_9.tif,3072,1216,256,256
img_9_patch_1076.tif,img_9_patch_1076_mask.tif,img_9.tif,3136,1216,256,256
img_9_patch_1077.tif,img_9_patch_1077_mask.tif,img_9.tif,3200,1216,256,256
img_9_patch_1078.tif,img_9_patch_1078_mask.tif,img_9.tif,3264,1216,256,256
img_9_patch_1079.tif,img_9_patch_1079_mask.tif,img_9.tif,3328,1216,256,256
img_9_patch_1080.tif,img_9_patch_1080_mask.tif,img_9.tif,3348,1216,256,256
img_9_patch_1081.tif,img_9_patch_1081_mask.tif,img_9.tif,0,1280,256,256
img_9_patch_1082.tif,img_9_patch_1082_mask.tif,img_9.tif,64,1280,256,256
img_9_patch_1083.tif,img_9_patch_1083_mask.tif,img_9.tif,128,1280,256,256
img_9_patch_1084.tif,img_9_patch_1084_mask.tif,img_9.tif,192,1280,256,256
img_9_patch_1085.tif,img_9_patch_1085_mask.tif,img_9.tif,256,1280,256,256
img_9_patch_1086.tif,img_9_patch_1086_mask.tif,img_9.tif,320,1280,256,256
img_9_patch_1087.tif,img_9_patch_1087_mask.tif,img_9.tif,384,1280,256,256
img_9_patch_1088.tif,img_9_patch_1088_mask.tif,img_9.tif,448,1280,256,256
img_9_patch_1089.tif,img_9_patch_1089_mask.tif,img_9.tif,512,1280,256,256
img_9_patch_1090.tif,img_9_patch_1090_mask.tif,img_9.tif,576,1280,256,256
img_9_patch_1091.tif,img_9_patch_1091_mask.tif,img_9.tif,640,1280,256,256
img_9_patch_1092.tif,img_9_patch_1092_mask.tif,img_9.tif,704,1280,256,256
img_9_patch_1093.tif,img_9_patch_1093_mask.tif,img_9.tif,768,1280,256,256
img_9_patch_1094.tif,img_9_patch_1094_mask.tif,img_9.tif,832,1280,256,256
img_9_patch_1095.tif,img_9_patch_1095_mask.tif,img_9.tif,896,1280,256,256
img_9_patch_1096.tif,img_9_patch_1096_mask.tif,img_9.tif,960,1280,256,256
img_9_patch_1097.tif,img_9_patch_1097_mask.tif,img_9.tif,1024,1280,256,256
img_9_patch_1098.tif,img_9_patch_1098_mask.tif,img_9.tif,1088,1280,256,256
img_9_patch_1099.tif,img_9_patch_1099_mask.tif,img_9.tif,1152,1280,256,256
img_9_patch_1100.tif,img_9_patch_1100_mask.tif,img_9.tif,1216,1280,256,256
img_9_patch_1101.tif,img_9_patch_1101_mask.tif,img_9.tif,1280,1280,256,256
img_9_patch_1102.tif,img_9_patch_1102_mask.tif,img_9.tif,1344,1280,256,256
img_9_patch_1103.tif,img_9_patch_1103_mask.tif,img_9.tif,1408,1280,256,256
img_9_patch_1104.tif,img_9_patch_1104_mask.tif,img_9.tif,1472,1280,256,256
img_9_patch_1105.tif,img_9_patch_1105_mask.tif,img_9.tif,1536,1280,256,256
img_9_patch_1106.tif,img_9_patch_1106_mask.tif,img_9.tif,1600,1280,256,256
img_9_patch_1107.tif,img_9_patch_1107_mask.tif,img_9.tif,1664,1280,256,256
img_9_patch_1108.tif,img_9_patch_1108_mask.tif,img_9.tif,1728,1280,256,256
img_9_patch_1109.tif,img_9_patch_1109_mask.tif,img_9.tif,1792,1280,256,256
img_9_patch_1110.tif,img_9_patch_1110_mask.tif,img_9.tif,1856,1280,256,256
img_9_patch_1111.tif,img_9_patch_1111_mask.tif,img_9.tif,1920,1280,256,256
img_9_patch_1112.tif,img_9_patch_1112_mask.tif,img_9.tif,1984,1280,256,256
img_9_patch_1113.tif,img_9_patch_1113_mask.tif,img_9.tif,2048,1280,256,256
img_9_patch_1114.tif,img_9_patch_1114_mask.tif,img_9.tif,2112,1280,256,256
img_9_patch_1115.tif,img_9_patch_1115_mask.tif,img_9.tif,2176,1280,256,256
img_9_patch_1116.tif,img_9_patch_1116_mask.tif,img_9.tif,2240,1280,256,256
img_9_patch_1117.tif,img_9_patch_1117_mask.tif,img_9.tif,2304,1280,256,256
img_9_patch_1118.tif,img_9_patch_1118_mask.tif,img_9.tif,2368,1280,256,256
img_9_patch_1119.tif,img_9_patch_1119_mask.tif,img_9.tif,2432,1280,256,256
img_9_patch_1120.tif,img_9_patch_1120_mask.tif,img_9.tif,2496,1280,256,256
img_9_patch_1121.tif,img_9_patch_1121_mask.tif,img_9.tif,2560,1280,256,256
img_9_patch_1122.tif,img_9_patch_1122_mask.tif,img_9.tif,2624,1280,256,256
img_9_patch_1123.tif,img_9_patch_1123_mask.tif,img_9.tif,2688,1280,256,256
img_9_patch_1124.tif,img_9_patch_1124_mask.tif,img_9.tif,2752,1280,256,256
img_9_patch_1125.tif,img_9_patch_1125_mask.tif,img_9.tif,2816,1280,256,256
img_9_patch_1126.tif,img_9_patch_1126_mask.tif,img_9.tif,2880,1280,256,256
img_9_patch_1127.tif,img_9_patch_1127_mask.tif,img_9.tif,2944,1280,256,256
img_9_patch_1128.tif,img_9_patch_1128_mask.tif,img_9.tif,3008,1280,256,256
img_9_patch_1129.tif,img_9_patch_1129_mask.tif,img_9.tif,3072,1280,256,256
img_9_patch_1130.tif,img_9_patch_1130_mask.tif,img_9.tif,3136,1280,256,256
img_9_patch_1131.tif,img_9_patch_1131_mask.tif,img_9.tif,3200,1280,256,256
img_9_patch_1132.tif,img_9_patch_1132_mask.tif,img_9.tif,3264,1280,256,256
img_9_patch_1133.tif,img_9_patch_1133_mask.tif,img_9.tif,3328,1280,256,256
img_9_patch_1134.tif,img_9_patch_1134_mask.tif,img_9.tif,3348,1280,256,256
img_9_patch_1135.tif,img_9_patch_1135_mask.tif,img_9.tif,0,1344,256,256
img_9_patch_1136.tif,img_9_patch_1136_mask.tif,img_9.tif,64,1344,256,256
img_9_patch_1137.tif,img_9_patch_1137_mask.tif,img_9.tif,128,1344,256,256
img_9_patch_1138.tif,img_9_patch_1138_mask.tif,img_9.tif,192,1344,256,256
img_9_patch_1139.tif,img_9_patch_1139_mask.tif,img_9.tif,256,1344,256,256
img_9_patch_1140.tif,img_9_patch_1140_mask.tif,img_9.tif,320,1344,256,256
img_9_patch_1141.tif,img_9_patch_1141_mask.tif,img_9.tif,384,1344,256,256
img_9_patch_1142.tif,img_9_patch_1142_mask.tif,img_9.tif,448,1344,256,256
img_9_patch_1143.tif,img_9_patch_1143_mask.tif,img_9.tif,512,1344,256,256
img_9_patch_1144.tif,img_9_patch_1144_mask.tif,img_9.tif,576,1344,256,256
img_9_patch_1145.tif,img_9_patch_1145_mask.tif,img_9.tif,640,1344,256,256
img_9_patch_1146.tif,img_9_patch_1146_mask.tif,img_9.tif,704,1344,256,256
img_9_patch_1147.tif,img_9_patch_1147_mask.tif,img_9.tif,768,1344,256,256
img_9_patch_1148.tif,img_9_patch_1148_mask.tif,img_9.tif,832,1344,256,256
img_9_patch_1149.tif,img_9_patch_1149_mask.tif,img_9.tif,896,1344,256,256
img_9_patch_1150.tif,img_9_patch_1150_mask.tif,img_9.tif,960,1344,256,256
img_9_patch_1151.tif,img_9_patch_1151_mask.tif,img_9.tif,1024,1344,256,256
img_9_patch_1152.tif,img_9_patch_1152_mask.tif,img_9.tif,1088,1344,256,256
img_9_patch_1153.tif,img_9_patch_1153_mask.tif,img_9.tif,1152,1344,256,256
img_9_patch_1154.tif,img_9_patch_1154_mask.tif,img_9.tif,1216,1344,256,256
img_9_patch_1155.tif,img_9_patch_1155_mask.tif,img_9.tif,1280,1344,256,256
img_9_patch_1156.tif,img_9_patch_1156_mask.tif,img_9.tif,1344,1344,256,256
img_9_patch_1157.tif,img_9_patch_1157_mask.tif,img_9.tif,1408,1344,256,256
img_9_patch_1158.tif,img_9_patch_1158_mask.tif,img_9.tif,1472,1344,256,256
img_9_patch_1159.tif,img_9_patch_1159_mask.tif,img_9.tif,1536,1344,256,256
img_9_patch_1160.tif,img_9_patch_1160_mask.tif,img_9.tif,1600,1344,256,256
img_9_patch_1161.tif,img_9_patch_1161_mask.tif,img_9.tif,1664,1344,256,256
img_9_patch_1162.tif,img_9_patch_1162_mask.tif,img_9.tif,1728,1344,256,256
img_9_patch_1163.tif,img_9_patch_1163_mask.tif,img_9.tif,1792,1344,256,256
img_9_patch_1164.tif,img_9_patch_1164_mask.tif,img_9.tif,1856,1344,256,256
img_9_patch_1165.tif,img_9_patch_1165_mask.tif,img_9.tif,1920,1344,256,256
img_9_patch_1166.tif,img_9_patch_1166_mask.tif,img_9.tif,1984,1344,256,256
img_9_patch_1167.tif,img_9_patch_1167_mask.tif,img_9.tif,2048,1344,256,256
img_9_patch_1168.tif,img_9_patch_1168_mask.tif,img_9.tif,2112,1344,256,256
img_9_patch_1169.tif,img_9_patch_1169_mask.tif,img_9.tif,2176,1344,256,256
img_9_patch_1170.tif,img_9_patch_1170_mask.tif,img_9.tif,2240,1344,256,256
img_9_patch_1171.tif,img_9_patch_1171_mask.tif,img_9.tif,2304,1344,256,256
img_9_patch_1172.tif,img_9_patch_1172_mask.tif,img_9.tif,2368,1344,256,256
img_9_patch_1173.tif,img_9_patch_1173_mask.tif,img_9.tif,2432,1344,256,256
img_9_patch_1174.tif,img_9_patch_1174_mask.tif,img_9.tif,2496,1344,256,256
img_9_patch_1175.tif,img_9_patch_1175_mask.tif,img_9.tif,2560,1344,256,256
img_9_patch_1176.tif,img_9_patch_1176_mask.tif,img_9.tif,2624,1344,256,256
img_9_patch_1177.tif,img_9_patch_1177_mask.tif,img_9.tif,2688,1344,256,256
img_9_patch_1178.tif,img_9_patch_1178_mask.tif,img_9.tif,2752,1344,256,256
img_9_patch_1179.tif,img_9_patch_1179_mask.tif,img_9.tif,2816,1344,256,256
img_9_patch_1180.tif,img_9_patch_1180_mask.tif,img_9.tif,2880,1344,256,256
img_9_patch_1181.tif,img_9_patch_1181_mask.tif,img_9.tif,2944,1344,256,256
img_9_patch_1182.tif,img_9_patch_1182_mask.tif,img_9.tif,3008,1344,256,256
img_9_patch_1183.tif,img_9_patch_1183_mask.tif,img_9.tif,3072,1344,256,256
img_9_patch_1184.tif,img_9_patch_1184_mask.tif,img_9.tif,3136,1344,256,256
img_9_patch_1185.tif,img_9_patch_1185_mask.tif,img_9.tif,3200,1344,256,256
img_9_patch_1186.tif,img_9_patch_1186_mask.tif,img_9.tif,3264,1344,256,256
img_9_patch_1187.tif,img_9_patch_1187_mask.tif,img_9.tif,3328,1344,256,256
img_9_patch_1188.tif,img_9_patch_1188_mask.tif,img_9.tif,3348,1344,256,256
img_9_patch_1189.tif,img_9_patch_1189_mask.tif,img_9.tif,0,1408,256,256
img_9_patch_1190.tif,img_9_patch_1190_mask.tif,img_9.tif,64,1408,256,256
img_9_patch_1191.tif,img_9_patch_1191_mask.tif,img_9.tif,128,1408,256,256
img_9_patch_1192.tif,img_9_patch_1192_mask.tif,img_9.tif,192,1408,256,256
img_9_patch_1193.tif,img_9_patch_1193_mask.tif,img_9.tif,256,1408,256,256
img_9_patch_1194.tif,img_9_patch_1194_mask.tif,img_9.tif,320,1408,256,256
img_9_patch_1195.tif,img_9_patch_1195_mask.tif,img_9.tif,384,1408,256,256
img_9_patch_1196.tif,img_9_patch_1196_mask.tif,img_9.tif,448,1408,256,256
img_9_patch_1197.tif,img_9_patch_1197_mask.tif,img_9.tif,512,1408,256,256
img_9_patch_1198.tif,img_9_patch_1198_mask.tif,img_9.tif,576,1408,256,256
img_9_patch_1199.tif,img_9_patch_1199_mask.tif,img_9.tif,640,1408,256,256
img_9_patch_1200.tif,img_9_patch_1200_mask.tif,img_9.tif,704,1408,256,256
img_9_patch_1201.tif,img_9_patch_1201_mask.tif,img_9.tif,768,1408,256,256
img_9_patch_1202.tif,img_9_patch_1202_mask.tif,img_9.tif,832,1408,256,256
img_9_patch_1203.tif,img_9_patch_1203_mask.tif,img_9.tif,896,1408,256,256
img_9_patch_1204.tif,img_9_patch_1204_mask.tif,img_9.tif,960,1408,256,256
img_9_patch_1205.tif,img_9_patch_1205_mask.tif,img_9.tif,1024,1408,256,256
img_9_patch_1206.tif,img_9_patch_1206_mask.tif,img_9.tif,1088,1408,256,256
img_9_patch_1207.tif,img_9_patch_1207_mask.tif,img_9.tif,1152,1408,256,256
img_9_patch_1208.tif,img_9_patch_1208_mask.tif,img_9.tif,1216,1408,256,256
img_9_patch_1209.tif,img_9_patch_1209_mask.tif,img_9.tif,1280,1408,256,256
img_9_patch_1210.tif,img_9_patch_1210_mask.tif,img_9.tif,1344,1408,256,256
img_9_patch_1211.tif,img_9_patch_1211_mask.tif,img_9.tif,1408,1408,256,256
img_9_patch_1212.tif,img_9_patch_1212_mask.tif,img_9.tif,1472,1408,256,256
img_9_patch_1213.tif,img_9_patch_1213_mask.tif,img_9.tif,1536,1408,256,256
img_9_patch_1214.tif,img_9_patch_1214_mask.tif,img_9.tif,1600,1408,256,256
img_9_patch_1215.tif,img_9_patch_1215_mask.tif,img_9.tif,1664,1408,256,256
img_9_patch_1216.tif,img_9_patch_1216_mask.tif,img_9.tif,1728,1408,256,256
img_9_patch_1217.tif,img_9_patch_1217_mask.tif,img_9.tif,1792,1408,256,256
img_9_patch_1218.tif,img_9_patch_1218_mask.tif,img_9.tif,1856,1408,256,256
img_9_patch_1219.tif,img_9_patch_1219_mask.tif,img_9.tif,1920,1408,256,256
img_9_patch_1220.tif,img_9_patch_1220_mask.tif,img_9.tif,1984,1408,256,256
img_9_patch_1221.tif,img_9_patch_1221_mask.tif,img_9.tif,2048,1408,256,256
img_9_patch_1222.tif,img_9_patch_1222_mask.tif,img_9.tif,2112,1408,256,256
img_9_patch_1223.tif,img_9_patch_1223_mask.tif,img_9.tif,2176,1408,256,256
img_9_patch_1224.tif,img_9_patch_1224_mask.tif,img_9.tif,2240,1408,256,256
img_9_patch_1225.tif,img_9_patch_1225_mask.tif,img_9.tif,2304,1408,256,256
img_9_patch_1226.tif,img_9_patch_1226_mask.tif,img_9.tif,2368,1408,256,256
img_9_patch_1227.tif,img_9_patch_1227_mask.tif,img_9.tif,2432,1408,256,256
img_9_patch_1228.tif,img_9_patch_1228_mask.tif,img_9.tif,2496,1408,256,256
img_9_patch_1229.tif,img_9_patch_1229_mask.tif,img_9.tif,2560,1408,256,256
img_9_patch_1230.tif,img_9_patch_1230_mask.tif,img_9.tif,2624,1408,256,256
img_9_patch_1231.tif,img_9_patch_1231_mask.tif,img_9.tif,2688,1408,256,256
img_9_patch_1232.tif,img_9_patch_1232_mask.tif,img_9.tif,2752,1408,256,256
img_9_patch_1233.tif,img_9_patch_1233_mask.tif,img_9.tif,2816,1408,256,256
img_9_patch_1234.tif,img_9_patch_1234_mask.tif,img_9.tif,2880,1408,256,256
img_9_patch_1235.tif,img_9_patch_1235_mask.tif,img_9.tif,2944,1408,256,256
img_9_patch_1236.tif,img_9_patch_1236_mask.tif,img_9.tif,3008,1408,256,256
img_9_patch_1237.tif,img_9_patch_1237_mask.tif,img_9.tif,3072,1408,256,256
img_9_patch_1238.tif,img_9_patch_1238_mask.tif,img_9.tif,3136,1408,256,256
img_9_patch_1239.tif,img_9_patch_1239_mask.tif,img_9.tif,3200,1408,256,256
img_9_patch_1240.tif,img_9_patch_1240_mask.tif,img_9.tif,3264,1408,256,256
img_9_patch_1241.tif,img_9_patch_1241_mask.tif,img_9.tif,3328,1408,256,256
img_9_patch_1242.tif,img_9_patch_1242_mask.tif,img_9.tif,3348,1408,256,256
img_9_patch_1243.tif,img_9_patch_1243_mask.tif,img_9.tif,0,1472,256,256
img_9_patch_1244.tif,img_9_patch_1244_mask.tif,img_9.tif,64,1472,256,256
img_9_patch_1245.tif,img_9_patch_1245_mask.tif,img_9.tif,128,1472,256,256
img_9_patch_1246.tif,img_9_patch_1246_mask.tif,img_9.tif,192,1472,256,256
img_9_patch_1247.tif,img_9_patch_1247_mask.tif,img_9.tif,256,1472,256,256
img_9_patch_1248.tif,img_9_patch_1248_mask.tif,img_9.tif,320,1472,256,256
img_9_patch_1249.tif,img_9_patch_1249_mask.tif,img_9.tif,384,1472,256,256
img_9_patch_1250.tif,img_9_patch_1250_mask.tif,img_9.tif,448,1472,256,256
img_9_patch_1251.tif,img_9_patch_1251_mask.tif,img_9.tif,512,1472,256,256
img_9_patch_1252.tif,img_9_patch_1252_mask.tif,img_9.tif,576,1472,256,256
img_9_patch_1253.tif,img_9_patch_1253_mask.tif,img_9.tif,640,1472,256,256
img_9_patch_1254.tif,img_9_patch_1254_mask.tif,img_9.tif,704,1472,256,256
img_9_patch_1255.tif,img_9_patch_1255_mask.tif,img_9.tif,768,1472,256,256
img_9_patch_1256.tif,img_9_patch_1256_mask.tif,img_9.tif,832,1472,256,256
img_9_patch_1257.tif,img_9_patch_1257_mask.tif,img_9.tif,896,1472,256,256
img_9_patch_1258.tif,img_9_patch_1258_mask.tif,img_9.tif,960,1472,256,256
img_9_patch_1259.tif,img_9_patch_1259_mask.tif,img_9.tif,1024,1472,256,256
img_9_patch_1260.tif,img_9_patch_1260_mask.tif,img_9.tif,1088,1472,256,256
img_9_patch_1261.tif,img_9_patch_1261_mask.tif,img_9.tif,1152,1472,256,256
img_9_patch_1262.tif,img_9_patch_1262_mask.tif,img_9.tif,1216,1472,256,256
img_9_patch_1263.tif,img_9_patch_1263_mask.tif,img_9.tif,1280,1472,256,256
img_9_patch_1264.tif,img_9_patch_1264_mask.tif,img_9.tif,1344,1472,256,256
img_9_patch_1265.tif,img_9_patch_1265_mask.tif,img_9.tif,1408,1472,256,256
img_9_patch_1266.tif,img_9_patch_1266_mask.tif,img_9.tif,1472,1472,256,256
img_9_patch_1267.tif,img_9_patch_1267_mask.tif,img_9.tif,1536,1472,256,256
img_9_patch_1268.tif,img_9_patch_1268_mask.tif,img_9.tif,1600,1472,256,256
img_9_patch_1269.tif,img_9_patch_1269_mask.tif,img_9.tif,1664,1472,256,256
img_9_patch_1270.tif,img_9_patch_1270_mask.tif,img_9.tif,1728,1472,256,256
img_9_patch_1271.tif,img_9_patch_1271_mask.tif,img_9.tif,1792,1472,256,256
img_9_patch_1272.tif,img_9_patch_1272_mask.tif,img_9.tif,1856,1472,256,256
img_9_patch_1273.tif,img_9_patch_1273_mask.tif,img_9.tif,1920,1472,256,256
img_9_patch_1274.tif,img_9_patch_1274_mask.tif,img_9.tif,1984,1472,256,256
img_9_patch_1275.tif,img_9_patch_1275_mask.tif,img_9.tif,2048,1472,256,256
img_9_patch_1276.tif,img_9_patch_1276_mask.tif,img_9.tif,2112,1472,256,256
img_9_patch_1277.tif,img_9_patch_1277_mask.tif,img_9.tif,2176,1472,256,256
img_9_patch_1278.tif,img_9_patch_1278_mask.tif,img_9.tif,2240,1472,256,256
img_9_patch_1279.tif,img_9_patch_1279_mask.tif,img_9.tif,2304,1472,256,256
img_9_patch_1280.tif,img_9_patch_1280_mask.tif,img_9.tif,2368,1472,256,256
img_9_patch_1281.tif,img_9_patch_1281_mask.tif,img_9.tif,2432,1472,256,256
img_9_patch_1282.tif,img_9_patch_1282_mask.tif,img_9.tif,2496,1472,256,256
img_9_patch_1283.tif,img_9_patch_1283_mask.tif,img_9.tif,2560,1472,256,256
img_9_patch_1284.tif,img_9_patch_1284_mask.tif,img_9.tif,2624,1472,256,256
img_9_patch_1285.tif,img_9_patch_1285_mask.tif,img_9.tif,2688,1472,256,256
img_9_patch_1286.tif,img_9_patch_1286_mask.tif,img_9.tif,2752,1472,256,256
img_9_patch_1287.tif,img_9_patch_1287_mask.tif,img_9.tif,2816,1472,256,256
img_9_patch_1288.tif,img_9_patch_1288_mask.tif,img_9.tif,2880,1472,256,256
img_9_patch_1289.tif,img_9_patch_1289_mask.tif,img_9.tif,2944,1472,256,256
img_9_patch_1290.tif,img_9_patch_1290_mask.tif,img_9.tif,3008,1472,256,256
img_9_patch_1291.tif,img_9_patch_1291_mask.tif,img_9.tif,3072,1472,256,256
img_9_patch_1292.tif,img_9_patch_1292_mask.tif,img_9.tif,3136,1472,256,256
img_9_patch_1293.tif,img_9_patch_1293_mask.tif,img_9.tif,3200,1472,256,256
img_9_patch_1294.tif,img_9_patch_1294_mask.tif,img_9.tif,3264,1472,256,256
img_9_patch_1295.tif,img_9_patch_1295_mask.tif,img_9.tif,3328,1472,256,256
img_9_patch_1296.tif,img_9_patch_1296_mask.tif,img_9.tif,3348,1472,256,256
img_9_patch_1297.tif,img_9_patch_1297_mask.tif,img_9.tif,0,1536,256,256
img_9_patch_1298.tif,img_9_patch_1298_mask.tif,img_9.tif,64,1536,256,256
img_9_patch_1299.tif,img_9_patch_1299_mask.tif,img_9.tif,128,1536,256,256
img_9_patch_1300.tif,img_9_patch_1300_mask.tif,img_9.tif,192,1536,256,256
img_9_patch_1301.tif,img_9_patch_1301_mask.tif,img_9.tif,256,1536,256,256
img_9_patch_1302.tif,img_9_patch_1302_mask.tif,img_9.tif,320,1536,256,256
img_9_patch_1303.tif,img_9_patch_1303_mask.tif,img_9.tif,384,1536,256,256
img_9_patch_1304.tif,img_9_patch_1304_mask.tif,img_9.tif,448,1536,256,256
img_9_patch_1305.tif,img_9_patch_1305_mask.tif,img_9.tif,512,1536,256,256
img_9_patch_1306.tif,img_9_patch_1306_mask.tif,img_9.tif,576,1536,256,256
img_9_patch_1307.tif,img_9_patch_1307_mask.tif,img_9.tif,640,1536,256,256
img_9_patch_1308.tif,img_9_patch_1308_mask.tif,img_9.tif,704,1536,256,256
img_9_patch_1309.tif,img_9_patch_1309_mask.tif,img_9.tif,768,1536,256,256
img_9_patch_1310.tif,img_9_patch_1310_mask.tif,img_9.tif,832,1536,256,256
img_9_patch_1311.tif,img_9_patch_1311_mask.tif,img_9.tif,896,1536,256,256
img_9_patch_1312.tif,img_9_patch_1312_mask.tif,img_9.tif,960,1536,256,256
img_9_patch_1313.tif,img_9_patch_1313_mask.tif,img_9.tif,1024,1536,256,256
img_9_patch_1314.tif,img_9_patch_1314_mask.tif,img_9.tif,1088,1536,256,256
img_9_patch_1315.tif,img_9_patch_1315_mask.tif,img_9.tif,1152,1536,256,256
img_9_patch_1316.tif,img_9_patch_1316_mask.tif,img_9.tif,1216,1536,256,256
img_9_patch_1317.tif,img_9_patch_1317_mask.tif,img_9.tif,1280,1536,256,256
img_9_patch_1318.tif,img_9_patch_1318_mask.tif,img_9.tif,1344,1536,256,256
img_9_patch_1319.tif,img_9_patch_1319_mask.tif,img_9.tif,1408,1536,256,256
img_9_patch_1320.tif,img_9_patch_1320_mask.tif,img_9.tif,1472,1536,256,256
img_9_patch_1321.tif,img_9_patch_1321_mask.tif,img_9.tif,1536,1536,256,256
img_9_patch_1322.tif,img_9_patch_1322_mask.tif,img_9.tif,1600,1536,256,256
img_9_patch_1323.tif,img_9_patch_1323_mask.tif,img_9.tif,1664,1536,256,256
img_9_patch_1324.tif,img_9_patch_1324_mask.tif,img_9.tif,1728,1536,256,256
img_9_patch_1325.tif,img_9_patch_1325_mask.tif,img_9.tif,1792,1536,256,256
img_9_patch_1326.tif,img_9_patch_1326_mask.tif,img_9.tif,1856,1536,256,256
img_9_patch_1327.tif,img_9_patch_1327_mask.tif,img_9.tif,1920,1536,256,256
img_9_patch_1328.tif,img_9_patch_1328_mask.tif,img_9.tif,1984,1536,256,256
img_9_patch_1329.tif,img_9_patch_1329_mask.tif,img_9.tif,2048,1536,256,256
img_9_patch_1330.tif,img_9_patch_1330_mask.tif,img_9.tif,2112,1536,256,256
img_9_patch_1331.tif,img_9_patch_1331_mask.tif,img_9.tif,2176,1536,256,256
img_9_patch_1332.tif,img_9_patch_1332_mask.tif,img_9.tif,2240,1536,256,256
img_9_patch_1333.tif,img_9_patch_1333_mask.tif,img_9.tif,2304,1536,256,256
img_9_patch_1334.tif,img_9_patch_1334_mask.tif,img_9.tif,2368,1536,256,256
img_9_patch_1335.tif,img_9_patch_1335_mask.tif,img_9.tif,2432,1536,256,256
img_9_patch_1336.tif,img_9_patch_1336_mask.tif,img_9.tif,2496,1536,256,256
img_9_patch_1337.tif,img_9_patch_1337_mask.tif,img_9.tif,2560,1536,256,256
img_9_patch_1338.tif,img_9_patch_1338_mask.tif,img_9.tif,2624,1536,256,256
img_9_patch_1339.tif,img_9_patch_1339_mask.tif,img_9.tif,2688,1536,256,256
img_9_patch_1340.tif,img_9_patch_1340_mask.tif,img_9.tif,2752,1536,256,256
img_9_patch_1341.tif,img_9_patch_1341_mask.tif,img_9.tif,2816,1536,256,256
img_9_patch_1342.tif,img_9_patch_1342_mask.tif,img_9.tif,2880,1536,256,256
img_9_patch_1343.tif,img_9_patch_1343_mask.tif,img_9.tif,2944,1536,256,256
img_9_patch_1344.tif,img_9_patch_1344_mask.tif,img_9.tif,3008,1536,256,256
img_9_patch_1345.tif,img_9_patch_1345_mask.tif,img_9.tif,3072,1536,256,256
img_9_patch_1346.tif,img_9_patch_1346_mask.tif,img_9.tif,3136,1536,256,256
img_9_patch_1347.tif,img_9_patch_1347_mask.tif,img_9.tif,3200,1536,256,256
img_9_patch_1348.tif,img_9_patch_1348_mask.tif,img_9.tif,3264,1536,256,256
img_9_patch_1349.tif,img_9_patch_1349_mask.tif,img_9.tif,3328,1536,256,256
img_9_patch_1350.tif,img_9_patch_1350_mask.tif,img_9.tif,3348,1536,256,256
img_9_patch_1351.tif,img_9_patch_1351_mask.tif,img_9.tif,0,1600,256,256
img_9_patch_1352.tif,img_9_patch_1352_mask.tif,img_9.tif,64,1600,256,256
img_9_patch_1353.tif,img_9_patch_1353_mask.tif,img_9.tif,128,1600,256,256
img_9_patch_1354.tif,img_9_patch_1354_mask.tif,img_9.tif,192,1600,256,256
img_9_patch_1355.tif,img_9_patch_1355_mask.tif,img_9.tif,256,1600,256,256
img_9_patch_1356.tif,img_9_patch_1356_mask.tif,img_9.tif,320,1600,256,256
img_9_patch_1357.tif,img_9_patch_1357_mask.tif,img_9.tif,384,1600,256,256
img_9_patch_1358.tif,img_9_patch_1358_mask.tif,img_9.tif,448,1600,256,256
img_9_patch_1359.tif,img_9_patch_1359_mask.tif,img_9.tif,512,1600,256,256
img_9_patch_1360.tif,img_9_patch_1360_mask.tif,img_9.tif,576,1600,256,256
img_9_patch_1361.tif,img_9_patch_1361_mask.tif,img_9.tif,640,1600,256,256
img_9_patch_1362.tif,img_9_patch_1362_mask.tif,img_9.tif,704,1600,256,256
img_9_patch_1363.tif,img_9_patch_1363_mask.tif,img_9.tif,768,1600,256,256
img_9_patch_1364.tif,img_9_patch_1364_mask.tif,img_9.tif,832,1600,256,256
img_9_patch_1365.tif,img_9_patch_1365_mask.tif,img_9.tif,896,1600,256,256
img_9_patch_1366.tif,img_9_patch_1366_mask.tif,img_9.tif,960,1600,256,256
img_9_patch_1367.tif,img_9_patch_1367_mask.tif,img_9.tif,1024,1600,256,256
img_9_patch_1368.tif,img_9_patch_1368_mask.tif,img_9.tif,1088,1600,256,256
img_9_patch_1369.tif,img_9_patch_1369_mask.tif,img_9.tif,1152,1600,256,256
img_9_patch_1370.tif,img_9_patch_1370_mask.tif,img_9.tif,1216,1600,256,256
img_9_patch_1371.tif,img_9_patch_1371_mask.tif,img_9.tif,1280,1600,256,256
img_9_patch_1372.tif,img_9_patch_1372_mask.tif,img_9.tif,1344,1600,256,256
img_9_patch_1373.tif,img_9_patch_1373_mask.tif,img_9.tif,1408,1600,256,256
img_9_patch_1374.tif,img_9_patch_1374_mask.tif,img_9.tif,1472,1600,256,256
img_9_patch_1375.tif,img_9_patch_1375_mask.tif,img_9.tif,1536,1600,256,256
img_9_patch_1376.tif,img_9_patch_1376_mask.tif,img_9.tif,1600,1600,256,256
img_9_patch_1377.tif,img_9_patch_1377_mask.tif,img_9.tif,1664,1600,256,256
img_9_patch_1378.tif,img_9_patch_1378_mask.tif,img_9.tif,1728,1600,256,256
img_9_patch_1379.tif,img_9_patch_1379_mask.tif,img_9.tif,1792,1600,256,256
img_9_patch_1380.tif,img_9_patch_1380_mask.tif,img_9.tif,1856,1600,256,256
img_9_patch_1381.tif,img_9_patch_1381_mask.tif,img_9.tif,1920,1600,256,256
img_9_patch_1382.tif,img_9_patch_1382_mask.tif,img_9.tif,1984,1600,256,256
img_9_patch_1383.tif,img_9_patch_1383_mask.tif,img_9.tif,2048,1600,256,256
img_9_patch_1384.tif,img_9_patch_1384_mask.tif,img_9.tif,2112,1600,256,256
img_9_patch_1385.tif,img_9_patch_1385_mask.tif,img_9.tif,2176,1600,256,256
img_9_patch_1386.tif,img_9_patch_1386_mask.tif,img_9.tif,2240,1600,256,256
img_9_patch_1387.tif,img_9_patch_1387_mask.tif,img_9.tif,2304,1600,256,256
img_9_patch_1388.tif,img_9_patch_1388_mask.tif,img_9.tif,2368,1600,256,256
img_9_patch_1389.tif,img_9_patch_1389_mask.tif,img_9.tif,2432,1600,256,256
img_9_patch_1390.tif,img_9_patch_1390_mask.tif,img_9.tif,2496,1600,256,256
img_9_patch_1391.tif,img_9_patch_1391_mask.tif,img_9.tif,2560,1600,256,256
img_9_patch_1392.tif,img_9_patch_1392_mask.tif,img_9.tif,2624,1600,256,256
img_9_patch_1393.tif,img_9_patch_1393_mask.tif,img_9.tif,2688,1600,256,256
img_9_patch_1394.tif,img_9_patch_1394_mask.tif,img_9.tif,2752,1600,256,256
img_9_patch_1395.tif,img_9_patch_1395_mask.tif,img_9.tif,2816,1600,256,256
img_9_patch_1396.tif,img_9_patch_1396_mask.tif,img_9.tif,2880,1600,256,256
img_9_patch_1397.tif,img_9_patch_1397_mask.tif,img_9.tif,2944,1600,256,256
img_9_patch_1398.tif,img_9_patch_1398_mask.tif,img_9.tif,3008,1600,256,256
img_9_patch_1399.tif,img_9_patch_1399_mask.tif,img_9.tif,3072,1600,256,256
img_9_patch_1400.tif,img_9_patch_1400_mask.tif,img_9.tif,3136,1600,256,256
img_9_patch_1401.tif,img_9_patch_1401_mask.tif,img_9.tif,3200,1600,256,256
img_9_patch_1402.tif,img_9_patch_1402_mask.tif,img_9.tif,3264,1600,256,256
img_9_patch_1403.tif,img_9_patch_1403_mask.tif,img_9.tif,3328,1600,256,256
img_9_patch_1404.tif,img_9_patch_1404_mask.tif,img_9.tif,3348,1600,256,256
img_9_patch_1405.tif,img_9_patch_1405_mask.tif,img_9.tif,0,1664,256,256
img_9_patch_1406.tif,img_9_patch_1406_mask.tif,img_9.tif,64,1664,256,256
img_9_patch_1407.tif,img_9_patch_1407_mask.tif,img_9.tif,128,1664,256,256
img_9_patch_1408.tif,img_9_patch_1408_mask.tif,img_9.tif,192,1664,256,256
img_9_patch_1409.tif,img_9_patch_1409_mask.tif,img_9.tif,256,1664,256,256
img_9_patch_1410.tif,img_9_patch_1410_mask.tif,img_9.tif,320,1664,256,256
img_9_patch_1411.tif,img_9_patch_1411_mask.tif,img_9.tif,384,1664,256,256
img_9_patch_1412.tif,img_9_patch_1412_mask.tif,img_9.tif,448,1664,256,256
img_9_patch_1413.tif,img_9_patch_1413_mask.tif,img_9.tif,512,1664,256,256
img_9_patch_1414.tif,img_9_patch_1414_mask.tif,img_9.tif,576,1664,256,256
img_9_patch_1415.tif,img_9_patch_1415_mask.tif,img_9.tif,640,1664,256,256
img_9_patch_1416.tif,img_9_patch_1416_mask.tif,img_9.tif,704,1664,256,256
img_9_patch_1417.tif,img_9_patch_1417_mask.tif,img_9.tif,768,1664,256,256
img_9_patch_1418.tif,img_9_patch_1418_mask.tif,img_9.tif,832,1664,256,256
img_9_patch_1419.tif,img_9_patch_1419_mask.tif,img_9.tif,896,1664,256,256
img_9_patch_1420.tif,img_9_patch_1420_mask.tif,img_9.tif,960,1664,256,256
img_9_patch_1421.tif,img_9_patch_1421_mask.tif,img_9.tif,1024,1664,256,256
img_9_patch_1422.tif,img_9_patch_1422_mask.tif,img_9.tif,1088,1664,256,256
img_9_patch_1423.tif,img_9_patch_1423_mask.tif,img_9.tif,1152,1664,256,256
img_9_patch_1424.tif,img_9_patch_1424_mask.tif,img_9.tif,1216,1664,256,256
img_9_patch_1425.tif,img_9_patch_1425_mask.tif,img_9.tif,1280,1664,256,256
img_9_patch_1426.tif,img_9_patch_1426_mask.tif,img_9.tif,1344,1664,256,256
img_9_patch_1427.tif,img_9_patch_1427_mask.tif,img_9.tif,1408,1664,256,256
img_9_patch_1428.tif,img_9_patch_1428_mask.tif,img_9.tif,1472,1664,256,256
img_9_patch_1429.tif,img_9_patch_1429_mask.tif,img_9.tif,1536,1664,256,256
img_9_patch_1430.tif,img_9_patch_1430_mask.tif,img_9.tif,1600,1664,256,256
img_9_patch_1431.tif,img_9_patch_1431_mask.tif,img_9.tif,1664,1664,256,256
img_9_patch_1432.tif,img_9_patch_1432_mask.tif,img_9.tif,1728,1664,256,256
img_9_patch_1433.tif,img_9_patch_1433_mask.tif,img_9.tif,1792,1664,256,256
img_9_patch_1434.tif,img_9_patch_1434_mask.tif,img_9.tif,1856,1664,256,256
img_9_patch_1435.tif,img_9_patch_1435_mask.tif,img_9.tif,1920,1664,256,256
img_9_patch_1436.tif,img_9_patch_1436_mask.tif,img_9.tif,1984,1664,256,256
img_9_patch_1437.tif,img_9_patch_1437_mask.tif,img_9.tif,2048,1664,256,256
img_9_patch_1438.tif,img_9_patch_1438_mask.tif,img_9.tif,2112,1664,256,256
img_9_patch_1439.tif,img_9_patch_1439_mask.tif,img_9.tif,2176,1664,256,256
img_9_patch_1440.tif,img_9_patch_1440_mask.tif,img_9.tif,2240,1664,256,256
img_9_patch_1441.tif,img_9_patch_1441_mask.tif,img_9.tif,2304,1664,256,256
img_9_patch_1442.tif,img_9_patch_1442_mask.tif,img_9.tif,2368,1664,256,256
img_9_patch_1443.tif,img_9_patch_1443_mask.tif,img_9.tif,2432,1664,256,256
img_9_patch_1444.tif,img_9_patch_1444_mask.tif,img_9.tif,2496,1664,256,256
img_9_patch_1445.tif,img_9_patch_1445_mask.tif,img_9.tif,2560,1664,256,256
img_9_patch_1446.tif,img_9_patch_1446_mask.tif,img_9.tif,2624,1664,256,256
img_9_patch_1447.tif,img_9_patch_1447_mask.tif,img_9.tif,2688,1664,256,256
img_9_patch_1448.tif,img_9_patch_1448_mask.tif,img_9.tif,2752,1664,256,256
img_9_patch_1449.tif,img_9_patch_1449_mask.tif,img_9.tif,2816,1664,256,256
img_9_patch_1450.tif,img_9_patch_1450_mask.tif,img_9.tif,2880,1664,256,256
img_9_patch_1451.tif,img_9_patch_1451_mask.tif,img_9.tif,2944,1664,256,256
img_9_patch_1452.tif,img_9_patch_1452_mask.tif,img_9.tif,3008,1664,256,256
img_9_patch_1453.tif,img_9_patch_1453_mask.tif,img_9.tif,3072,1664,256,256
img_9_patch_1454.tif,img_9_patch_1454_mask.tif,img_9.tif,3136,1664,256,256
img_9_patch_1455.tif,img_9_patch_1455_mask.tif,img_9.tif,3200,1664,256,256
img_9_patch_1456.tif,img_9_patch_1456_mask.tif,img_9.tif,3264,1664,256,256
img_9_patch_1457.tif,img_9_patch_1457_mask.tif,img_9.tif,3328,1664,256,256
img_9_patch_1458.tif,img_9_patch_1458_mask.tif,img_9.tif,3348,1664,256,256
img_9_patch_1459.tif,img_9_patch_1459_mask.tif,img_9.tif,0,1728,256,256
img_9_patch_1460.tif,img_9_patch_1460_mask.tif,img_9.tif,64,1728,256,256
img_9_patch_1461.tif,img_9_patch_1461_mask.tif,img_9.tif,128,1728,256,256
img_9_patch_1462.tif,img_9_patch_1462_mask.tif,img_9.tif,192,1728,256,256
img_9_patch_1463.tif,img_9_patch_1463_mask.tif,img_9.tif,256,1728,256,256
img_9_patch_1464.tif,img_9_patch_1464_mask.tif,img_9.tif,320,1728,256,256
img_9_patch_1465.tif,img_9_patch_1465_mask.tif,img_9.tif,384,1728,256,256
img_9_patch_1466.tif,img_9_patch_1466_mask.tif,img_9.tif,448,1728,256,256
img_9_patch_1467.tif,img_9_patch_1467_mask.tif,img_9.tif,512,1728,256,256
img_9_patch_1468.tif,img_9_patch_1468_mask.tif,img_9.tif,576,1728,256,256
img_9_patch_1469.tif,img_9_patch_1469_mask.tif,img_9.tif,640,1728,256,256
img_9_patch_1470.tif,img_9_patch_1470_mask.tif,img_9.tif,704,1728,256,256
img_9_patch_1471.tif,img_9_patch_1471_mask.tif,img_9.tif,768,1728,256,256
img_9_patch_1472.tif,img_9_patch_1472_mask.tif,img_9.tif,832,1728,256,256
img_9_patch_1473.tif,img_9_patch_1473_mask.tif,img_9.tif,896,1728,256,256
img_9_patch_1474.tif,img_9_patch_1474_mask.tif,img_9.tif,960,1728,256,256
img_9_patch_1475.tif,img_9_patch_1475_mask.tif,img_9.tif,1024,1728,256,256
img_9_patch_1476.tif,img_9_patch_1476_mask.tif,img_9.tif,1088,1728,256,256
img_9_patch_1477.tif,img_9_patch_1477_mask.tif,img_9.tif,1152,1728,256,256
img_9_patch_1478.tif,img_9_patch_1478_mask.tif,img_9.tif,1216,1728,256,256
img_9_patch_1479.tif,img_9_patch_1479_mask.tif,img_9.tif,1280,1728,256,256
img_9_patch_1480.tif,img_9_patch_1480_mask.tif,img_9.tif,1344,1728,256,256
img_9_patch_1481.tif,img_9_patch_1481_mask.tif,img_9.tif,1408,1728,256,256
img_9_patch_1482.tif,img_9_patch_1482_mask.tif,img_9.tif,1472,1728,256,256
img_9_patch_1483.tif,img_9_patch_1483_mask.tif,img_9.tif,1536,1728,256,256
img_9_patch_1484.tif,img_9_patch_1484_mask.tif,img_9.tif,1600,1728,256,256
img_9_patch_1485.tif,img_9_patch_1485_mask.tif,img_9.tif,1664,1728,256,256
img_9_patch_1486.tif,img_9_patch_1486_mask.tif,img_9.tif,1728,1728,256,256
img_9_patch_1487.tif,img_9_patch_1487_mask.tif,img_9.tif,1792,1728,256,256
img_9_patch_1488.tif,img_9_patch_1488_mask.tif,img_9.tif,1856,1728,256,256
img_9_patch_1489.tif,img_9_patch_1489_mask.tif,img_9.tif,1920,1728,256,256
img_9_patch_1490.tif,img_9_patch_1490_mask.tif,img_9.tif,1984,1728,256,256
img_9_patch_1491.tif,img_9_patch_1491_mask.tif,img_9.tif,2048,1728,256,256
img_9_patch_1492.tif,img_9_patch_1492_mask.tif,img_9.tif,2112,1728,256,256
img_9_patch_1493.tif,img_9_patch_1493_mask.tif,img_9.tif,2176,1728,256,256
img_9_patch_1494.tif,img_9_patch_1494_mask.tif,img_9.tif,2240,1728,256,256
img_9_patch_1495.tif,img_9_patch_1495_mask.tif,img_9.tif,2304,1728,256,256
img_9_patch_1496.tif,img_9_patch_1496_mask.tif,img_9.tif,2368,1728,256,256
img_9_patch_1497.tif,img_9_patch_1497_mask.tif,img_9.tif,2432,1728,256,256
img_9_patch_1498.tif,img_9_patch_1498_mask.tif,img_9.tif,2496,1728,256,256
img_9_patch_1499.tif,img_9_patch_1499_mask.tif,img_9.tif,2560,1728,256,256
img_9_patch_1500.tif,img_9_patch_1500_mask.tif,img_9.tif,2624,1728,256,256
img_9_patch_1501.tif,img_9_patch_1501_mask.tif,img_9.tif,2688,1728,256,256
img_9_patch_1502.tif,img_9_patch_1502_mask.tif,img_9.tif,2752,1728,256,256
img_9_patch_1503.tif,img_9_patch_1503_mask.tif,img_9.tif,2816,1728,256,256
img_9_patch_1504.tif,img_9_patch_1504_mask.tif,img_9.tif,2880,1728,256,256
img_9_patch_1505.tif,img_9_patch_1505_mask.tif,img_9.tif,2944,1728,256,256
img_9_patch_1506.tif,img_9_patch_1506_mask.tif,img_9.tif,3008,1728,256,256
img_9_patch_1507.tif,img_9_patch_1507_mask.tif,img_9.tif,3072,1728,256,256
img_9_patch_1508.tif,img_9_patch_1508_mask.tif,img_9.tif,3136,1728,256,256
img_9_patch_1509.tif,img_9_patch_1509_mask.tif,img_9.tif,3200,1728,256,256
img_9_patch_1510.tif,img_9_patch_1510_mask.tif,img_9.tif,3264,1728,256,256
img_9_patch_1511.tif,img_9_patch_1511_mask.tif,img_9.tif,3328,1728,256,256
img_9_patch_1512.tif,img_9_patch_1512_mask.tif,img_9.tif,3348,1728,256,256
img_9_patch_1513.tif,img_9_patch_1513_mask.tif,img_9.tif,0,1792,256,256
img_9_patch_1514.tif,img_9_patch_1514_mask.tif,img_9.tif,64,1792,256,256
img_9_patch_1515.tif,img_9_patch_1515_mask.tif,img_9.tif,128,1792,256,256
img_9_patch_1516.tif,img_9_patch_1516_mask.tif,img_9.tif,192,1792,256,256
img_9_patch_1517.tif,img_9_patch_1517_mask.tif,img_9.tif,256,1792,256,256
img_9_patch_1518.tif,img_9_patch_1518_mask.tif,img_9.tif,320,1792,256,256
img_9_patch_1519.tif,img_9_patch_1519_mask.tif,img_9.tif,384,1792,256,256
img_9_patch_1520.tif,img_9_patch_1520_mask.tif,img_9.tif,448,1792,256,256
img_9_patch_1521.tif,img_9_patch_1521_mask.tif,img_9.tif,512,1792,256,256
img_9_patch_1522.tif,img_9_patch_1522_mask.tif,img_9.tif,576,1792,256,256
img_9_patch_1523.tif,img_9_patch_1523_mask.tif,img_9.tif,640,1792,256,256
img_9_patch_1524.tif,img_9_patch_1524_mask.tif,img_9.tif,704,1792,256,256
img_9_patch_1525.tif,img_9_patch_1525_mask.tif,img_9.tif,768,1792,256,256
img_9_patch_1526.tif,img_9_patch_1526_mask.tif,img_9.tif,832,1792,256,256
img_9_patch_1527.tif,img_9_patch_1527_mask.tif,img_9.tif,896,1792,256,256
img_9_patch_1528.tif,img_9_patch_1528_mask.tif,img_9.tif,960,1792,256,256
img_9_patch_1529.tif,img_9_patch_1529_mask.tif,img_9.tif,1024,1792,256,256
img_9_patch_1530.tif,img_9_patch_1530_mask.tif,img_9.tif,1088,1792,256,256
img_9_patch_1531.tif,img_9_patch_1531_mask.tif,img_9.tif,1152,1792,256,256
img_9_patch_1532.tif,img_9_patch_1532_mask.tif,img_9.tif,1216,1792,256,256
img_9_patch_1533.tif,img_9_patch_1533_mask.tif,img_9.tif,1280,1792,256,256
img_9_patch_1534.tif,img_9_patch_1534_mask.tif,img_9.tif,1344,1792,256,256
img_9_patch_1535.tif,img_9_patch_1535_mask.tif,img_9.tif,1408,1792,256,256
img_9_patch_1536.tif,img_9_patch_1536_mask.tif,img_9.tif,1472,1792,256,256
img_9_patch_1537.tif,img_9_patch_1537_mask.tif,img_9.tif,1536,1792,256,256
img_9_patch_1538.tif,img_9_patch_1538_mask.tif,img_9.tif,1600,1792,256,256
img_9_patch_1539.tif,img_9_patch_1539_mask.tif,img_9.tif,1664,1792,256,256
img_9_patch_1540.tif,img_9_patch_1540_mask.tif,img_9.tif,1728,1792,256,256
img_9_patch_1541.tif,img_9_patch_1541_mask.tif,img_9.tif,1792,1792,256,256
img_9_patch_1542.tif,img_9_patch_1542_mask.tif,img_9.tif,1856,1792,256,256
img_9_patch_1543.tif,img_9_patch_1543_mask.tif,img_9.tif,1920,1792,256,256
img_9_patch_1544.tif,img_9_patch_1544_mask.tif,img_9.tif,1984,1792,256,256
img_9_patch_1545.tif,img_9_patch_1545_mask.tif,img_9.tif,2048,1792,256,256
img_9_patch_1546.tif,img_9_patch_1546_mask.tif,img_9.tif,2112,1792,256,256
img_9_patch_1547.tif,img_9_patch_1547_mask.tif,img_9.tif,2176,1792,256,256
img_9_patch_1548.tif,img_9_patch_1548_mask.tif,img_9.tif,2240,1792,256,256
img_9_patch_1549.tif,img_9_patch_1549_mask.tif,img_9.tif,2304,1792,256,256
img_9_patch_1550.tif,img_9_patch_1550_mask.tif,img_9.tif,2368,1792,256,256
img_9_patch_1551.tif,img_9_patch_1551_mask.tif,img_9.tif,2432,1792,256,256
img_9_patch_1552.tif,img_9_patch_1552_mask.tif,img_9.tif,2496,1792,256,256
img_9_patch_1553.tif,img_9_patch_1553_mask.tif,img_9.tif,2560,1792,256,256
img_9_patch_1554.tif,img_9_patch_1554_mask.tif,img_9.tif,2624,1792,256,256
img_9_patch_1555.tif,img_9_patch_1555_mask.tif,img_9.tif,2688,1792,256,256
img_9_patch_1556.tif,img_9_patch_1556_mask.tif,img_9.tif,2752,1792,256,256
img_9_patch_1557.tif,img_9_patch_1557_mask.tif,img_9.tif,2816,1792,256,256
img_9_patch_1558.tif,img_9_patch_1558_mask.tif,img_9.tif,2880,1792,256,256
img_9_patch_1559.tif,img_9_patch_1559_mask.tif,img_9.tif,2944,1792,256,256
img_9_patch_1560.tif,img_9_patch_1560_mask.tif,img_9.tif,3008,1792,256,256
img_9_patch_1561.tif,img_9_patch_1561_mask.tif,img_9.tif,3072,1792,256,256
img_9_patch_1562.tif,img_9_patch_1562_mask.tif,img_9.tif,3136,1792,256,256
img_9_patch_1563.tif,img_9_patch_1563_mask.tif,img_9.tif,3200,1792,256,256
img_9_patch_1564.tif,img_9_patch_1564_mask.tif,img_9.tif,3264,1792,256,256
img_9_patch_1565.tif,img_9_patch_1565_mask.tif,img_9.tif,3328,1792,256,256
img_9_patch_1566.tif,img_9_patch_1566_mask.tif,img_9.tif,3348,1792,256,256
img_9_patch_1567.tif,img_9_patch_1567_mask.tif,img_9.tif,0,1856,256,256
img_9_patch_1568.tif,img_9_patch_1568_mask.tif,img_9.tif,64,1856,256,256
img_9_patch_1569.tif,img_9_patch_1569_mask.tif,img_9.tif,128,1856,256,256
img_9_patch_1570.tif,img_9_patch_1570_mask.tif,img_9.tif,192,1856,256,256
img_9_patch_1571.tif,img_9_patch_1571_mask.tif,img_9.tif,256,1856,256,256
img_9_patch_1572.tif,img_9_patch_1572_mask.tif,img_9.tif,320,1856,256,256
img_9_patch_1573.tif,img_9_patch_1573_mask.tif,img_9.tif,384,1856,256,256
img_9_patch_1574.tif,img_9_patch_1574_mask.tif,img_9.tif,448,1856,256,256
img_9_patch_1575.tif,img_9_patch_1575_mask.tif,img_9.tif,512,1856,256,256
img_9_patch_1576.tif,img_9_patch_1576_mask.tif,img_9.tif,576,1856,256,256
img_9_patch_1577.tif,img_9_patch_1577_mask.tif,img_9.tif,640,1856,256,256
img_9_patch_1578.tif,img_9_patch_1578_mask.tif,img_9.tif,704,1856,256,256
img_9_patch_1579.tif,img_9_patch_1579_mask.tif,img_9.tif,768,1856,256,256
img_9_patch_1580.tif,img_9_patch_1580_mask.tif,img_9.tif,832,1856,256,256
img_9_patch_1581.tif,img_9_patch_1581_mask.tif,img_9.tif,896,1856,256,256
img_9_patch_1582.tif,img_9_patch_1582_mask.tif,img_9.tif,960,1856,256,256
img_9_patch_1583.tif,img_9_patch_1583_mask.tif,img_9.tif,1024,1856,256,256
img_9_patch_1584.tif,img_9_patch_1584_mask.tif,img_9.tif,1088,1856,256,256
img_9_patch_1585.tif,img_9_patch_1585_mask.tif,img_9.tif,1152,1856,256,256
img_9_patch_1586.tif,img_9_patch_1586_mask.tif,img_9.tif,1216,1856,256,256
img_9_patch_1587.tif,img_9_patch_1587_mask.tif,img_9.tif,1280,1856,256,256
img_9_patch_1588.tif,img_9_patch_1588_mask.tif,img_9.tif,1344,1856,256,256
img_9_patch_1589.tif,img_9_patch_1589_mask.tif,img_9.tif,1408,1856,256,256
img_9_patch_1590.tif,img_9_patch_1590_mask.tif,img_9.tif,1472,1856,256,256
img_9_patch_1591.tif,img_9_patch_1591_mask.tif,img_9.tif,1536,1856,256,256
img_9_patch_1592.tif,img_9_patch_1592_mask.tif,img_9.tif,1600,1856,256,256
img_9_patch_1593.tif,img_9_patch_1593_mask.tif,img_9.tif,1664,1856,256,256
img_9_patch_1594.tif,img_9_patch_1594_mask.tif,img_9.tif,1728,1856,256,256
img_9_patch_1595.tif,img_9_patch_1595_mask.tif,img_9.tif,1792,1856,256,256
img_9_patch_1596.tif,img_9_patch_1596_mask.tif,img_9.tif,1856,1856,256,256
img_9_patch_1597.tif,img_9_patch_1597_mask.tif,img_9.tif,1920,1856,256,256
img_9_patch_1598.tif,img_9_patch_1598_mask.tif,img_9.tif,1984,1856,256,256
img_9_patch_1599.tif,img_9_patch_1599_mask.tif,img_9.tif,2048,1856,256,256
img_9_patch_1600.tif,img_9_patch_1600_mask.tif,img_9.tif,2112,1856,256,256
img_9_patch_1601.tif,img_9_patch_1601_mask.tif,img_9.tif,2176,1856,256,256
img_9_patch_1602.tif,img_9_patch_1602_mask.tif,img_9.tif,2240,1856,256,256
img_9_patch_1603.tif,img_9_patch_1603_mask.tif,img_9.tif,2304,1856,256,256
img_9_patch_1604.tif,img_9_patch_1604_mask.tif,img_9.tif,2368,1856,256,256
img_9_patch_1605.tif,img_9_patch_1605_mask.tif,img_9.tif,2432,1856,256,256
img_9_patch_1606.tif,img_9_patch_1606_mask.tif,img_9.tif,2496,1856,256,256
img_9_patch_1607.tif,img_9_patch_1607_mask.tif,img_9.tif,2560,1856,256,256
img_9_patch_1608.tif,img_9_patch_1608_mask.tif,img_9.tif,2624,1856,256,256
img_9_patch_1609.tif,img_9_patch_1609_mask.tif,img_9.tif,2688,1856,256,256
img_9_patch_1610.tif,img_9_patch_1610_mask.tif,img_9.tif,2752,1856,256,256
img_9_patch_1611.tif,img_9_patch_1611_mask.tif,img_9.tif,2816,1856,256,256
img_9_patch_1612.tif,img_9_patch_1612_mask.tif,img_9.tif,2880,1856,256,256
img_9_patch_1613.tif,img_9_patch_1613_mask.tif,img_9.tif,2944,1856,256,256
img_9_patch_1614.tif,img_9_patch_1614_mask.tif,img_9.tif,3008,1856,256,256
img_9_patch_1615.tif,img_9_patch_1615_mask.tif,img_9.tif,3072,1856,256,256
img_9_patch_1616.tif,img_9_patch_1616_mask.tif,img_9.tif,3136,1856,256,256
img_9_patch_1617.tif,img_9_patch_1617_mask.tif,img_9.tif,3200,1856,256,256
img_9_patch_1618.tif,img_9_patch_1618_mask.tif,img_9.tif,3264,1856,256,256
img_9_patch_1619.tif,img_9_patch_1619_mask.tif,img_9.tif,3328,1856,256,256
img_9_patch_1620.tif,img_9_patch_1620_mask.tif,img_9.tif,3348,1856,256,256
img_9_patch_1621.tif,img_9_patch_1621_mask.tif,img_9.tif,0,1920,256,256
img_9_patch_1622.tif,img_9_patch_1622_mask.tif,img_9.tif,64,1920,256,256
img_9_patch_1623.tif,img_9_patch_1623_mask.tif,img_9.tif,128,1920,256,256
img_9_patch_1624.tif,img_9_patch_1624_mask.tif,img_9.tif,192,1920,256,256
img_9_patch_1625.tif,img_9_patch_1625_mask.tif,img_9.tif,256,1920,256,256
img_9_patch_1626.tif,img_9_patch_1626_mask.tif,img_9.tif,320,1920,256,256
img_9_patch_1627.tif,img_9_patch_1627_mask.tif,img_9.tif,384,1920,256,256
img_9_patch_1628.tif,img_9_patch_1628_mask.tif,img_9.tif,448,1920,256,256
img_9_patch_1629.tif,img_9_patch_1629_mask.tif,img_9.tif,512,1920,256,256
img_9_patch_1630.tif,img_9_patch_1630_mask.tif,img_9.tif,576,1920,256,256
img_9_patch_1631.tif,img_9_patch_1631_mask.tif,img_9.tif,640,1920,256,256
img_9_patch_1632.tif,img_9_patch_1632_mask.tif,img_9.tif,704,1920,256,256
img_9_patch_1633.tif,img_9_patch_1633_mask.tif,img_9.tif,768,1920,256,256
img_9_patch_1634.tif,img_9_patch_1634_mask.tif,img_9.tif,832,1920,256,256
img_9_patch_1635.tif,img_9_patch_1635_mask.tif,img_9.tif,896,1920,256,256
img_9_patch_1636.tif,img_9_patch_1636_mask.tif,img_9.tif,960,1920,256,256
img_9_patch_1637.tif,img_9_patch_1637_mask.tif,img_9.tif,1024,1920,256,256
img_9_patch_1638.tif,img_9_patch_1638_mask.tif,img_9.tif,1088,1920,256,256
img_9_patch_1639.tif,img_9_patch_1639_mask.tif,img_9.tif,1152,1920,256,256
img_9_patch_1640.tif,img_9_patch_1640_mask.tif,img_9.tif,1216,1920,256,256
img_9_patch_1641.tif,img_9_patch_1641_mask.tif,img_9.tif,1280,1920,256,256
img_9_patch_1642.tif,img_9_patch_1642_mask.tif,img_9.tif,1344,1920,256,256
img_9_patch_1643.tif,img_9_patch_1643_mask.tif,img_9.tif,1408,1920,256,256
img_9_patch_1644.tif,img_9_patch_1644_mask.tif,img_9.tif,1472,1920,256,256
img_9_patch_1645.tif,img_9_patch_1645_mask.tif,img_9.tif,1536,1920,256,256
img_9_patch_1646.tif,img_9_patch_1646_mask.tif,img_9.tif,1600,1920,256,256
img_9_patch_1647.tif,img_9_patch_1647_mask.tif,img_9.tif,1664,1920,256,256
img_9_patch_1648.tif,img_9_patch_1648_mask.tif,img_9.tif,1728,1920,256,256
img_9_patch_1649.tif,img_9_patch_1649_mask.tif,img_9.tif,1792,1920,256,256
img_9_patch_1650.tif,img_9_patch_1650_mask.tif,img_9.tif,1856,1920,256,256
img_9_patch_1651.tif,img_9_patch_1651_mask.tif,img_9.tif,1920,1920,256,256
img_9_patch_1652.tif,img_9_patch_1652_mask.tif,img_9.tif,1984,1920,256,256
img_9_patch_1653.tif,img_9_patch_1653_mask.tif,img_9.tif,2048,1920,256,256
img_9_patch_1654.tif,img_9_patch_1654_mask.tif,img_9.tif,2112,1920,256,256
img_9_patch_1655.tif,img_9_patch_1655_mask.tif,img_9.tif,2176,1920,256,256
img_9_patch_1656.tif,img_9_patch_1656_mask.tif,img_9.tif,2240,1920,256,256
img_9_patch_1657.tif,img_9_patch_1657_mask.tif,img_9.tif,2304,1920,256,256
img_9_patch_1658.tif,img_9_patch_1658_mask.tif,img_9.tif,2368,1920,256,256
img_9_patch_1659.tif,img_9_patch_1659_mask.tif,img_9.tif,2432,1920,256,256
img_9_patch_1660.tif,img_9_patch_1660_mask.tif,img_9.tif,2496,1920,256,256
img_9_patch_1661.tif,img_9_patch_1661_mask.tif,img_9.tif,2560,1920,256,256
img_9_patch_1662.tif,img_9_patch_1662_mask.tif,img_9.tif,2624,1920,256,256
img_9_patch_1663.tif,img_9_patch_1663_mask.tif,img_9.tif,2688,1920,256,256
img_9_patch_1664.tif,img_9_patch_1664_mask.tif,img_9.tif,2752,1920,256,256
img_9_patch_1665.tif,img_9_patch_1665_mask.tif,img_9.tif,2816,1920,256,256
img_9_patch_1666.tif,img_9_patch_1666_mask.tif,img_9.tif,2880,1920,256,256
img_9_patch_1667.tif,img_9_patch_1667_mask.tif,img_9.tif,2944,1920,256,256
img_9_patch_1668.tif,img_9_patch_1668_mask.tif,img_9.tif,3008,1920,256,256
img_9_patch_1669.tif,img_9_patch_1669_mask.tif,img_9.tif,3072,1920,256,256
img_9_patch_1670.tif,img_9_patch_1670_mask.tif,img_9.tif,3136,1920,256,256
img_9_patch_1671.tif,img_9_patch_1671_mask.tif,img_9.tif,3200,1920,256,256
img_9_patch_1672.tif,img_9_patch_1672_mask.tif,img_9.tif,3264,1920,256,256
img_9_patch_1673.tif,img_9_patch_1673_mask.tif,img_9.tif,3328,1920,256,256
img_9_patch_1674.tif,img_9_patch_1674_mask.tif,img_9.tif,3348,1920,256,256
img_9_patch_1675.tif,img_9_patch_1675_mask.tif,img_9.tif,0,1984,256,256
img_9_patch_1676.tif,img_9_patch_1676_mask.tif,img_9.tif,64,1984,256,256
img_9_patch_1677.tif,img_9_patch_1677_mask.tif,img_9.tif,128,1984,256,256
img_9_patch_1678.tif,img_9_patch_1678_mask.tif,img_9.tif,192,1984,256,256
img_9_patch_1679.tif,img_9_patch_1679_mask.tif,img_9.tif,256,1984,256,256
img_9_patch_1680.tif,img_9_patch_1680_mask.tif,img_9.tif,320,1984,256,256
img_9_patch_1681.tif,img_9_patch_1681_mask.tif,img_9.tif,384,1984,256,256
img_9_patch_1682.tif,img_9_patch_1682_mask.tif,img_9.tif,448,1984,256,256
img_9_patch_1683.tif,img_9_patch_1683_mask.tif,img_9.tif,512,1984,256,256
img_9_patch_1684.tif,img_9_patch_1684_mask.tif,img_9.tif,576,1984,256,256
img_9_patch_1685.tif,img_9_patch_1685_mask.tif,img_9.tif,640,1984,256,256
img_9_patch_1686.tif,img_9_patch_1686_mask.tif,img_9.tif,704,1984,256,256
img_9_patch_1687.tif,img_9_patch_1687_mask.tif,img_9.tif,768,1984,256,256
img_9_patch_1688.tif,img_9_patch_1688_mask.tif,img_9.tif,832,1984,256,256
img_9_patch_1689.tif,img_9_patch_1689_mask.tif,img_9.tif,896,1984,256,256
img_9_patch_1690.tif,img_9_patch_1690_mask.tif,img_9.tif,960,1984,256,256
img_9_patch_1691.tif,img_9_patch_1691_mask.tif,img_9.tif,1024,1984,256,256
img_9_patch_1692.tif,img_9_patch_1692_mask.tif,img_9.tif,1088,1984,256,256
img_9_patch_1693.tif,img_9_patch_1693_mask.tif,img_9.tif,1152,1984,256,256
img_9_patch_1694.tif,img_9_patch_1694_mask.tif,img_9.tif,1216,1984,256,256
img_9_patch_1695.tif,img_9_patch_1695_mask.tif,img_9.tif,1280,1984,256,256
img_9_patch_1696.tif,img_9_patch_1696_mask.tif,img_9.tif,1344,1984,256,256
img_9_patch_1697.tif,img_9_patch_1697_mask.tif,img_9.tif,1408,1984,256,256
img_9_patch_1698.tif,img_9_patch_1698_mask.tif,img_9.tif,1472,1984,256,256
img_9_patch_1699.tif,img_9_patch_1699_mask.tif,img_9.tif,1536,1984,256,256
img_9_patch_1700.tif,img_9_patch_1700_mask.tif,img_9.tif,1600,1984,256,256
img_9_patch_1701.tif,img_9_patch_1701_mask.tif,img_9.tif,1664,1984,256,256
img_9_patch_1702.tif,img_9_patch_1702_mask.tif,img_9.tif,1728,1984,256,256
img_9_patch_1703.tif,img_9_patch_1703_mask.tif,img_9.tif,1792,1984,256,256
img_9_patch_1704.tif,img_9_patch_1704_mask.tif,img_9.tif,1856,1984,256,256
img_9_patch_1705.tif,img_9_patch_1705_mask.tif,img_9.tif,1920,1984,256,256
img_9_patch_1706.tif,img_9_patch_1706_mask.tif,img_9.tif,1984,1984,256,256
img_9_patch_1707.tif,img_9_patch_1707_mask.tif,img_9.tif,2048,1984,256,256
img_9_patch_1708.tif,img_9_patch_1708_mask.tif,img_9.tif,2112,1984,256,256
img_9_patch_1709.tif,img_9_patch_1709_mask.tif,img_9.tif,2176,1984,256,256
img_9_patch_1710.tif,img_9_patch_1710_mask.tif,img_9.tif,2240,1984,256,256
img_9_patch_1711.tif,img_9_patch_1711_mask.tif,img_9.tif,2304,1984,256,256
img_9_patch_1712.tif,img_9_patch_1712_mask.tif,img_9.tif,2368,1984,256,256
img_9_patch_1713.tif,img_9_patch_1713_mask.tif,img_9.tif,2432,1984,256,256
img_9_patch_1714.tif,img_9_patch_1714_mask.tif,img_9.tif,2496,1984,256,256
img_9_patch_1715.tif,img_9_patch_1715_mask.tif,img_9.tif,2560,1984,256,256
img_9_patch_1716.tif,img_9_patch_1716_mask.tif,img_9.tif,2624,1984,256,256
img_9_patch_1717.tif,img_9_patch_1717_mask.tif,img_9.tif,2688,1984,256,256
img_9_patch_1718.tif,img_9_patch_1718_mask.tif,img_9.tif,2752,1984,256,256
img_9_patch_1719.tif,img_9_patch_1719_mask.tif,img_9.tif,2816,1984,256,256
img_9_patch_1720.tif,img_9_patch_1720_mask.tif,img_9.tif,2880,1984,256,256
img_9_patch_1721.tif,img_9_patch_1721_mask.tif,img_9.tif,2944,1984,256,256
img_9_patch_1722.tif,img_9_patch_1722_mask.tif,img_9.tif,3008,1984,256,256
img_9_patch_1723.tif,img_9_patch_1723_mask.tif,img_9.tif,3072,1984,256,256
img_9_patch_1724.tif,img_9_patch_1724_mask.tif,img_9.tif,3136,1984,256,256
img_9_patch_1725.tif,img_9_patch_1725_mask.tif,img_9.tif,3200,1984,256,256
img_9_patch_1726.tif,img_9_patch_1726_mask.tif,img_9.tif,3264,1984,256,256
img_9_patch_1727.tif,img_9_patch_1727_mask.tif,img_9.tif,3328,1984,256,256
img_9_patch_1728.tif,img_9_patch_1728_mask.tif,img_9.tif,3348,1984,256,256
img_9_patch_1729.tif,img_9_patch_1729_mask.tif,img_9.tif,0,2048,256,256
img_9_patch_1730.tif,img_9_patch_1730_mask.tif,img_9.tif,64,2048,256,256
img_9_patch_1731.tif,img_9_patch_1731_mask.tif,img_9.tif,128,2048,256,256
img_9_patch_1732.tif,img_9_patch_1732_mask.tif,img_9.tif,192,2048,256,256
img_9_patch_1733.tif,img_9_patch_1733_mask.tif,img_9.tif,256,2048,256,256
img_9_patch_1734.tif,img_9_patch_1734_mask.tif,img_9.tif,320,2048,256,256
img_9_patch_1735.tif,img_9_patch_1735_mask.tif,img_9.tif,384,2048,256,256
img_9_patch_1736.tif,img_9_patch_1736_mask.tif,img_9.tif,448,2048,256,256
img_9_patch_1737.tif,img_9_patch_1737_mask.tif,img_9.tif,512,2048,256,256
img_9_patch_1738.tif,img_9_patch_1738_mask.tif,img_9.tif,576,2048,256,256
img_9_patch_1739.tif,img_9_patch_1739_mask.tif,img_9.tif,640,2048,256,256
img_9_patch_1740.tif,img_9_patch_1740_mask.tif,img_9.tif,704,2048,256,256
img_9_patch_1741.tif,img_9_patch_1741_mask.tif,img_9.tif,768,2048,256,256
img_9_patch_1742.tif,img_9_patch_1742_mask.tif,img_9.tif,832,2048,256,256
img_9_patch_1743.tif,img_9_patch_1743_mask.tif,img_9.tif,896,2048,256,256
img_9_patch_1744.tif,img_9_patch_1744_mask.tif,img_9.tif,960,2048,256,256
img_9_patch_1745.tif,img_9_patch_1745_mask.tif,img_9.tif,1024,2048,256,256
img_9_patch_1746.tif,img_9_patch_1746_mask.tif,img_9.tif,1088,2048,256,256
img_9_patch_1747.tif,img_9_patch_1747_mask.tif,img_9.tif,1152,2048,256,256
img_9_patch_1748.tif,img_9_patch_1748_mask.tif,img_9.tif,1216,2048,256,256
img_9_patch_1749.tif,img_9_patch_1749_mask.tif,img_9.tif,1280,2048,256,256
img_9_patch_1750.tif,img_9_patch_1750_mask.tif,img_9.tif,1344,2048,256,256
img_9_patch_1751.tif,img_9_patch_1751_mask.tif,img_9.tif,1408,2048,256,256
img_9_patch_1752.tif,img_9_patch_1752_mask.tif,img_9.tif,1472,2048,256,256
img_9_patch_1753.tif,img_9_patch_1753_mask.tif,img_9.tif,1536,2048,256,256
img_9_patch_1754.tif,img_9_patch_1754_mask.tif,img_9.tif,1600,2048,256,256
img_9_patch_1755.tif,img_9_patch_1755_mask.tif,img_9.tif,1664,2048,256,256
img_9_patch_1756.tif,img_9_patch_1756_mask.tif,img_9.tif,1728,2048,256,256
img_9_patch_1757.tif,img_9_patch_1757_mask.tif,img_9.tif,1792,2048,256,256
img_9_patch_1758.tif,img_9_patch_1758_mask.tif,img_9.tif,1856,2048,256,256
img_9_patch_1759.tif,img_9_patch_1759_mask.tif,img_9.tif,1920,2048,256,256
img_9_patch_1760.tif,img_9_patch_1760_mask.tif,img_9.tif,1984,2048,256,256
img_9_patch_1761.tif,img_9_patch_1761_mask.tif,img_9.tif,2048,2048,256,256
img_9_patch_1762.tif,img_9_patch_1762_mask.tif,img_9.tif,2112,2048,256,256
img_9_patch_1763.tif,img_9_patch_1763_mask.tif,img_9.tif,2176,2048,256,256
img_9_patch_1764.tif,img_9_patch_1764_mask.tif,img_9.tif,2240,2048,256,256
img_9_patch_1765.tif,img_9_patch_1765_mask.tif,img_9.tif,2304,2048,256,256
img_9_patch_1766.tif,img_9_patch_1766_mask.tif,img_9.tif,2368,2048,256,256
img_9_patch_1767.tif,img_9_patch_1767_mask.tif,img_9.tif,2432,2048,256,256
img_9_patch_1768.tif,img_9_patch_1768_mask.tif,img_9.tif,2496,2048,256,256
img_9_patch_1769.tif,img_9_patch_1769_mask.tif,img_9.tif,2560,2048,256,256
img_9_patch_1770.tif,img_9_patch_1770_mask.tif,img_9.tif,2624,2048,256,256
img_9_patch_1771.tif,img_9_patch_1771_mask.tif,img_9.tif,2688,2048,256,256
img_9_patch_1772.tif,img_9_patch_1772_mask.tif,img_9.tif,2752,2048,256,256
img_9_patch_1773.tif,img_9_patch_1773_mask.tif,img_9.tif,2816,2048,256,256
img_9_patch_1774.tif,img_9_patch_1774_mask.tif,img_9.tif,2880,2048,256,256
img_9_patch_1775.tif,img_9_patch_1775_mask.tif,img_9.tif,2944,2048,256,256
img_9_patch_1776.tif,img_9_patch_1776_mask.tif,img_9.tif,3008,2048,256,256
img_9_patch_1777.tif,img_9_patch_1777_mask.tif,img_9.tif,3072,2048,256,256
img_9_patch_1778.tif,img_9_patch_1778_mask.tif,img_9.tif,3136,2048,256,256
img_9_patch_1779.tif,img_9_patch_1779_mask.tif,img_9.tif,3200,2048,256,256
img_9_patch_1780.tif,img_9_patch_1780_mask.tif,img_9.tif,3264,2048,256,256
img_9_patch_1781.tif,img_9_patch_1781_mask.tif,img_9.tif,3328,2048,256,256
img_9_patch_1782.tif,img_9_patch_1782_mask.tif,img_9.tif,3348,2048,256,256
img_9_patch_1783.tif,img_9_patch_1783_mask.tif,img_9.tif,0,2112,256,256
img_9_patch_1784.tif,img_9_patch_1784_mask.tif,img_9.tif,64,2112,256,256
img_9_patch_1785.tif,img_9_patch_1785_mask.tif,img_9.tif,128,2112,256,256
img_9_patch_1786.tif,img_9_patch_1786_mask.tif,img_9.tif,192,2112,256,256
img_9_patch_1787.tif,img_9_patch_1787_mask.tif,img_9.tif,256,2112,256,256
img_9_patch_1788.tif,img_9_patch_1788_mask.tif,img_9.tif,320,2112,256,256
img_9_patch_1789.tif,img_9_patch_1789_mask.tif,img_9.tif,384,2112,256,256
img_9_patch_1790.tif,img_9_patch_1790_mask.tif,img_9.tif,448,2112,256,256
img_9_patch_1791.tif,img_9_patch_1791_mask.tif,img_9.tif,512,2112,256,256
img_9_patch_1792.tif,img_9_patch_1792_mask.tif,img_9.tif,576,2112,256,256
img_9_patch_1793.tif,img_9_patch_1793_mask.tif,img_9.tif,640,2112,256,256
img_9_patch_1794.tif,img_9_patch_1794_mask.tif,img_9.tif,704,2112,256,256
img_9_patch_1795.tif,img_9_patch_1795_mask.tif,img_9.tif,768,2112,256,256
img_9_patch_1796.tif,img_9_patch_1796_mask.tif,img_9.tif,832,2112,256,256
img_9_patch_1797.tif,img_9_patch_1797_mask.tif,img_9.tif,896,2112,256,256
img_9_patch_1798.tif,img_9_patch_1798_mask.tif,img_9.tif,960,2112,256,256
img_9_patch_1799.tif,img_9_patch_1799_mask.tif,img_9.tif,1024,2112,256,256
img_9_patch_1800.tif,img_9_patch_1800_mask.tif,img_9.tif,1088,2112,256,256
img_9_patch_1801.tif,img_9_patch_1801_mask.tif,img_9.tif,1152,2112,256,256
img_9_patch_1802.tif,img_9_patch_1802_mask.tif,img_9.tif,1216,2112,256,256
img_9_patch_1803.tif,img_9_patch_1803_mask.tif,img_9.tif,1280,2112,256,256
img_9_patch_1804.tif,img_9_patch_1804_mask.tif,img_9.tif,1344,2112,256,256
img_9_patch_1805.tif,img_9_patch_1805_mask.tif,img_9.tif,1408,2112,256,256
img_9_patch_1806.tif,img_9_patch_1806_mask.tif,img_9.tif,1472,2112,256,256
img_9_patch_1807.tif,img_9_patch_1807_mask.tif,img_9.tif,1536,2112,256,256
img_9_patch_1808.tif,img_9_patch_1808_mask.tif,img_9.tif,1600,2112,256,256
img_9_patch_1809.tif,img_9_patch_1809_mask.tif,img_9.tif,1664,2112,256,256
img_9_patch_1810.tif,img_9_patch_1810_mask.tif,img_9.tif,1728,2112,256,256
img_9_patch_1811.tif,img_9_patch_1811_mask.tif,img_9.tif,1792,2112,256,256
img_9_patch_1812.tif,img_9_patch_1812_mask.tif,img_9.tif,1856,2112,256,256
img_9_patch_1813.tif,img_9_patch_1813_mask.tif,img_9.tif,1920,2112,256,256
img_9_patch_1814.tif,img_9_patch_1814_mask.tif,img_9.tif,1984,2112,256,256
img_9_patch_1815.tif,img_9_patch_1815_mask.tif,img_9.tif,2048,2112,256,256
img_9_patch_1816.tif,img_9_patch_1816_mask.tif,img_9.tif,2112,2112,256,256
img_9_patch_1817.tif,img_9_patch_1817_mask.tif,img_9.tif,2176,2112,256,256
img_9_patch_1818.tif,img_9_patch_1818_mask.tif,img_9.tif,2240,2112,256,256
img_9_patch_1819.tif,img_9_patch_1819_mask.tif,img_9.tif,2304,2112,256,256
img_9_patch_1820.tif,img_9_patch_1820_mask.tif,img_9.tif,2368,2112,256,256
img_9_patch_1821.tif,img_9_patch_1821_mask.tif,img_9.tif,2432,2112,256,256
img_9_patch_1822.tif,img_9_patch_1822_mask.tif,img_9.tif,2496,2112,256,256
img_9_patch_1823.tif,img_9_patch_1823_mask.tif,img_9.tif,2560,2112,256,256
img_9_patch_1824.tif,img_9_patch_1824_mask.tif,img_9.tif,2624,2112,256,256
img_9_patch_1825.tif,img_9_patch_1825_mask.tif,img_9.tif,2688,2112,256,256
img_9_patch_1826.tif,img_9_patch_1826_mask.tif,img_9.tif,2752,2112,256,256
img_9_patch_1827.tif,img_9_patch_1827_mask.tif,img_9.tif,2816,2112,256,256
img_9_patch_1828.tif,img_9_patch_1828_mask.tif,img_9.tif,2880,2112,256,256
img_9_patch_1829.tif,img_9_patch_1829_mask.tif,img_9.tif,2944,2112,256,256
img_9_patch_1830.tif,img_9_patch_1830_mask.tif,img_9.tif,3008,2112,256,256
img_9_patch_1831.tif,img_9_patch_1831_mask.tif,img_9.tif,3072,2112,256,256
img_9_patch_1832.tif,img_9_patch_1832_mask.tif,img_9.tif,3136,2112,256,256
img_9_patch_1833.tif,img_9_patch_1833_mask.tif,img_9.tif,3200,2112,256,256
img_9_patch_1834.tif,img_9_patch_1834_mask.tif,img_9.tif,3264,2112,256,256
img_9_patch_1835.tif,img_9_patch_1835_mask.tif,img_9.tif,3328,2112,256,256
img_9_patch_1836.tif,img_9_patch_1836_mask.tif,img_9.tif,3348,2112,256,256
img_9_patch_1837.tif,img_9_patch_1837_mask.tif,img_9.tif,0,2176,256,256
img_9_patch_1838.tif,img_9_patch_1838_mask.tif,img_9.tif,64,2176,256,256
img_9_patch_1839.tif,img_9_patch_1839_mask.tif,img_9.tif,128,2176,256,256
img_9_patch_1840.tif,img_9_patch_1840_mask.tif,img_9.tif,192,2176,256,256
img_9_patch_1841.tif,img_9_patch_1841_mask.tif,img_9.tif,256,2176,256,256
img_9_patch_1842.tif,img_9_patch_1842_mask.tif,img_9.tif,320,2176,256,256
img_9_patch_1843.tif,img_9_patch_1843_mask.tif,img_9.tif,384,2176,256,256
img_9_patch_1844.tif,img_9_patch_1844_mask.tif,img_9.tif,448,2176,256,256
img_9_patch_1845.tif,img_9_patch_1845_mask.tif,img_9.tif,512,2176,256,256
img_9_patch_1846.tif,img_9_patch_1846_mask.tif,img_9.tif,576,2176,256,256
img_9_patch_1847.tif,img_9_patch_1847_mask.tif,img_9.tif,640,2176,256,256
img_9_patch_1848.tif,img_9_patch_1848_mask.tif,img_9.tif,704,2176,256,256
img_9_patch_1849.tif,img_9_patch_1849_mask.tif,img_9.tif,768,2176,256,256
img_9_patch_1850.tif,img_9_patch_1850_mask.tif,img_9.tif,832,2176,256,256
img_9_patch_1851.tif,img_9_patch_1851_mask.tif,img_9.tif,896,2176,256,256
img_9_patch_1852.tif,img_9_patch_1852_mask.tif,img_9.tif,960,2176,256,256
img_9_patch_1853.tif,img_9_patch_1853_mask.tif,img_9.tif,1024,2176,256,256
img_9_patch_1854.tif,img_9_patch_1854_mask.tif,img_9.tif,1088,2176,256,256
img_9_patch_1855.tif,img_9_patch_1855_mask.tif,img_9.tif,1152,2176,256,256
img_9_patch_1856.tif,img_9_patch_1856_mask.tif,img_9.tif,1216,2176,256,256
img_9_patch_1857.tif,img_9_patch_1857_mask.tif,img_9.tif,1280,2176,256,256
img_9_patch_1858.tif,img_9_patch_1858_mask.tif,img_9.tif,1344,2176,256,256
img_9_patch_1859.tif,img_9_patch_1859_mask.tif,img_9.tif,1408,2176,256,256
img_9_patch_1860.tif,img_9_patch_1860_mask.tif,img_9.tif,1472,2176,256,256
img_9_patch_1861.tif,img_9_patch_1861_mask.tif,img_9.tif,1536,2176,256,256
img_9_patch_1862.tif,img_9_patch_1862_mask.tif,img_9.tif,1600,2176,256,256
img_9_patch_1863.tif,img_9_patch_1863_mask.tif,img_9.tif,1664,2176,256,256
img_9_patch_1864.tif,img_9_patch_1864_mask.tif,img_9.tif,1728,2176,256,256
img_9_patch_1865.tif,img_9_patch_1865_mask.tif,img_9.tif,1792,2176,256,256
img_9_patch_1866.tif,img_9_patch_1866_mask.tif,img_9.tif,1856,2176,256,256
img_9_patch_1867.tif,img_9_patch_1867_mask.tif,img_9.tif,1920,2176,256,256
img_9_patch_1868.tif,img_9_patch_1868_mask.tif,img_9.tif,1984,2176,256,256
img_9_patch_1869.tif,img_9_patch_1869_mask.tif,img_9.tif,2048,2176,256,256
img_9_patch_1870.tif,img_9_patch_1870_mask.tif,img_9.tif,2112,2176,256,256
img_9_patch_1871.tif,img_9_patch_1871_mask.tif,img_9.tif,2176,2176,256,256
img_9_patch_1872.tif,img_9_patch_1872_mask.tif,img_9.tif,2240,2176,256,256
img_9_patch_1873.tif,img_9_patch_1873_mask.tif,img_9.tif,2304,2176,256,256
img_9_patch_1874.tif,img_9_patch_1874_mask.tif,img_9.tif,2368,2176,256,256
img_9_patch_1875.tif,img_9_patch_1875_mask.tif,img_9.tif,2432,2176,256,256
img_9_patch_1876.tif,img_9_patch_1876_mask.tif,img_9.tif,2496,2176,256,256
img_9_patch_1877.tif,img_9_patch_1877_mask.tif,img_9.tif,2560,2176,256,256
img_9_patch_1878.tif,img_9_patch_1878_mask.tif,img_9.tif,2624,2176,256,256
img_9_patch_1879.tif,img_9_patch_1879_mask.tif,img_9.tif,2688,2176,256,256
img_9_patch_1880.tif,img_9_patch_1880_mask.tif,img_9.tif,2752,2176,256,256
img_9_patch_1881.tif,img_9_patch_1881_mask.tif,img_9.tif,2816,2176,256,256
img_9_patch_1882.tif,img_9_patch_1882_mask.tif,img_9.tif,2880,2176,256,256
img_9_patch_1883.tif,img_9_patch_1883_mask.tif,img_9.tif,2944,2176,256,256
img_9_patch_1884.tif,img_9_patch_1884_mask.tif,img_9.tif,3008,2176,256,256
img_9_patch_1885.tif,img_9_patch_1885_mask.tif,img_9.tif,3072,2176,256,256
img_9_patch_1886.tif,img_9_patch_1886_mask.tif,img_9.tif,3136,2176,256,256
img_9_patch_1887.tif,img_9_patch_1887_mask.tif,img_9.tif,3200,2176,256,256
img_9_patch_1888.tif,img_9_patch_1888_mask.tif,img_9.tif,3264,2176,256,256
img_9_patch_1889.tif,img_9_patch_1889_mask.tif,img_9.tif,3328,2176,256,256
img_9_patch_1890.tif,img_9_patch_1890_mask.tif,img_9.tif,3348,2176,256,256
img_9_patch_1891.tif,img_9_patch_1891_mask.tif,img_9.tif,0,2240,256,256
img_9_patch_1892.tif,img_9_patch_1892_mask.tif,img_9.tif,64,2240,256,256
img_9_patch_1893.tif,img_9_patch_1893_mask.tif,img_9.tif,128,2240,256,256
img_9_patch_1894.tif,img_9_patch_1894_mask.tif,img_9.tif,192,2240,256,256
img_9_patch_1895.tif,img_9_patch_1895_mask.tif,img_9.tif,256,2240,256,256
img_9_patch_1896.tif,img_9_patch_1896_mask.tif,img_9.tif,320,2240,256,256
img_9_patch_1897.tif,img_9_patch_1897_mask.tif,img_9.tif,384,2240,256,256
img_9_patch_1898.tif,img_9_patch_1898_mask.tif,img_9.tif,448,2240,256,256
img_9_patch_1899.tif,img_9_patch_1899_mask.tif,img_9.tif,512,2240,256,256
img_9_patch_1900.tif,img_9_patch_1900_mask.tif,img_9.tif,576,2240,256,256
img_9_patch_1901.tif,img_9_patch_1901_mask.tif,img_9.tif,640,2240,256,256
img_9_patch_1902.tif,img_9_patch_1902_mask.tif,img_9.tif,704,2240,256,256
img_9_patch_1903.tif,img_9_patch_1903_mask.tif,img_9.tif,768,2240,256,256
img_9_patch_1904.tif,img_9_patch_1904_mask.tif,img_9.tif,832,2240,256,256
img_9_patch_1905.tif,img_9_patch_1905_mask.tif,img_9.tif,896,2240,256,256
img_9_patch_1906.tif,img_9_patch_1906_mask.tif,img_9.tif,960,2240,256,256
img_9_patch_1907.tif,img_9_patch_1907_mask.tif,img_9.tif,1024,2240,256,256
img_9_patch_1908.tif,img_9_patch_1908_mask.tif,img_9.tif,1088,2240,256,256
img_9_patch_1909.tif,img_9_patch_1909_mask.tif,img_9.tif,1152,2240,256,256
img_9_patch_1910.tif,img_9_patch_1910_mask.tif,img_9.tif,1216,2240,256,256
img_9_patch_1911.tif,img_9_patch_1911_mask.tif,img_9.tif,1280,2240,256,256
img_9_patch_1912.tif,img_9_patch_1912_mask.tif,img_9.tif,1344,2240,256,256
img_9_patch_1913.tif,img_9_patch_1913_mask.tif,img_9.tif,1408,2240,256,256
img_9_patch_1914.tif,img_9_patch_1914_mask.tif,img_9.tif,1472,2240,256,256
img_9_patch_1915.tif,img_9_patch_1915_mask.tif,img_9.tif,1536,2240,256,256
img_9_patch_1916.tif,img_9_patch_1916_mask.tif,img_9.tif,1600,2240,256,256
img_9_patch_1917.tif,img_9_patch_1917_mask.tif,img_9.tif,1664,2240,256,256
img_9_patch_1918.tif,img_9_patch_1918_mask.tif,img_9.tif,1728,2240,256,256
img_9_patch_1919.tif,img_9_patch_1919_mask.tif,img_9.tif,1792,2240,256,256
img_9_patch_1920.tif,img_9_patch_1920_mask.tif,img_9.tif,1856,2240,256,256
img_9_patch_1921.tif,img_9_patch_1921_mask.tif,img_9.tif,1920,2240,256,256
img_9_patch_1922.tif,img_9_patch_1922_mask.tif,img_9.tif,1984,2240,256,256
img_9_patch_1923.tif,img_9_patch_1923_mask.tif,img_9.tif,2048,2240,256,256
img_9_patch_1924.tif,img_9_patch_1924_mask.tif,img_9.tif,2112,2240,256,256
img_9_patch_1925.tif,img_9_patch_1925_mask.tif,img_9.tif,2176,2240,256,256
img_9_patch_1926.tif,img_9_patch_1926_mask.tif,img_9.tif,2240,2240,256,256
img_9_patch_1927.tif,img_9_patch_1927_mask.tif,img_9.tif,2304,2240,256,256
img_9_patch_1928.tif,img_9_patch_1928_mask.tif,img_9.tif,2368,2240,256,256
img_9_patch_1929.tif,img_9_patch_1929_mask.tif,img_9.tif,2432,2240,256,256
img_9_patch_1930.tif,img_9_patch_1930_mask.tif,img_9.tif,2496,2240,256,256
img_9_patch_1931.tif,img_9_patch_1931_mask.tif,img_9.tif,2560,2240,256,256
img_9_patch_1932.tif,img_9_patch_1932_mask.tif,img_9.tif,2624,2240,256,256
img_9_patch_1933.tif,img_9_patch_1933_mask.tif,img_9.tif,2688,2240,256,256
img_9_patch_1934.tif,img_9_patch_1934_mask.tif,img_9.tif,2752,2240,256,256
img_9_patch_1935.tif,img_9_patch_1935_mask.tif,img_9.tif,2816,2240,256,256
img_9_patch_1936.tif,img_9_patch_1936_mask.tif,img_9.tif,2880,2240,256,256
img_9_patch_1937.tif,img_9_patch_1937_mask.tif,img_9.tif,2944,2240,256,256
img_9_patch_1938.tif,img_9_patch_1938_mask.tif,img_9.tif,3008,2240,256,256
img_9_patch_1939.tif,img_9_patch_1939_mask.tif,img_9.tif,3072,2240,256,256
img_9_patch_1940.tif,img_9_patch_1940_mask.tif,img_9.tif,3136,2240,256,256
img_9_patch_1941.tif,img_9_patch_1941_mask.tif,img_9.tif,3200,2240,256,256
img_9_patch_1942.tif,img_9_patch_1942_mask.tif,img_9.tif,3264,2240,256,256
img_9_patch_1943.tif,img_9_patch_1943_mask.tif,img_9.tif,3328,2240,256,256
img_9_patch_1944.tif,img_9_patch_1944_mask.tif,img_9.tif,3348,2240,256,256
img_9_patch_1945.tif,img_9_patch_1945_mask.tif,img_9.tif,0,2304,256,256
img_9_patch_1946.tif,img_9_patch_1946_mask.tif,img_9.tif,64,2304,256,256
img_9_patch_1947.tif,img_9_patch_1947_mask.tif,img_9.tif,128,2304,256,256
img_9_patch_1948.tif,img_9_patch_1948_mask.tif,img_9.tif,192,2304,256,256
img_9_patch_1949.tif,img_9_patch_1949_mask.tif,img_9.tif,256,2304,256,256
img_9_patch_1950.tif,img_9_patch_1950_mask.tif,img_9.tif,320,2304,256,256
img_9_patch_1951.tif,img_9_patch_1951_mask.tif,img_9.tif,384,2304,256,256
img_9_patch_1952.tif,img_9_patch_1952_mask.tif,img_9.tif,448,2304,256,256
img_9_patch_1953.tif,img_9_patch_1953_mask.tif,img_9.tif,512,2304,256,256
img_9_patch_1954.tif,img_9_patch_1954_mask.tif,img_9.tif,576,2304,256,256
img_9_patch_1955.tif,img_9_patch_1955_mask.tif,img_9.tif,640,2304,256,256
img_9_patch_1956.tif,img_9_patch_1956_mask.tif,img_9.tif,704,2304,256,256
img_9_patch_1957.tif,img_9_patch_1957_mask.tif,img_9.tif,768,2304,256,256
img_9_patch_1958.tif,img_9_patch_1958_mask.tif,img_9.tif,832,2304,256,256
img_9_patch_1959.tif,img_9_patch_1959_mask.tif,img_9.tif,896,2304,256,256
img_9_patch_1960.tif,img_9_patch_1960_mask.tif,img_9.tif,960,2304,256,256
img_9_patch_1961.tif,img_9_patch_1961_mask.tif,img_9.tif,1024,2304,256,256
img_9_patch_1962.tif,img_9_patch_1962_mask.tif,img_9.tif,1088,2304,256,256
img_9_patch_1963.tif,img_9_patch_1963_mask.tif,img_9.tif,1152,2304,256,256
img_9_patch_1964.tif,img_9_patch_1964_mask.tif,img_9.tif,1216,2304,256,256
img_9_patch_1965.tif,img_9_patch_1965_mask.tif,img_9.tif,1280,2304,256,256
img_9_patch_1966.tif,img_9_patch_1966_mask.tif,img_9.tif,1344,2304,256,256
img_9_patch_1967.tif,img_9_patch_1967_mask.tif,img_9.tif,1408,2304,256,256
img_9_patch_1968.tif,img_9_patch_1968_mask.tif,img_9.tif,1472,2304,256,256
img_9_patch_1969.tif,img_9_patch_1969_mask.tif,img_9.tif,1536,2304,256,256
img_9_patch_1970.tif,img_9_patch_1970_mask.tif,img_9.tif,1600,2304,256,256
img_9_patch_1971.tif,img_9_patch_1971_mask.tif,img_9.tif,1664,2304,256,256
img_9_patch_1972.tif,img_9_patch_1972_mask.tif,img_9.tif,1728,2304,256,256
img_9_patch_1973.tif,img_9_patch_1973_mask.tif,img_9.tif,1792,2304,256,256
img_9_patch_1974.tif,img_9_patch_1974_mask.tif,img_9.tif,1856,2304,256,256
img_9_patch_1975.tif,img_9_patch_1975_mask.tif,img_9.tif,1920,2304,256,256
img_9_patch_1976.tif,img_9_patch_1976_mask.tif,img_9.tif,1984,2304,256,256
img_9_patch_1977.tif,img_9_patch_1977_mask.tif,img_9.tif,2048,2304,256,256
img_9_patch_1978.tif,img_9_patch_1978_mask.tif,img_9.tif,2112,2304,256,256
img_9_patch_1979.tif,img_9_patch_1979_mask.tif,img_9.tif,2176,2304,256,256
img_9_patch_1980.tif,img_9_patch_1980_mask.tif,img_9.tif,2240,2304,256,256
img_9_patch_1981.tif,img_9_patch_1981_mask.tif,img_9.tif,2304,2304,256,256
img_9_patch_1982.tif,img_9_patch_1982_mask.tif,img_9.tif,2368,2304,256,256
img_9_patch_1983.tif,img_9_patch_1983_mask.tif,img_9.tif,2432,2304,256,256
img_9_patch_1984.tif,img_9_patch_1984_mask.tif,img_9.tif,2496,2304,256,256
img_9_patch_1985.tif,img_9_patch_1985_mask.tif,img_9.tif,2560,2304,256,256
img_9_patch_1986.tif,img_9_patch_1986_mask.tif,img_9.tif,2624,2304,256,256
img_9_patch_1987.tif,img_9_patch_1987_mask.tif,img_9.tif,2688,2304,256,256
img_9_patch_1988.tif,img_9_patch_1988_mask.tif,img_9.tif,2752,2304,256,256
img_9_patch_1989.tif,img_9_patch_1989_mask.tif,img_9.tif,2816,2304,256,256
img_9_patch_1990.tif,img_9_patch_1990_mask.tif,img_9.tif,2880,2304,256,256
img_9_patch_1991.tif,img_9_patch_1991_mask.tif,img_9.tif,2944,2304,256,256
img_9_patch_1992.tif,img_9_patch_1992_mask.tif,img_9.tif,3008,2304,256,256
img_9_patch_1993.tif,img_9_patch_1993_mask.tif,img_9.tif,3072,2304,256,256
img_9_patch_1994.tif,img_9_patch_1994_mask.tif,img_9.tif,3136,2304,256,256
img_9_patch_1995.tif,img_9_patch_1995_mask.tif,img_9.tif,3200,2304,256,256
img_9_patch_1996.tif,img_9_patch_1996_mask.tif,img_9.tif,3264,2304,256,256
img_9_patch_1997.tif,img_9_patch_1997_mask.tif,img_9.tif,3328,2304,256,256
img_9_patch_1998.tif,img_9_patch_1998_mask.tif,img_9.tif,3348,2304,256,256
img_9_patch_1999.tif,img_9_patch_1999_mask.tif,img_9.tif,0,2368,256,256
img_9_patch_2000.tif,img_9_patch_2000_mask.tif,img_9.tif,64,2368,256,256
img_9_patch_2001.tif,img_9_patch_2001_mask.tif,img_9.tif,128,2368,256,256
img_9_patch_2002.tif,img_9_patch_2002_mask.tif,img_9.tif,192,2368,256,256
img_9_patch_2003.tif,img_9_patch_2003_mask.tif,img_9.tif,256,2368,256,256
img_9_patch_2004.tif,img_9_patch_2004_mask.tif,img_9.tif,320,2368,256,256
img_9_patch_2005.tif,img_9_patch_2005_mask.tif,img_9.tif,384,2368,256,256
img_9_patch_2006.tif,img_9_patch_2006_mask.tif,img_9.tif,448,2368,256,256
img_9_patch_2007.tif,img_9_patch_2007_mask.tif,img_9.tif,512,2368,256,256
img_9_patch_2008.tif,img_9_patch_2008_mask.tif,img_9.tif,576,2368,256,256
img_9_patch_2009.tif,img_9_patch_2009_mask.tif,img_9.tif,640,2368,256,256
img_9_patch_2010.tif,img_9_patch_2010_mask.tif,img_9.tif,704,2368,256,256
img_9_patch_2011.tif,img_9_patch_2011_mask.tif,img_9.tif,768,2368,256,256
img_9_patch_2012.tif,img_9_patch_2012_mask.tif,img_9.tif,832,2368,256,256
img_9_patch_2013.tif,img_9_patch_2013_mask.tif,img_9.tif,896,2368,256,256
img_9_patch_2014.tif,img_9_patch_2014_mask.tif,img_9.tif,960,2368,256,256
img_9_patch_2015.tif,img_9_patch_2015_mask.tif,img_9.tif,1024,2368,256,256
img_9_patch_2016.tif,img_9_patch_2016_mask.tif,img_9.tif,1088,2368,256,256
img_9_patch_2017.tif,img_9_patch_2017_mask.tif,img_9.tif,1152,2368,256,256
img_9_patch_2018.tif,img_9_patch_2018_mask.tif,img_9.tif,1216,2368,256,256
img_9_patch_2019.tif,img_9_patch_2019_mask.tif,img_9.tif,1280,2368,256,256
img_9_patch_2020.tif,img_9_patch_2020_mask.tif,img_9.tif,1344,2368,256,256
img_9_patch_2021.tif,img_9_patch_2021_mask.tif,img_9.tif,1408,2368,256,256
img_9_patch_2022.tif,img_9_patch_2022_mask.tif,img_9.tif,1472,2368,256,256
img_9_patch_2023.tif,img_9_patch_2023_mask.tif,img_9.tif,1536,2368,256,256
img_9_patch_2024.tif,img_9_patch_2024_mask.tif,img_9.tif,1600,2368,256,256
img_9_patch_2025.tif,img_9_patch_2025_mask.tif,img_9.tif,1664,2368,256,256
img_9_patch_2026.tif,img_9_patch_2026_mask.tif,img_9.tif,1728,2368,256,256
img_9_patch_2027.tif,img_9_patch_2027_mask.tif,img_9.tif,1792,2368,256,256
img_9_patch_2028.tif,img_9_patch_2028_mask.tif,img_9.tif,1856,2368,256,256
img_9_patch_2029.tif,img_9_patch_2029_mask.tif,img_9.tif,1920,2368,256,256
img_9_patch_2030.tif,img_9_patch_2030_mask.tif,img_9.tif,1984,2368,256,256
img_9_patch_2031.tif,img_9_patch_2031_mask.tif,img_9.tif,2048,2368,256,256
img_9_patch_2032.tif,img_9_patch_2032_mask.tif,img_9.tif,2112,2368,256,256
img_9_patch_2033.tif,img_9_patch_2033_mask.tif,img_9.tif,2176,2368,256,256
img_9_patch_2034.tif,img_9_patch_2034_mask.tif,img_9.tif,2240,2368,256,256
img_9_patch_2035.tif,img_9_patch_2035_mask.tif,img_9.tif,2304,2368,256,256
img_9_patch_2036.tif,img_9_patch_2036_mask.tif,img_9.tif,2368,2368,256,256
img_9_patch_2037.tif,img_9_patch_2037_mask.tif,img_9.tif,2432,2368,256,256
img_9_patch_2038.tif,img_9_patch_2038_mask.tif,img_9.tif,2496,2368,256,256
img_9_patch_2039.tif,img_9_patch_2039_mask.tif,img_9.tif,2560,2368,256,256
img_9_patch_2040.tif,img_9_patch_2040_mask.tif,img_9.tif,2624,2368,256,256
img_9_patch_2041.tif,img_9_patch_2041_mask.tif,img_9.tif,2688,2368,256,256
img_9_patch_2042.tif,img_9_patch_2042_mask.tif,img_9.tif,2752,2368,256,256
img_9_patch_2043.tif,img_9_patch_2043_mask.tif,img_9.tif,2816,2368,256,256
img_9_patch_2044.tif,img_9_patch_2044_mask.tif,img_9.tif,2880,2368,256,256
img_9_patch_2045.tif,img_9_patch_2045_mask.tif,img_9.tif,2944,2368,256,256
img_9_patch_2046.tif,img_9_patch_2046_mask.tif,img_9.tif,3008,2368,256,256
img_9_patch_2047.tif,img_9_patch_2047_mask.tif,img_9.tif,3072,2368,256,256
img_9_patch_2048.tif,img_9_patch_2048_mask.tif,img_9.tif,3136,2368,256,256
img_9_patch_2049.tif,img_9_patch_2049_mask.tif,img_9.tif,3200,2368,256,256
img_9_patch_2050.tif,img_9_patch_2050_mask.tif,img_9.tif,3264,2368,256,256
img_9_patch_2051.tif,img_9_patch_2051_mask.tif,img_9.tif,3328,2368,256,256
img_9_patch_2052.tif,img_9_patch_2052_mask.tif,img_9.tif,3348,2368,256,256
img_9_patch_2053.tif,img_9_patch_2053_mask.tif,img_9.tif,0,2432,256,256
img_9_patch_2054.tif,img_9_patch_2054_mask.tif,img_9.tif,64,2432,256,256
img_9_patch_2055.tif,img_9_patch_2055_mask.tif,img_9.tif,128,2432,256,256
img_9_patch_2056.tif,img_9_patch_2056_mask.tif,img_9.tif,192,2432,256,256
img_9_patch_2057.tif,img_9_patch_2057_mask.tif,img_9.tif,256,2432,256,256
img_9_patch_2058.tif,img_9_patch_2058_mask.tif,img_9.tif,320,2432,256,256
img_9_patch_2059.tif,img_9_patch_2059_mask.tif,img_9.tif,384,2432,256,256
img_9_patch_2060.tif,img_9_patch_2060_mask.tif,img_9.tif,448,2432,256,256
img_9_patch_2061.tif,img_9_patch_2061_mask.tif,img_9.tif,512,2432,256,256
img_9_patch_2062.tif,img_9_patch_2062_mask.tif,img_9.tif,576,2432,256,256
img_9_patch_2063.tif,img_9_patch_2063_mask.tif,img_9.tif,640,2432,256,256
img_9_patch_2064.tif,img_9_patch_2064_mask.tif,img_9.tif,704,2432,256,256
img_9_patch_2065.tif,img_9_patch_2065_mask.tif,img_9.tif,768,2432,256,256
img_9_patch_2066.tif,img_9_patch_2066_mask.tif,img_9.tif,832,2432,256,256
img_9_patch_2067.tif,img_9_patch_2067_mask.tif,img_9.tif,896,2432,256,256
img_9_patch_2068.tif,img_9_patch_2068_mask.tif,img_9.tif,960,2432,256,256
img_9_patch_2069.tif,img_9_patch_2069_mask.tif,img_9.tif,1024,2432,256,256
img_9_patch_2070.tif,img_9_patch_2070_mask.tif,img_9.tif,1088,2432,256,256
img_9_patch_2071.tif,img_9_patch_2071_mask.tif,img_9.tif,1152,2432,256,256
img_9_patch_2072.tif,img_9_patch_2072_mask.tif,img_9.tif,1216,2432,256,256
img_9_patch_2073.tif,img_9_patch_2073_mask.tif,img_9.tif,1280,2432,256,256
img_9_patch_2074.tif,img_9_patch_2074_mask.tif,img_9.tif,1344,2432,256,256
img_9_patch_2075.tif,img_9_patch_2075_mask.tif,img_9.tif,1408,2432,256,256
img_9_patch_2076.tif,img_9_patch_2076_mask.tif,img_9.tif,1472,2432,256,256
img_9_patch_2077.tif,img_9_patch_2077_mask.tif,img_9.tif,1536,2432,256,256
img_9_patch_2078.tif,img_9_patch_2078_mask.tif,img_9.tif,1600,2432,256,256
img_9_patch_2079.tif,img_9_patch_2079_mask.tif,img_9.tif,1664,2432,256,256
img_9_patch_2080.tif,img_9_patch_2080_mask.tif,img_9.tif,1728,2432,256,256
img_9_patch_2081.tif,img_9_patch_2081_mask.tif,img_9.tif,1792,2432,256,256
img_9_patch_2082.tif,img_9_patch_2082_mask.tif,img_9.tif,1856,2432,256,256
img_9_patch_2083.tif,img_9_patch_2083_mask.tif,img_9.tif,1920,2432,256,256
img_9_patch_2084.tif,img_9_patch_2084_mask.tif,img_9.tif,1984,2432,256,256
img_9_patch_2085.tif,img_9_patch_2085_mask.tif,img_9.tif,2048,2432,256,256
img_9_patch_2086.tif,img_9_patch_2086_mask.tif,img_9.tif,2112,2432,256,256
img_9_patch_2087.tif,img_9_patch_2087_mask.tif,img_9.tif,2176,2432,256,256
img_9_patch_2088.tif,img_9_patch_2088_mask.tif,img_9.tif,2240,2432,256,256
img_9_patch_2089.tif,img_9_patch_2089_mask.tif,img_9.tif,2304,2432,256,256
img_9_patch_2090.tif,img_9_patch_2090_mask.tif,img_9.tif,2368,2432,256,256
img_9_patch_2091.tif,img_9_patch_2091_mask.tif,img_9.tif,2432,2432,256,256
img_9_patch_2092.tif,img_9_patch_2092_mask.tif,img_9.tif,2496,2432,256,256
img_9_patch_2093.tif,img_9_patch_2093_mask.tif,img_9.tif,2560,2432,256,256
img_9_patch_2094.tif,img_9_patch_2094_mask.tif,img_9.tif,2624,2432,256,256
img_9_patch_2095.tif,img_9_patch_2095_mask.tif,img_9.tif,2688,2432,256,256
img_9_patch_2096.tif,img_9_patch_2096_mask.tif,img_9.tif,2752,2432,256,256
img_9_patch_2097.tif,img_9_patch_2097_mask.tif,img_9.tif,2816,2432,256,256
img_9_patch_2098.tif,img_9_patch_2098_mask.tif,img_9.tif,2880,2432,256,256
img_9_patch_2099.tif,img_9_patch_2099_mask.tif,img_9.tif,2944,2432,256,256
img_9_patch_2100.tif,img_9_patch_2100_mask.tif,img_9.tif,3008,2432,256,256
img_9_patch_2101.tif,img_9_patch_2101_mask.tif,img_9.tif,3072,2432,256,256
img_9_patch_2102.tif,img_9_patch_2102_mask.tif,img_9.tif,3136,2432,256,256
img_9_patch_2103.tif,img_9_patch_2103_mask.tif,img_9.tif,3200,2432,256,256
img_9_patch_2104.tif,img_9_patch_2104_mask.tif,img_9.tif,3264,2432,256,256
img_9_patch_2105.tif,img_9_patch_2105_mask.tif,img_9.tif,3328,2432,256,256
img_9_patch_2106.tif,img_9_patch_2106_mask.tif,img_9.tif,3348,2432,256,256
img_9_patch_2107.tif,img_9_patch_2107_mask.tif,img_9.tif,0,2496,256,256
img_9_patch_2108.tif,img_9_patch_2108_mask.tif,img_9.tif,64,2496,256,256
img_9_patch_2109.tif,img_9_patch_2109_mask.tif,img_9.tif,128,2496,256,256
img_9_patch_2110.tif,img_9_patch_2110_mask.tif,img_9.tif,192,2496,256,256
img_9_patch_2111.tif,img_9_patch_2111_mask.tif,img_9.tif,256,2496,256,256
img_9_patch_2112.tif,img_9_patch_2112_mask.tif,img_9.tif,320,2496,256,256
img_9_patch_2113.tif,img_9_patch_2113_mask.tif,img_9.tif,384,2496,256,256
img_9_patch_2114.tif,img_9_patch_2114_mask.tif,img_9.tif,448,2496,256,256
img_9_patch_2115.tif,img_9_patch_2115_mask.tif,img_9.tif,512,2496,256,256
img_9_patch_2116.tif,img_9_patch_2116_mask.tif,img_9.tif,576,2496,256,256
img_9_patch_2117.tif,img_9_patch_2117_mask.tif,img_9.tif,640,2496,256,256
img_9_patch_2118.tif,img_9_patch_2118_mask.tif,img_9.tif,704,2496,256,256
img_9_patch_2119.tif,img_9_patch_2119_mask.tif,img_9.tif,768,2496,256,256
img_9_patch_2120.tif,img_9_patch_2120_mask.tif,img_9.tif,832,2496,256,256
img_9_patch_2121.tif,img_9_patch_2121_mask.tif,img_9.tif,896,2496,256,256
img_9_patch_2122.tif,img_9_patch_2122_mask.tif,img_9.tif,960,2496,256,256
img_9_patch_2123.tif,img_9_patch_2123_mask.tif,img_9.tif,1024,2496,256,256
img_9_patch_2124.tif,img_9_patch_2124_mask.tif,img_9.tif,1088,2496,256,256
img_9_patch_2125.tif,img_9_patch_2125_mask.tif,img_9.tif,1152,2496,256,256
img_9_patch_2126.tif,img_9_patch_2126_mask.tif,img_9.tif,1216,2496,256,256
img_9_patch_2127.tif,img_9_patch_2127_mask.tif,img_9.tif,1280,2496,256,256
img_9_patch_2128.tif,img_9_patch_2128_mask.tif,img_9.tif,1344,2496,256,256
img_9_patch_2129.tif,img_9_patch_2129_mask.tif,img_9.tif,1408,2496,256,256
img_9_patch_2130.tif,img_9_patch_2130_mask.tif,img_9.tif,1472,2496,256,256
img_9_patch_2131.tif,img_9_patch_2131_mask.tif,img_9.tif,1536,2496,256,256
img_9_patch_2132.tif,img_9_patch_2132_mask.tif,img_9.tif,1600,2496,256,256
img_9_patch_2133.tif,img_9_patch_2133_mask.tif,img_9.tif,1664,2496,256,256
img_9_patch_2134.tif,img_9_patch_2134_mask.tif,img_9.tif,1728,2496,256,256
img_9_patch_2135.tif,img_9_patch_2135_mask.tif,img_9.tif,1792,2496,256,256
img_9_patch_2136.tif,img_9_patch_2136_mask.tif,img_9.tif,1856,2496,256,256
img_9_patch_2137.tif,img_9_patch_2137_mask.tif,img_9.tif,1920,2496,256,256
img_9_patch_2138.tif,img_9_patch_2138_mask.tif,img_9.tif,1984,2496,256,256
img_9_patch_2139.tif,img_9_patch_2139_mask.tif,img_9.tif,2048,2496,256,256
img_9_patch_2140.tif,img_9_patch_2140_mask.tif,img_9.tif,2112,2496,256,256
img_9_patch_2141.tif,img_9_patch_2141_mask.tif,img_9.tif,2176,2496,256,256
img_9_patch_2142.tif,img_9_patch_2142_mask.tif,img_9.tif,2240,2496,256,256
img_9_patch_2143.tif,img_9_patch_2143_mask.tif,img_9.tif,2304,2496,256,256
img_9_patch_2144.tif,img_9_patch_2144_mask.tif,img_9.tif,2368,2496,256,256
img_9_patch_2145.tif,img_9_patch_2145_mask.tif,img_9.tif,2432,2496,256,256
img_9_patch_2146.tif,img_9_patch_2146_mask.tif,img_9.tif,2496,2496,256,256
img_9_patch_2147.tif,img_9_patch_2147_mask.tif,img_9.tif,2560,2496,256,256
img_9_patch_2148.tif,img_9_patch_2148_mask.tif,img_9.tif,2624,2496,256,256
img_9_patch_2149.tif,img_9_patch_2149_mask.tif,img_9.tif,2688,2496,256,256
img_9_patch_2150.tif,img_9_patch_2150_mask.tif,img_9.tif,2752,2496,256,256
img_9_patch_2151.tif,img_9_patch_2151_mask.tif,img_9.tif,2816,2496,256,256
img_9_patch_2152.tif,img_9_patch_2152_mask.tif,img_9.tif,2880,2496,256,256
img_9_patch_2153.tif,img_9_patch_2153_mask.tif,img_9.tif,2944,2496,256,256
img_9_patch_2154.tif,img_9_patch_2154_mask.tif,img_9.tif,3008,2496,256,256
img_9_patch_2155.tif,img_9_patch_2155_mask.tif,img_9.tif,3072,2496,256,256
img_9_patch_2156.tif,img_9_patch_2156_mask.tif,img_9.tif,3136,2496,256,256
img_9_patch_2157.tif,img_9_patch_2157_mask.tif,img_9.tif,3200,2496,256,256
img_9_patch_2158.tif,img_9_patch_2158_mask.tif,img_9.tif,3264,2496,256,256
img_9_patch_2159.tif,img_9_patch_2159_mask.tif,img_9.tif,3328,2496,256,256
img_9_patch_2160.tif,img_9_patch_2160_mask.tif,img_9.tif,3348,2496,256,256
img_9_patch_2161.tif,img_9_patch_2161_mask.tif,img_9.tif,0,2560,256,256
img_9_patch_2162.tif,img_9_patch_2162_mask.tif,img_9.tif,64,2560,256,256
img_9_patch_2163.tif,img_9_patch_2163_mask.tif,img_9.tif,128,2560,256,256
img_9_patch_2164.tif,img_9_patch_2164_mask.tif,img_9.tif,192,2560,256,256
img_9_patch_2165.tif,img_9_patch_2165_mask.tif,img_9.tif,256,2560,256,256
img_9_patch_2166.tif,img_9_patch_2166_mask.tif,img_9.tif,320,2560,256,256
img_9_patch_2167.tif,img_9_patch_2167_mask.tif,img_9.tif,384,2560,256,256
img_9_patch_2168.tif,img_9_patch_2168_mask.tif,img_9.tif,448,2560,256,256
img_9_patch_2169.tif,img_9_patch_2169_mask.tif,img_9.tif,512,2560,256,256
img_9_patch_2170.tif,img_9_patch_2170_mask.tif,img_9.tif,576,2560,256,256
img_9_patch_2171.tif,img_9_patch_2171_mask.tif,img_9.tif,640,2560,256,256
img_9_patch_2172.tif,img_9_patch_2172_mask.tif,img_9.tif,704,2560,256,256
img_9_patch_2173.tif,img_9_patch_2173_mask.tif,img_9.tif,768,2560,256,256
img_9_patch_2174.tif,img_9_patch_2174_mask.tif,img_9.tif,832,2560,256,256
img_9_patch_2175.tif,img_9_patch_2175_mask.tif,img_9.tif,896,2560,256,256
img_9_patch_2176.tif,img_9_patch_2176_mask.tif,img_9.tif,960,2560,256,256
img_9_patch_2177.tif,img_9_patch_2177_mask.tif,img_9.tif,1024,2560,256,256
img_9_patch_2178.tif,img_9_patch_2178_mask.tif,img_9.tif,1088,2560,256,256
img_9_patch_2179.tif,img_9_patch_2179_mask.tif,img_9.tif,1152,2560,256,256
img_9_patch_2180.tif,img_9_patch_2180_mask.tif,img_9.tif,1216,2560,256,256
img_9_patch_2181.tif,img_9_patch_2181_mask.tif,img_9.tif,1280,2560,256,256
img_9_patch_2182.tif,img_9_patch_2182_mask.tif,img_9.tif,1344,2560,256,256
img_9_patch_2183.tif,img_9_patch_2183_mask.tif,img_9.tif,1408,2560,256,256
img_9_patch_2184.tif,img_9_patch_2184_mask.tif,img_9.tif,1472,2560,256,256
img_9_patch_2185.tif,img_9_patch_2185_mask.tif,img_9.tif,1536,2560,256,256
img_9_patch_2186.tif,img_9_patch_2186_mask.tif,img_9.tif,1600,2560,256,256
img_9_patch_2187.tif,img_9_patch_2187_mask.tif,img_9.tif,1664,2560,256,256
img_9_patch_2188.tif,img_9_patch_2188_mask.tif,img_9.tif,1728,2560,256,256
img_9_patch_2189.tif,img_9_patch_2189_mask.tif,img_9.tif,1792,2560,256,256
img_9_patch_2190.tif,img_9_patch_2190_mask.tif,img_9.tif,1856,2560,256,256
img_9_patch_2191.tif,img_9_patch_2191_mask.tif,img_9.tif,1920,2560,256,256
img_9_patch_2192.tif,img_9_patch_2192_mask.tif,img_9.tif,1984,2560,256,256
img_9_patch_2193.tif,img_9_patch_2193_mask.tif,img_9.tif,2048,2560,256,256
img_9_patch_2194.tif,img_9_patch_2194_mask.tif,img_9.tif,2112,2560,256,256
img_9_patch_2195.tif,img_9_patch_2195_mask.tif,img_9.tif,2176,2560,256,256
img_9_patch_2196.tif,img_9_patch_2196_mask.tif,img_9.tif,2240,2560,256,256
img_9_patch_2197.tif,img_9_patch_2197_mask.tif,img_9.tif,2304,2560,256,256
img_9_patch_2198.tif,img_9_patch_2198_mask.tif,img_9.tif,2368,2560,256,256
img_9_patch_2199.tif,img_9_patch_2199_mask.tif,img_9.tif,2432,2560,256,256
img_9_patch_2200.tif,img_9_patch_2200_mask.tif,img_9.tif,2496,2560,256,256
img_9_patch_2201.tif,img_9_patch_2201_mask.tif,img_9.tif,2560,2560,256,256
img_9_patch_2202.tif,img_9_patch_2202_mask.tif,img_9.tif,2624,2560,256,256
img_9_patch_2203.tif,img_9_patch_2203_mask.tif,img_9.tif,2688,2560,256,256
img_9_patch_2204.tif,img_9_patch_2204_mask.tif,img_9.tif,2752,2560,256,256
img_9_patch_2205.tif,img_9_patch_2205_mask.tif,img_9.tif,2816,2560,256,256
img_9_patch_2206.tif,img_9_patch_2206_mask.tif,img_9.tif,2880,2560,256,256
img_9_patch_2207.tif,img_9_patch_2207_mask.tif,img_9.tif,2944,2560,256,256
img_9_patch_2208.tif,img_9_patch_2208_mask.tif,img_9.tif,3008,2560,256,256
img_9_patch_2209.tif,img_9_patch_2209_mask.tif,img_9.tif,3072,2560,256,256
img_9_patch_2210.tif,img_9_patch_2210_mask.tif,img_9.tif,3136,2560,256,256
img_9_patch_2211.tif,img_9_patch_2211_mask.tif,img_9.tif,3200,2560,256,256
img_9_patch_2212.tif,img_9_patch_2212_mask.tif,img_9.tif,3264,2560,256,256
img_9_patch_2213.tif,img_9_patch_2213_mask.tif,img_9.tif,3328,2560,256,256
img_9_patch_2214.tif,img_9_patch_2214_mask.tif,img_9.tif,3348,2560,256,256
img_9_patch_2215.tif,img_9_patch_2215_mask.tif,img_9.tif,0,2624,256,256
img_9_patch_2216.tif,img_9_patch_2216_mask.tif,img_9.tif,64,2624,256,256
img_9_patch_2217.tif,img_9_patch_2217_mask.tif,img_9.tif,128,2624,256,256
img_9_patch_2218.tif,img_9_patch_2218_mask.tif,img_9.tif,192,2624,256,256
img_9_patch_2219.tif,img_9_patch_2219_mask.tif,img_9.tif,256,2624,256,256
img_9_patch_2220.tif,img_9_patch_2220_mask.tif,img_9.tif,320,2624,256,256
img_9_patch_2221.tif,img_9_patch_2221_mask.tif,img_9.tif,384,2624,256,256
img_9_patch_2222.tif,img_9_patch_2222_mask.tif,img_9.tif,448,2624,256,256
img_9_patch_2223.tif,img_9_patch_2223_mask.tif,img_9.tif,512,2624,256,256
img_9_patch_2224.tif,img_9_patch_2224_mask.tif,img_9.tif,576,2624,256,256
img_9_patch_2225.tif,img_9_patch_2225_mask.tif,img_9.tif,640,2624,256,256
img_9_patch_2226.tif,img_9_patch_2226_mask.tif,img_9.tif,704,2624,256,256
img_9_patch_2227.tif,img_9_patch_2227_mask.tif,img_9.tif,768,2624,256,256
img_9_patch_2228.tif,img_9_patch_2228_mask.tif,img_9.tif,832,2624,256,256
img_9_patch_2229.tif,img_9_patch_2229_mask.tif,img_9.tif,896,2624,256,256
img_9_patch_2230.tif,img_9_patch_2230_mask.tif,img_9.tif,960,2624,256,256
img_9_patch_2231.tif,img_9_patch_2231_mask.tif,img_9.tif,1024,2624,256,256
img_9_patch_2232.tif,img_9_patch_2232_mask.tif,img_9.tif,1088,2624,256,256
img_9_patch_2233.tif,img_9_patch_2233_mask.tif,img_9.tif,1152,2624,256,256
img_9_patch_2234.tif,img_9_patch_2234_mask.tif,img_9.tif,1216,2624,256,256
img_9_patch_2235.tif,img_9_patch_2235_mask.tif,img_9.tif,1280,2624,256,256
img_9_patch_2236.tif,img_9_patch_2236_mask.tif,img_9.tif,1344,2624,256,256
img_9_patch_2237.tif,img_9_patch_2237_mask.tif,img_9.tif,1408,2624,256,256
img_9_patch_2238.tif,img_9_patch_2238_mask.tif,img_9.tif,1472,2624,256,256
img_9_patch_2239.tif,img_9_patch_2239_mask.tif,img_9.tif,1536,2624,256,256
img_9_patch_2240.tif,img_9_patch_2240_mask.tif,img_9.tif,1600,2624,256,256
img_9_patch_2241.tif,img_9_patch_2241_mask.tif,img_9.tif,1664,2624,256,256
img_9_patch_2242.tif,img_9_patch_2242_mask.tif,img_9.tif,1728,2624,256,256
img_9_patch_2243.tif,img_9_patch_2243_mask.tif,img_9.tif,1792,2624,256,256
img_9_patch_2244.tif,img_9_patch_2244_mask.tif,img_9.tif,1856,2624,256,256
img_9_patch_2245.tif,img_9_patch_2245_mask.tif,img_9.tif,1920,2624,256,256
img_9_patch_2246.tif,img_9_patch_2246_mask.tif,img_9.tif,1984,2624,256,256
img_9_patch_2247.tif,img_9_patch_2247_mask.tif,img_9.tif,2048,2624,256,256
img_9_patch_2248.tif,img_9_patch_2248_mask.tif,img_9.tif,2112,2624,256,256
img_9_patch_2249.tif,img_9_patch_2249_mask.tif,img_9.tif,2176,2624,256,256
img_9_patch_2250.tif,img_9_patch_2250_mask.tif,img_9.tif,2240,2624,256,256
img_9_patch_2251.tif,img_9_patch_2251_mask.tif,img_9.tif,2304,2624,256,256
img_9_patch_2252.tif,img_9_patch_2252_mask.tif,img_9.tif,2368,2624,256,256
img_9_patch_2253.tif,img_9_patch_2253_mask.tif,img_9.tif,2432,2624,256,256
img_9_patch_2254.tif,img_9_patch_2254_mask.tif,img_9.tif,2496,2624,256,256
img_9_patch_2255.tif,img_9_patch_2255_mask.tif,img_9.tif,2560,2624,256,256
img_9_patch_2256.tif,img_9_patch_2256_mask.tif,img_9.tif,2624,2624,256,256
img_9_patch_2257.tif,img_9_patch_2257_mask.tif,img_9.tif,2688,2624,256,256
img_9_patch_2258.tif,img_9_patch_2258_mask.tif,img_9.tif,2752,2624,256,256
img_9_patch_2259.tif,img_9_patch_2259_mask.tif,img_9.tif,2816,2624,256,256
img_9_patch_2260.tif,img_9_patch_2260_mask.tif,img_9.tif,2880,2624,256,256
img_9_patch_2261.tif,img_9_patch_2261_mask.tif,img_9.tif,2944,2624,256,256
img_9_patch_2262.tif,img_9_patch_2262_mask.tif,img_9.tif,3008,2624,256,256
img_9_patch_2263.tif,img_9_patch_2263_mask.tif,img_9.tif,3072,2624,256,256
img_9_patch_2264.tif,img_9_patch_2264_mask.tif,img_9.tif,3136,2624,256,256
img_9_patch_2265.tif,img_9_patch_2265_mask.tif,img_9.tif,3200,2624,256,256
img_9_patch_2266.tif,img_9_patch_2266_mask.tif,img_9.tif,3264,2624,256,256
img_9_patch_2267.tif,img_9_patch_2267_mask.tif,img_9.tif,3328,2624,256,256
img_9_patch_2268.tif,img_9_patch_2268_mask.tif,img_9.tif,3348,2624,256,256
img_9_patch_2269.tif,img_9_patch_2269_mask.tif,img_9.tif,0,2688,256,256
img_9_patch_2270.tif,img_9_patch_2270_mask.tif,img_9.tif,64,2688,256,256
img_9_patch_2271.tif,img_9_patch_2271_mask.tif,img_9.tif,128,2688,256,256
img_9_patch_2272.tif,img_9_patch_2272_mask.tif,img_9.tif,192,2688,256,256
img_9_patch_2273.tif,img_9_patch_2273_mask.tif,img_9.tif,256,2688,256,256
img_9_patch_2274.tif,img_9_patch_2274_mask.tif,img_9.tif,320,2688,256,256
img_9_patch_2275.tif,img_9_patch_2275_mask.tif,img_9.tif,384,2688,256,256
img_9_patch_2276.tif,img_9_patch_2276_mask.tif,img_9.tif,448,2688,256,256
img_9_patch_2277.tif,img_9_patch_2277_mask.tif,img_9.tif,512,2688,256,256
img_9_patch_2278.tif,img_9_patch_2278_mask.tif,img_9.tif,576,2688,256,256
img_9_patch_2279.tif,img_9_patch_2279_mask.tif,img_9.tif,640,2688,256,256
img_9_patch_2280.tif,img_9_patch_2280_mask.tif,img_9.tif,704,2688,256,256
img_9_patch_2281.tif,img_9_patch_2281_mask.tif,img_9.tif,768,2688,256,256
img_9_patch_2282.tif,img_9_patch_2282_mask.tif,img_9.tif,832,2688,256,256
img_9_patch_2283.tif,img_9_patch_2283_mask.tif,img_9.tif,896,2688,256,256
img_9_patch_2284.tif,img_9_patch_2284_mask.tif,img_9.tif,960,2688,256,256
img_9_patch_2285.tif,img_9_patch_2285_mask.tif,img_9.tif,1024,2688,256,256
img_9_patch_2286.tif,img_9_patch_2286_mask.tif,img_9.tif,1088,2688,256,256
img_9_patch_2287.tif,img_9_patch_2287_mask.tif,img_9.tif,1152,2688,256,256
img_9_patch_2288.tif,img_9_patch_2288_mask.tif,img_9.tif,1216,2688,256,256
img_9_patch_2289.tif,img_9_patch_2289_mask.tif,img_9.tif,1280,2688,256,256
img_9_patch_2290.tif,img_9_patch_2290_mask.tif,img_9.tif,1344,2688,256,256
img_9_patch_2291.tif,img_9_patch_2291_mask.tif,img_9.tif,1408,2688,256,256
img_9_patch_2292.tif,img_9_patch_2292_mask.tif,img_9.tif,1472,2688,256,256
img_9_patch_2293.tif,img_9_patch_2293_mask.tif,img_9.tif,1536,2688,256,256
img_9_patch_2294.tif,img_9_patch_2294_mask.tif,img_9.tif,1600,2688,256,256
img_9_patch_2295.tif,img_9_patch_2295_mask.tif,img_9.tif,1664,2688,256,256
img_9_patch_2296.tif,img_9_patch_2296_mask.tif,img_9.tif,1728,2688,256,256
img_9_patch_2297.tif,img_9_patch_2297_mask.tif,img_9.tif,1792,2688,256,256
img_9_patch_2298.tif,img_9_patch_2298_mask.tif,img_9.tif,1856,2688,256,256
img_9_patch_2299.tif,img_9_patch_2299_mask.tif,img_9.tif,1920,2688,256,256
img_9_patch_2300.tif,img_9_patch_2300_mask.tif,img_9.tif,1984,2688,256,256
img_9_patch_2301.tif,img_9_patch_2301_mask.tif,img_9.tif,2048,2688,256,256
img_9_patch_2302.tif,img_9_patch_2302_mask.tif,img_9.tif,2112,2688,256,256
img_9_patch_2303.tif,img_9_patch_2303_mask.tif,img_9.tif,2176,2688,256,256
img_9_patch_2304.tif,img_9_patch_2304_mask.tif,img_9.tif,2240,2688,256,256
img_9_patch_2305.tif,img_9_patch_2305_mask.tif,img_9.tif,2304,2688,256,256
img_9_patch_2306.tif,img_9_patch_2306_mask.tif,img_9.tif,2368,2688,256,256
img_9_patch_2307.tif,img_9_patch_2307_mask.tif,img_9.tif,2432,2688,256,256
img_9_patch_2308.tif,img_9_patch_2308_mask.tif,img_9.tif,2496,2688,256,256
img_9_patch_2309.tif,img_9_patch_2309_mask.tif,img_9.tif,2560,2688,256,256
img_9_patch_2310.tif,img_9_patch_2310_mask.tif,img_9.tif,2624,2688,256,256
img_9_patch_2311.tif,img_9_patch_2311_mask.tif,img_9.tif,2688,2688,256,256
img_9_patch_2312.tif,img_9_patch_2312_mask.tif,img_9.tif,2752,2688,256,256
img_9_patch_2313.tif,img_9_patch_2313_mask.tif,img_9.tif,2816,2688,256,256
img_9_patch_2314.tif,img_9_patch_2314_mask.tif,img_9.tif,2880,2688,256,256
img_9_patch_2315.tif,img_9_patch_2315_mask.tif,img_9.tif,2944,2688,256,256
img_9_patch_2316.tif,img_9_patch_2316_mask.tif,img_9.tif,3008,2688,256,256
img_9_patch_2317.tif,img_9_patch_2317_mask.tif,img_9.tif,3072,2688,256,256
img_9_patch_2318.tif,img_9_patch_2318_mask.tif,img_9.tif,3136,2688,256,256
img_9_patch_2319.tif,img_9_patch_2319_mask.tif,img_9.tif,3200,2688,256,256
img_9_patch_2320.tif,img_9_patch_2320_mask.tif,img_9.tif,3264,2688,256,256
img_9_patch_2321.tif,img_9_patch_2321_mask.tif,img_9.tif,3328,2688,256,256
img_9_patch_2322.tif,img_9_patch_2322_mask.tif,img_9.tif,3348,2688,256,256
img_9_patch_2323.tif,img_9_patch_2323_mask.tif,img_9.tif,0,2752,256,256
img_9_patch_2324.tif,img_9_patch_2324_mask.tif,img_9.tif,64,2752,256,256
img_9_patch_2325.tif,img_9_patch_2325_mask.tif,img_9.tif,128,2752,256,256
img_9_patch_2326.tif,img_9_patch_2326_mask.tif,img_9.tif,192,2752,256,256
img_9_patch_2327.tif,img_9_patch_2327_mask.tif,img_9.tif,256,2752,256,256
img_9_patch_2328.tif,img_9_patch_2328_mask.tif,img_9.tif,320,2752,256,256
img_9_patch_2329.tif,img_9_patch_2329_mask.tif,img_9.tif,384,2752,256,256
img_9_patch_2330.tif,img_9_patch_2330_mask.tif,img_9.tif,448,2752,256,256
img_9_patch_2331.tif,img_9_patch_2331_mask.tif,img_9.tif,512,2752,256,256
img_9_patch_2332.tif,img_9_patch_2332_mask.tif,img_9.tif,576,2752,256,256
img_9_patch_2333.tif,img_9_patch_2333_mask.tif,img_9.tif,640,2752,256,256
img_9_patch_2334.tif,img_9_patch_2334_mask.tif,img_9.tif,704,2752,256,256
img_9_patch_2335.tif,img_9_patch_2335_mask.tif,img_9.tif,768,2752,256,256
img_9_patch_2336.tif,img_9_patch_2336_mask.tif,img_9.tif,832,2752,256,256
img_9_patch_2337.tif,img_9_patch_2337_mask.tif,img_9.tif,896,2752,256,256
img_9_patch_2338.tif,img_9_patch_2338_mask.tif,img_9.tif,960,2752,256,256
img_9_patch_2339.tif,img_9_patch_2339_mask.tif,img_9.tif,1024,2752,256,256
img_9_patch_2340.tif,img_9_patch_2340_mask.tif,img_9.tif,1088,2752,256,256
img_9_patch_2341.tif,img_9_patch_2341_mask.tif,img_9.tif,1152,2752,256,256
img_9_patch_2342.tif,img_9_patch_2342_mask.tif,img_9.tif,1216,2752,256,256
img_9_patch_2343.tif,img_9_patch_2343_mask.tif,img_9.tif,1280,2752,256,256
img_9_patch_2344.tif,img_9_patch_2344_mask.tif,img_9.tif,1344,2752,256,256
img_9_patch_2345.tif,img_9_patch_2345_mask.tif,img_9.tif,1408,2752,256,256
img_9_patch_2346.tif,img_9_patch_2346_mask.tif,img_9.tif,1472,2752,256,256
img_9_patch_2347.tif,img_9_patch_2347_mask.tif,img_9.tif,1536,2752,256,256
img_9_patch_2348.tif,img_9_patch_2348_mask.tif,img_9.tif,1600,2752,256,256
img_9_patch_2349.tif,img_9_patch_2349_mask.tif,img_9.tif,1664,2752,256,256
img_9_patch_2350.tif,img_9_patch_2350_mask.tif,img_9.tif,1728,2752,256,256
img_9_patch_2351.tif,img_9_patch_2351_mask.tif,img_9.tif,1792,2752,256,256
img_9_patch_2352.tif,img_9_patch_2352_mask.tif,img_9.tif,1856,2752,256,256
img_9_patch_2353.tif,img_9_patch_2353_mask.tif,img_9.tif,1920,2752,256,256
img_9_patch_2354.tif,img_9_patch_2354_mask.tif,img_9.tif,1984,2752,256,256
img_9_patch_2355.tif,img_9_patch_2355_mask.tif,img_9.tif,2048,2752,256,256
img_9_patch_2356.tif,img_9_patch_2356_mask.tif,img_9.tif,2112,2752,256,256
img_9_patch_2357.tif,img_9_patch_2357_mask.tif,img_9.tif,2176,2752,256,256
img_9_patch_2358.tif,img_9_patch_2358_mask.tif,img_9.tif,2240,2752,256,256
img_9_patch_2359.tif,img_9_patch_2359_mask.tif,img_9.tif,2304,2752,256,256
img_9_patch_2360.tif,img_9_patch_2360_mask.tif,img_9.tif,2368,2752,256,256
img_9_patch_2361.tif,img_9_patch_2361_mask.tif,img_9.tif,2432,2752,256,256
img_9_patch_2362.tif,img_9_patch_2362_mask.tif,img_9.tif,2496,2752,256,256
img_9_patch_2363.tif,img_9_patch_2363_mask.tif,img_9.tif,2560,2752,256,256
img_9_patch_2364.tif,img_9_patch_2364_mask.tif,img_9.tif,2624,2752,256,256
img_9_patch_2365.tif,img_9_patch_2365_mask.tif,img_9.tif,2688,2752,256,256
img_9_patch_2366.tif,img_9_patch_2366_mask.tif,img_9.tif,2752,2752,256,256
img_9_patch_2367.tif,img_9_patch_2367_mask.tif,img_9.tif,2816,2752,256,256
img_9_patch_2368.tif,img_9_patch_2368_mask.tif,img_9.tif,2880,2752,256,256
img_9_patch_2369.tif,img_9_patch_2369_mask.tif,img_9.tif,2944,2752,256,256
img_9_patch_2370.tif,img_9_patch_2370_mask.tif,img_9.tif,3008,2752,256,256
img_9_patch_2371.tif,img_9_patch_2371_mask.tif,img_9.tif,3072,2752,256,256
img_9_patch_2372.tif,img_9_patch_2372_mask.tif,img_9.tif,3136,2752,256,256
img_9_patch_2373.tif,img_9_patch_2373_mask.tif,img_9.tif,3200,2752,256,256
img_9_patch_2374.tif,img_9_patch_2374_mask.tif,img_9.tif,3264,2752,256,256
img_9_patch_2375.tif,img_9_patch_2375_mask.tif,img_9.tif,3328,2752,256,256
img_9_patch_2376.tif,img_9_patch_2376_mask.tif,img_9.tif,3348,2752,256,256
img_9_patch_2377.tif,img_9_patch_2377_mask.tif,img_9.tif,0,2816,256,256
img_9_patch_2378.tif,img_9_patch_2378_mask.tif,img_9.tif,64,2816,256,256
img_9_patch_2379.tif,img_9_patch_2379_mask.tif,img_9.tif,128,2816,256,256
img_9_patch_2380.tif,img_9_patch_2380_mask.tif,img_9.tif,192,2816,256,256
img_9_patch_2381.tif,img_9_patch_2381_mask.tif,img_9.tif,256,2816,256,256
img_9_patch_2382.tif,img_9_patch_2382_mask.tif,img_9.tif,320,2816,256,256
img_9_patch_2383.tif,img_9_patch_2383_mask.tif,img_9.tif,384,2816,256,256
img_9_patch_2384.tif,img_9_patch_2384_mask.tif,img_9.tif,448,2816,256,256
img_9_patch_2385.tif,img_9_patch_2385_mask.tif,img_9.tif,512,2816,256,256
img_9_patch_2386.tif,img_9_patch_2386_mask.tif,img_9.tif,576,2816,256,256
img_9_patch_2387.tif,img_9_patch_2387_mask.tif,img_9.tif,640,2816,256,256
img_9_patch_2388.tif,img_9_patch_2388_mask.tif,img_9.tif,704,2816,256,256
img_9_patch_2389.tif,img_9_patch_2389_mask.tif,img_9.tif,768,2816,256,256
img_9_patch_2390.tif,img_9_patch_2390_mask.tif,img_9.tif,832,2816,256,256
img_9_patch_2391.tif,img_9_patch_2391_mask.tif,img_9.tif,896,2816,256,256
img_9_patch_2392.tif,img_9_patch_2392_mask.tif,img_9.tif,960,2816,256,256
img_9_patch_2393.tif,img_9_patch_2393_mask.tif,img_9.tif,1024,2816,256,256
img_9_patch_2394.tif,img_9_patch_2394_mask.tif,img_9.tif,1088,2816,256,256
img_9_patch_2395.tif,img_9_patch_2395_mask.tif,img_9.tif,1152,2816,256,256
img_9_patch_2396.tif,img_9_patch_2396_mask.tif,img_9.tif,1216,2816,256,256
img_9_patch_2397.tif,img_9_patch_2397_mask.tif,img_9.tif,1280,2816,256,256
img_9_patch_2398.tif,img_9_patch_2398_mask.tif,img_9.tif,1344,2816,256,256
img_9_patch_2399.tif,img_9_patch_2399_mask.tif,img_9.tif,1408,2816,256,256
img_9_patch_2400.tif,img_9_patch_2400_mask.tif,img_9.tif,1472,2816,256,256
img_9_patch_2401.tif,img_9_patch_2401_mask.tif,img_9.tif,1536,2816,256,256
img_9_patch_2402.tif,img_9_patch_2402_mask.tif,img_9.tif,1600,2816,256,256
img_9_patch_2403.tif,img_9_patch_2403_mask.tif,img_9.tif,1664,2816,256,256
img_9_patch_2404.tif,img_9_patch_2404_mask.tif,img_9.tif,1728,2816,256,256
img_9_patch_2405.tif,img_9_patch_2405_mask.tif,img_9.tif,1792,2816,256,256
img_9_patch_2406.tif,img_9_patch_2406_mask.tif,img_9.tif,1856,2816,256,256
img_9_patch_2407.tif,img_9_patch_2407_mask.tif,img_9.tif,1920,2816,256,256
img_9_patch_2408.tif,img_9_patch_2408_mask.tif,img_9.tif,1984,2816,256,256
img_9_patch_2409.tif,img_9_patch_2409_mask.tif,img_9.tif,2048,2816,256,256
img_9_patch_2410.tif,img_9_patch_2410_mask.tif,img_9.tif,2112,2816,256,256
img_9_patch_2411.tif,img_9_patch_2411_mask.tif,img_9.tif,2176,2816,256,256
img_9_patch_2412.tif,img_9_patch_2412_mask.tif,img_9.tif,2240,2816,256,256
img_9_patch_2413.tif,img_9_patch_2413_mask.tif,img_9.tif,2304,2816,256,256
img_9_patch_2414.tif,img_9_patch_2414_mask.tif,img_9.tif,2368,2816,256,256
img_9_patch_2415.tif,img_9_patch_2415_mask.tif,img_9.tif,2432,2816,256,256
img_9_patch_2416.tif,img_9_patch_2416_mask.tif,img_9.tif,2496,2816,256,256
img_9_patch_2417.tif,img_9_patch_2417_mask.tif,img_9.tif,2560,2816,256,256
img_9_patch_2418.tif,img_9_patch_2418_mask.tif,img_9.tif,2624,2816,256,256
img_9_patch_2419.tif,img_9_patch_2419_mask.tif,img_9.tif,2688,2816,256,256
img_9_patch_2420.tif,img_9_patch_2420_mask.tif,img_9.tif,2752,2816,256,256
img_9_patch_2421.tif,img_9_patch_2421_mask.tif,img_9.tif,2816,2816,256,256
img_9_patch_2422.tif,img_9_patch_2422_mask.tif,img_9.tif,2880,2816,256,256
img_9_patch_2423.tif,img_9_patch_2423_mask.tif,img_9.tif,2944,2816,256,256
img_9_patch_2424.tif,img_9_patch_2424_mask.tif,img_9.tif,3008,2816,256,256
img_9_patch_2425.tif,img_9_patch_2425_mask.tif,img_9.tif,3072,2816,256,256
img_9_patch_2426.tif,img_9_patch_2426_mask.tif,img_9.tif,3136,2816,256,256
img_9_patch_2427.tif,img_9_patch_2427_mask.tif,img_9.tif,3200,2816,256,256
img_9_patch_2428.tif,img_9_patch_2428_mask.tif,img_9.tif,3264,2816,256,256
img_9_patch_2429.tif,img_9_patch_2429_mask.tif,img_9.tif,3328,2816,256,256
img_9_patch_2430.tif,img_9_patch_2430_mask.tif,img_9.tif,3348,2816,256,256
img_9_patch_2431.tif,img_9_patch_2431_mask.tif,img_9.tif,0,2880,256,256
img_9_patch_2432.tif,img_9_patch_2432_mask.tif,img_9.tif,64,2880,256,256
img_9_patch_2433.tif,img_9_patch_2433_mask.tif,img_9.tif,128,2880,256,256
img_9_patch_2434.tif,img_9_patch_2434_mask.tif,img_9.tif,192,2880,256,256
img_9_patch_2435.tif,img_9_patch_2435_mask.tif,img_9.tif,256,2880,256,256
img_9_patch_2436.tif,img_9_patch_2436_mask.tif,img_9.tif,320,2880,256,256
img_9_patch_2437.tif,img_9_patch_2437_mask.tif,img_9.tif,384,2880,256,256
img_9_patch_2438.tif,img_9_patch_2438_mask.tif,img_9.tif,448,2880,256,256
img_9_patch_2439.tif,img_9_patch_2439_mask.tif,img_9.tif,512,2880,256,256
img_9_patch_2440.tif,img_9_patch_2440_mask.tif,img_9.tif,576,2880,256,256
img_9_patch_2441.tif,img_9_patch_2441_mask.tif,img_9.tif,640,2880,256,256
img_9_patch_2442.tif,img_9_patch_2442_mask.tif,img_9.tif,704,2880,256,256
img_9_patch_2443.tif,img_9_patch_2443_mask.tif,img_9.tif,768,2880,256,256
img_9_patch_2444.tif,img_9_patch_2444_mask.tif,img_9.tif,832,2880,256,256
img_9_patch_2445.tif,img_9_patch_2445_mask.tif,img_9.tif,896,2880,256,256
img_9_patch_2446.tif,img_9_patch_2446_mask.tif,img_9.tif,960,2880,256,256
img_9_patch_2447.tif,img_9_patch_2447_mask.tif,img_9.tif,1024,2880,256,256
img_9_patch_2448.tif,img_9_patch_2448_mask.tif,img_9.tif,1088,2880,256,256
img_9_patch_2449.tif,img_9_patch_2449_mask.tif,img_9.tif,1152,2880,256,256
img_9_patch_2450.tif,img_9_patch_2450_mask.tif,img_9.tif,1216,2880,256,256
img_9_patch_2451.tif,img_9_patch_2451_mask.tif,img_9.tif,1280,2880,256,256
img_9_patch_2452.tif,img_9_patch_2452_mask.tif,img_9.tif,1344,2880,256,256
img_9_patch_2453.tif,img_9_patch_2453_mask.tif,img_9.tif,1408,2880,256,256
img_9_patch_2454.tif,img_9_patch_2454_mask.tif,img_9.tif,1472,2880,256,256
img_9_patch_2455.tif,img_9_patch_2455_mask.tif,img_9.tif,1536,2880,256,256
img_9_patch_2456.tif,img_9_patch_2456_mask.tif,img_9.tif,1600,2880,256,256
img_9_patch_2457.tif,img_9_patch_2457_mask.tif,img_9.tif,1664,2880,256,256
img_9_patch_2458.tif,img_9_patch_2458_mask.tif,img_9.tif,1728,2880,256,256
img_9_patch_2459.tif,img_9_patch_2459_mask.tif,img_9.tif,1792,2880,256,256
img_9_patch_2460.tif,img_9_patch_2460_mask.tif,img_9.tif,1856,2880,256,256
img_9_patch_2461.tif,img_9_patch_2461_mask.tif,img_9.tif,1920,2880,256,256
img_9_patch_2462.tif,img_9_patch_2462_mask.tif,img_9.tif,1984,2880,256,256
img_9_patch_2463.tif,img_9_patch_2463_mask.tif,img_9.tif,2048,2880,256,256
img_9_patch_2464.tif,img_9_patch_2464_mask.tif,img_9.tif,2112,2880,256,256
img_9_patch_2465.tif,img_9_patch_2465_mask.tif,img_9.tif,2176,2880,256,256
img_9_patch_2466.tif,img_9_patch_2466_mask.tif,img_9.tif,2240,2880,256,256
img_9_patch_2467.tif,img_9_patch_2467_mask.tif,img_9.tif,2304,2880,256,256
img_9_patch_2468.tif,img_9_patch_2468_mask.tif,img_9.tif,2368,2880,256,256
img_9_patch_2469.tif,img_9_patch_2469_mask.tif,img_9.tif,2432,2880,256,256
img_9_patch_2470.tif,img_9_patch_2470_mask.tif,img_9.tif,2496,2880,256,256
img_9_patch_2471.tif,img_9_patch_2471_mask.tif,img_9.tif,2560,2880,256,256
img_9_patch_2472.tif,img_9_patch_2472_mask.tif,img_9.tif,2624,2880,256,256
img_9_patch_2473.tif,img_9_patch_2473_mask.tif,img_9.tif,2688,2880,256,256
img_9_patch_2474.tif,img_9_patch_2474_mask.tif,img_9.tif,2752,2880,256,256
img_9_patch_2475.tif,img_9_patch_2475_mask.tif,img_9.tif,2816,2880,256,256
img_9_patch_2476.tif,img_9_patch_2476_mask.tif,img_9.tif,2880,2880,256,256
img_9_patch_2477.tif,img_9_patch_2477_mask.tif,img_9.tif,2944,2880,256,256
img_9_patch_2478.tif,img_9_patch_2478_mask.tif,img_9.tif,3008,2880,256,256
img_9_patch_2479.tif,img_9_patch_2479_mask.tif,img_9.tif,3072,2880,256,256
img_9_patch_2480.tif,img_9_patch_2480_mask.tif,img_9.tif,3136,2880,256,256
img_9_patch_2481.tif,img_9_patch_2481_mask.tif,img_9.tif,3200,2880,256,256
img_9_patch_2482.tif,img_9_patch_2482_mask.tif,img_9.tif,3264,2880,256,256
img_9_patch_2483.tif,img_9_patch_2483_mask.tif,img_9.tif,3328,2880,256,256
img_9_patch_2484.tif,img_9_patch_2484_mask.tif,img_9.tif,3348,2880,256,256
img_9_patch_2485.tif,img_9_patch_2485_mask.tif,img_9.tif,0,2944,256,256
img_9_patch_2486.tif,img_9_patch_2486_mask.tif,img_9.tif,64,2944,256,256
img_9_patch_2487.tif,img_9_patch_2487_mask.tif,img_9.tif,128,2944,256,256
img_9_patch_2488.tif,img_9_patch_2488_mask.tif,img_9.tif,192,2944,256,256
img_9_patch_2489.tif,img_9_patch_2489_mask.tif,img_9.tif,256,2944,256,256
img_9_patch_2490.tif,img_9_patch_2490_mask.tif,img_9.tif,320,2944,256,256
img_9_patch_2491.tif,img_9_patch_2491_mask.tif,img_9.tif,384,2944,256,256
img_9_patch_2492.tif,img_9_patch_2492_mask.tif,img_9.tif,448,2944,256,256
img_9_patch_2493.tif,img_9_patch_2493_mask.tif,img_9.tif,512,2944,256,256
img_9_patch_2494.tif,img_9_patch_2494_mask.tif,img_9.tif,576,2944,256,256
img_9_patch_2495.tif,img_9_patch_2495_mask.tif,img_9.tif,640,2944,256,256
img_9_patch_2496.tif,img_9_patch_2496_mask.tif,img_9.tif,704,2944,256,256
img_9_patch_2497.tif,img_9_patch_2497_mask.tif,img_9.tif,768,2944,256,256
img_9_patch_2498.tif,img_9_patch_2498_mask.tif,img_9.tif,832,2944,256,256
img_9_patch_2499.tif,img_9_patch_2499_mask.tif,img_9.tif,896,2944,256,256
img_9_patch_2500.tif,img_9_patch_2500_mask.tif,img_9.tif,960,2944,256,256
img_9_patch_2501.tif,img_9_patch_2501_mask.tif,img_9.tif,1024,2944,256,256
img_9_patch_2502.tif,img_9_patch_2502_mask.tif,img_9.tif,1088,2944,256,256
img_9_patch_2503.tif,img_9_patch_2503_mask.tif,img_9.tif,1152,2944,256,256
img_9_patch_2504.tif,img_9_patch_2504_mask.tif,img_9.tif,1216,2944,256,256
img_9_patch_2505.tif,img_9_patch_2505_mask.tif,img_9.tif,1280,2944,256,256
img_9_patch_2506.tif,img_9_patch_2506_mask.tif,img_9.tif,1344,2944,256,256
img_9_patch_2507.tif,img_9_patch_2507_mask.tif,img_9.tif,1408,2944,256,256
img_9_patch_2508.tif,img_9_patch_2508_mask.tif,img_9.tif,1472,2944,256,256
img_9_patch_2509.tif,img_9_patch_2509_mask.tif,img_9.tif,1536,2944,256,256
img_9_patch_2510.tif,img_9_patch_2510_mask.tif,img_9.tif,1600,2944,256,256
img_9_patch_2511.tif,img_9_patch_2511_mask.tif,img_9.tif,1664,2944,256,256
img_9_patch_2512.tif,img_9_patch_2512_mask.tif,img_9.tif,1728,2944,256,256
img_9_patch_2513.tif,img_9_patch_2513_mask.tif,img_9.tif,1792,2944,256,256
img_9_patch_2514.tif,img_9_patch_2514_mask.tif,img_9.tif,1856,2944,256,256
img_9_patch_2515.tif,img_9_patch_2515_mask.tif,img_9.tif,1920,2944,256,256
img_9_patch_2516.tif,img_9_patch_2516_mask.tif,img_9.tif,1984,2944,256,256
img_9_patch_2517.tif,img_9_patch_2517_mask.tif,img_9.tif,2048,2944,256,256
img_9_patch_2518.tif,img_9_patch_2518_mask.tif,img_9.tif,2112,2944,256,256
img_9_patch_2519.tif,img_9_patch_2519_mask.tif,img_9.tif,2176,2944,256,256
img_9_patch_2520.tif,img_9_patch_2520_mask.tif,img_9.tif,2240,2944,256,256
img_9_patch_2521.tif,img_9_patch_2521_mask.tif,img_9.tif,2304,2944,256,256
img_9_patch_2522.tif,img_9_patch_2522_mask.tif,img_9.tif,2368,2944,256,256
img_9_patch_2523.tif,img_9_patch_2523_mask.tif,img_9.tif,2432,2944,256,256
img_9_patch_2524.tif,img_9_patch_2524_mask.tif,img_9.tif,2496,2944,256,256
img_9_patch_2525.tif,img_9_patch_2525_mask.tif,img_9.tif,2560,2944,256,256
img_9_patch_2526.tif,img_9_patch_2526_mask.tif,img_9.tif,2624,2944,256,256
img_9_patch_2527.tif,img_9_patch_2527_mask.tif,img_9.tif,2688,2944,256,256
img_9_patch_2528.tif,img_9_patch_2528_mask.tif,img_9.tif,2752,2944,256,256
img_9_patch_2529.tif,img_9_patch_2529_mask.tif,img_9.tif,2816,2944,256,256
img_9_patch_2530.tif,img_9_patch_2530_mask.tif,img_9.tif,2880,2944,256,256
img_9_patch_2531.tif,img_9_patch_2531_mask.tif,img_9.tif,2944,2944,256,256
img_9_patch_2532.tif,img_9_patch_2532_mask.tif,img_9.tif,3008,2944,256,256
img_9_patch_2533.tif,img_9_patch_2533_mask.tif,img_9.tif,3072,2944,256,256
img_9_patch_2534.tif,img_9_patch_2534_mask.tif,img_9.tif,3136,2944,256,256
img_9_patch_2535.tif,img_9_patch_2535_mask.tif,img_9.tif,3200,2944,256,256
img_9_patch_2536.tif,img_9_patch_2536_mask.tif,img_9.tif,3264,2944,256,256
img_9_patch_2537.tif,img_9_patch_2537_mask.tif,img_9.tif,3328,2944,256,256
img_9_patch_2538.tif,img_9_patch_2538_mask.tif,img_9.tif,3348,2944,256,256
img_9_patch_2539.tif,img_9_patch_2539_mask.tif,img_9.tif,0,3008,256,256
img_9_patch_2540.tif,img_9_patch_2540_mask.tif,img_9.tif,64,3008,256,256
img_9_patch_2541.tif,img_9_patch_2541_mask.tif,img_9.tif,128,3008,256,256
img_9_patch_2542.tif,img_9_patch_2542_mask.tif,img_9.tif,192,3008,256,256
img_9_patch_2543.tif,img_9_patch_2543_mask.tif,img_9.tif,256,3008,256,256
img_9_patch_2544.tif,img_9_patch_2544_mask.tif,img_9.tif,320,3008,256,256
img_9_patch_2545.tif,img_9_patch_2545_mask.tif,img_9.tif,384,3008,256,256
img_9_patch_2546.tif,img_9_patch_2546_mask.tif,img_9.tif,448,3008,256,256
img_9_patch_2547.tif,img_9_patch_2547_mask.tif,img_9.tif,512,3008,256,256
img_9_patch_2548.tif,img_9_patch_2548_mask.tif,img_9.tif,576,3008,256,256
img_9_patch_2549.tif,img_9_patch_2549_mask.tif,img_9.tif,640,3008,256,256
img_9_patch_2550.tif,img_9_patch_2550_mask.tif,img_9.tif,704,3008,256,256
img_9_patch_2551.tif,img_9_patch_2551_mask.tif,img_9.tif,768,3008,256,256
img_9_patch_2552.tif,img_9_patch_2552_mask.tif,img_9.tif,832,3008,256,256
img_9_patch_2553.tif,img_9_patch_2553_mask.tif,img_9.tif,896,3008,256,256
img_9_patch_2554.tif,img_9_patch_2554_mask.tif,img_9.tif,960,3008,256,256
img_9_patch_2555.tif,img_9_patch_2555_mask.tif,img_9.tif,1024,3008,256,256
img_9_patch_2556.tif,img_9_patch_2556_mask.tif,img_9.tif,1088,3008,256,256
img_9_patch_2557.tif,img_9_patch_2557_mask.tif,img_9.tif,1152,3008,256,256
img_9_patch_2558.tif,img_9_patch_2558_mask.tif,img_9.tif,1216,3008,256,256
img_9_patch_2559.tif,img_9_patch_2559_mask.tif,img_9.tif,1280,3008,256,256
img_9_patch_2560.tif,img_9_patch_2560_mask.tif,img_9.tif,1344,3008,256,256
img_9_patch_2561.tif,img_9_patch_2561_mask.tif,img_9.tif,1408,3008,256,256
img_9_patch_2562.tif,img_9_patch_2562_mask.tif,img_9.tif,1472,3008,256,256
img_9_patch_2563.tif,img_9_patch_2563_mask.tif,img_9.tif,1536,3008,256,256
img_9_patch_2564.tif,img_9_patch_2564_mask.tif,img_9.tif,1600,3008,256,256
img_9_patch_2565.tif,img_9_patch_2565_mask.tif,img_9.tif,1664,3008,256,256
img_9_patch_2566.tif,img_9_patch_2566_mask.tif,img_9.tif,1728,3008,256,256
img_9_patch_2567.tif,img_9_patch_2567_mask.tif,img_9.tif,1792,3008,256,256
img_9_patch_2568.tif,img_9_patch_2568_mask.tif,img_9.tif,1856,3008,256,256
img_9_patch_2569.tif,img_9_patch_2569_mask.tif,img_9.tif,1920,3008,256,256
img_9_patch_2570.tif,img_9_patch_2570_mask.tif,img_9.tif,1984,3008,256,256
img_9_patch_2571.tif,img_9_patch_2571_mask.tif,img_9.tif,2048,3008,256,256
img_9_patch_2572.tif,img_9_patch_2572_mask.tif,img_9.tif,2112,3008,256,256
img_9_patch_2573.tif,img_9_patch_2573_mask.tif,img_9.tif,2176,3008,256,256
img_9_patch_2574.tif,img_9_patch_2574_mask.tif,img_9.tif,2240,3008,256,256
img_9_patch_2575.tif,img_9_patch_2575_mask.tif,img_9.tif,2304,3008,256,256
img_9_patch_2576.tif,img_9_patch_2576_mask.tif,img_9.tif,2368,3008,256,256
img_9_patch_2577.tif,img_9_patch_2577_mask.tif,img_9.tif,2432,3008,256,256
img_9_patch_2578.tif,img_9_patch_2578_mask.tif,img_9.tif,2496,3008,256,256
img_9_patch_2579.tif,img_9_patch_2579_mask.tif,img_9.tif,2560,3008,256,256
img_9_patch_2580.tif,img_9_patch_2580_mask.tif,img_9.tif,2624,3008,256,256
img_9_patch_2581.tif,img_9_patch_2581_mask.tif,img_9.tif,2688,3008,256,256
img_9_patch_2582.tif,img_9_patch_2582_mask.tif,img_9.tif,2752,3008,256,256
img_9_patch_2583.tif,img_9_patch_2583_mask.tif,img_9.tif,2816,3008,256,256
img_9_patch_2584.tif,img_9_patch_2584_mask.tif,img_9.tif,2880,3008,256,256
img_9_patch_2585.tif,img_9_patch_2585_mask.tif,img_9.tif,2944,3008,256,256
img_9_patch_2586.tif,img_9_patch_2586_mask.tif,img_9.tif,3008,3008,256,256
img_9_patch_2587.tif,img_9_patch_2587_mask.tif,img_9.tif,3072,3008,256,256
img_9_patch_2588.tif,img_9_patch_2588_mask.tif,img_9.tif,3136,3008,256,256
img_9_patch_2589.tif,img_9_patch_2589_mask.tif,img_9.tif,3200,3008,256,256
img_9_patch_2590.tif,img_9_patch_2590_mask.tif,img_9.tif,3264,3008,256,256
img_9_patch_2591.tif,img_9_patch_2591_mask.tif,img_9.tif,3328,3008,256,256
img_9_patch_2592.tif,img_9_patch_2592_mask.tif,img_9.tif,3348,3008,256,256
img_9_patch_2593.tif,img_9_patch_2593_mask.tif,img_9.tif,0,3072,256,256
img_9_patch_2594.tif,img_9_patch_2594_mask.tif,img_9.tif,64,3072,256,256
img_9_patch_2595.tif,img_9_patch_2595_mask.tif,img_9.tif,128,3072,256,256
img_9_patch_2596.tif,img_9_patch_2596_mask.tif,img_9.tif,192,3072,256,256
img_9_patch_2597.tif,img_9_patch_2597_mask.tif,img_9.tif,256,3072,256,256
img_9_patch_2598.tif,img_9_patch_2598_mask.tif,img_9.tif,320,3072,256,256
img_9_patch_2599.tif,img_9_patch_2599_mask.tif,img_9.tif,384,3072,256,256
img_9_patch_2600.tif,img_9_patch_2600_mask.tif,img_9.tif,448,3072,256,256
img_9_patch_2601.tif,img_9_patch_2601_mask.tif,img_9.tif,512,3072,256,256
img_9_patch_2602.tif,img_9_patch_2602_mask.tif,img_9.tif,576,3072,256,256
img_9_patch_2603.tif,img_9_patch_2603_mask.tif,img_9.tif,640,3072,256,256
img_9_patch_2604.tif,img_9_patch_2604_mask.tif,img_9.tif,704,3072,256,256
img_9_patch_2605.tif,img_9_patch_2605_mask.tif,img_9.tif,768,3072,256,256
img_9_patch_2606.tif,img_9_patch_2606_mask.tif,img_9.tif,832,3072,256,256
img_9_patch_2607.tif,img_9_patch_2607_mask.tif,img_9.tif,896,3072,256,256
img_9_patch_2608.tif,img_9_patch_2608_mask.tif,img_9.tif,960,3072,256,256
img_9_patch_2609.tif,img_9_patch_2609_mask.tif,img_9.tif,1024,3072,256,256
img_9_patch_2610.tif,img_9_patch_2610_mask.tif,img_9.tif,1088,3072,256,256
img_9_patch_2611.tif,img_9_patch_2611_mask.tif,img_9.tif,1152,3072,256,256
img_9_patch_2612.tif,img_9_patch_2612_mask.tif,img_9.tif,1216,3072,256,256
img_9_patch_2613.tif,img_9_patch_2613_mask.tif,img_9.tif,1280,3072,256,256
img_9_patch_2614.tif,img_9_patch_2614_mask.tif,img_9.tif,1344,3072,256,256
img_9_patch_2615.tif,img_9_patch_2615_mask.tif,img_9.tif,1408,3072,256,256
img_9_patch_2616.tif,img_9_patch_2616_mask.tif,img_9.tif,1472,3072,256,256
img_9_patch_2617.tif,img_9_patch_2617_mask.tif,img_9.tif,1536,3072,256,256
img_9_patch_2618.tif,img_9_patch_2618_mask.tif,img_9.tif,1600,3072,256,256
img_9_patch_2619.tif,img_9_patch_2619_mask.tif,img_9.tif,1664,3072,256,256
img_9_patch_2620.tif,img_9_patch_2620_mask.tif,img_9.tif,1728,3072,256,256
img_9_patch_2621.tif,img_9_patch_2621_mask.tif,img_9.tif,1792,3072,256,256
img_9_patch_2622.tif,img_9_patch_2622_mask.tif,img_9.tif,1856,3072,256,256
img_9_patch_2623.tif,img_9_patch_2623_mask.tif,img_9.tif,1920,3072,256,256
img_9_patch_2624.tif,img_9_patch_2624_mask.tif,img_9.tif,1984,3072,256,256
img_9_patch_2625.tif,img_9_patch_2625_mask.tif,img_9.tif,2048,3072,256,256
img_9_patch_2626.tif,img_9_patch_2626_mask.tif,img_9.tif,2112,3072,256,256
img_9_patch_2627.tif,img_9_patch_2627_mask.tif,img_9.tif,2176,3072,256,256
img_9_patch_2628.tif,img_9_patch_2628_mask.tif,img_9.tif,2240,3072,256,256
img_9_patch_2629.tif,img_9_patch_2629_mask.tif,img_9.tif,2304,3072,256,256
img_9_patch_2630.tif,img_9_patch_2630_mask.tif,img_9.tif,2368,3072,256,256
img_9_patch_2631.tif,img_9_patch_2631_mask.tif,img_9.tif,2432,3072,256,256
img_9_patch_2632.tif,img_9_patch_2632_mask.tif,img_9.tif,2496,3072,256,256
img_9_patch_2633.tif,img_9_patch_2633_mask.tif,img_9.tif,2560,3072,256,256
img_9_patch_2634.tif,img_9_patch_2634_mask.tif,img_9.tif,2624,3072,256,256
img_9_patch_2635.tif,img_9_patch_2635_mask.tif,img_9.tif,2688,3072,256,256
img_9_patch_2636.tif,img_9_patch_2636_mask.tif,img_9.tif,2752,3072,256,256
img_9_patch_2637.tif,img_9_patch_2637_mask.tif,img_9.tif,2816,3072,256,256
img_9_patch_2638.tif,img_9_patch_2638_mask.tif,img_9.tif,2880,3072,256,256
img_9_patch_2639.tif,img_9_patch_2639_mask.tif,img_9.tif,2944,3072,256,256
img_9_patch_2640.tif,img_9_patch_2640_mask.tif,img_9.tif,3008,3072,256,256
img_9_patch_2641.tif,img_9_patch_2641_mask.tif,img_9.tif,3072,3072,256,256
img_9_patch_2642.tif,img_9_patch_2642_mask.tif,img_9.tif,3136,3072,256,256
img_9_patch_2643.tif,img_9_patch_2643_mask.tif,img_9.tif,3200,3072,256,256
img_9_patch_2644.tif,img_9_patch_2644_mask.tif,img_9.tif,3264,3072,256,256
img_9_patch_2645.tif,img_9_patch_2645_mask.tif,img_9.tif,3328,3072,256,256
img_9_patch_2646.tif,img_9_patch_2646_mask.tif,img_9.tif,3348,3072,256,256
img_9_patch_2647.tif,img_9_patch_2647_mask.tif,img_9.tif,0,3136,256,256
img_9_patch_2648.tif,img_9_patch_2648_mask.tif,img_9.tif,64,3136,256,256
img_9_patch_2649.tif,img_9_patch_2649_mask.tif,img_9.tif,128,3136,256,256
img_9_patch_2650.tif,img_9_patch_2650_mask.tif,img_9.tif,192,3136,256,256
img_9_patch_2651.tif,img_9_patch_2651_mask.tif,img_9.tif,256,3136,256,256
img_9_patch_2652.tif,img_9_patch_2652_mask.tif,img_9.tif,320,3136,256,256
img_9_patch_2653.tif,img_9_patch_2653_mask.tif,img_9.tif,384,3136,256,256
img_9_patch_2654.tif,img_9_patch_2654_mask.tif,img_9.tif,448,3136,256,256
img_9_patch_2655.tif,img_9_patch_2655_mask.tif,img_9.tif,512,3136,256,256
img_9_patch_2656.tif,img_9_patch_2656_mask.tif,img_9.tif,576,3136,256,256
img_9_patch_2657.tif,img_9_patch_2657_mask.tif,img_9.tif,640,3136,256,256
img_9_patch_2658.tif,img_9_patch_2658_mask.tif,img_9.tif,704,3136,256,256
img_9_patch_2659.tif,img_9_patch_2659_mask.tif,img_9.tif,768,3136,256,256
img_9_patch_2660.tif,img_9_patch_2660_mask.tif,img_9.tif,832,3136,256,256
img_9_patch_2661.tif,img_9_patch_2661_mask.tif,img_9.tif,896,3136,256,256
img_9_patch_2662.tif,img_9_patch_2662_mask.tif,img_9.tif,960,3136,256,256
img_9_patch_2663.tif,img_9_patch_2663_mask.tif,img_9.tif,1024,3136,256,256
img_9_patch_2664.tif,img_9_patch_2664_mask.tif,img_9.tif,1088,3136,256,256
img_9_patch_2665.tif,img_9_patch_2665_mask.tif,img_9.tif,1152,3136,256,256
img_9_patch_2666.tif,img_9_patch_2666_mask.tif,img_9.tif,1216,3136,256,256
img_9_patch_2667.tif,img_9_patch_2667_mask.tif,img_9.tif,1280,3136,256,256
img_9_patch_2668.tif,img_9_patch_2668_mask.tif,img_9.tif,1344,3136,256,256
img_9_patch_2669.tif,img_9_patch_2669_mask.tif,img_9.tif,1408,3136,256,256
img_9_patch_2670.tif,img_9_patch_2670_mask.tif,img_9.tif,1472,3136,256,256
img_9_patch_2671.tif,img_9_patch_2671_mask.tif,img_9.tif,1536,3136,256,256
img_9_patch_2672.tif,img_9_patch_2672_mask.tif,img_9.tif,1600,3136,256,256
img_9_patch_2673.tif,img_9_patch_2673_mask.tif,img_9.tif,1664,3136,256,256
img_9_patch_2674.tif,img_9_patch_2674_mask.tif,img_9.tif,1728,3136,256,256
img_9_patch_2675.tif,img_9_patch_2675_mask.tif,img_9.tif,1792,3136,256,256
img_9_patch_2676.tif,img_9_patch_2676_mask.tif,img_9.tif,1856,3136,256,256
img_9_patch_2677.tif,img_9_patch_2677_mask.tif,img_9.tif,1920,3136,256,256
img_9_patch_2678.tif,img_9_patch_2678_mask.tif,img_9.tif,1984,3136,256,256
img_9_patch_2679.tif,img_9_patch_2679_mask.tif,img_9.tif,2048,3136,256,256
img_9_patch_2680.tif,img_9_patch_2680_mask.tif,img_9.tif,2112,3136,256,256
img_9_patch_2681.tif,img_9_patch_2681_mask.tif,img_9.tif,2176,3136,256,256
img_9_patch_2682.tif,img_9_patch_2682_mask.tif,img_9.tif,2240,3136,256,256
img_9_patch_2683.tif,img_9_patch_2683_mask.tif,img_9.tif,2304,3136,256,256
img_9_patch_2684.tif,img_9_patch_2684_mask.tif,img_9.tif,2368,3136,256,256
img_9_patch_2685.tif,img_9_patch_2685_mask.tif,img_9.tif,2432,3136,256,256
img_9_patch_2686.tif,img_9_patch_2686_mask.tif,img_9.tif,2496,3136,256,256
img_9_patch_2687.tif,img_9_patch_2687_mask.tif,img_9.tif,2560,3136,256,256
img_9_patch_2688.tif,img_9_patch_2688_mask.tif,img_9.tif,2624,3136,256,256
img_9_patch_2689.tif,img_9_patch_2689_mask.tif,img_9.tif,2688,3136,256,256
img_9_patch_2690.tif,img_9_patch_2690_mask.tif,img_9.tif,2752,3136,256,256
img_9_patch_2691.tif,img_9_patch_2691_mask.tif,img_9.tif,2816,3136,256,256
img_9_patch_2692.tif,img_9_patch_2692_mask.tif,img_9.tif,2880,3136,256,256
img_9_patch_2693.tif,img_9_patch_2693_mask.tif,img_9.tif,2944,3136,256,256
img_9_patch_2694.tif,img_9_patch_2694_mask.tif,img_9.tif,3008,3136,256,256
img_9_patch_2695.tif,img_9_patch_2695_mask.tif,img_9.tif,3072,3136,256,256
img_9_patch_2696.tif,img_9_patch_2696_mask.tif,img_9.tif,3136,3136,256,256
img_9_patch_2697.tif,img_9_patch_2697_mask.tif,img_9.tif,3200,3136,256,256
img_9_patch_2698.tif,img_9_patch_2698_mask.tif,img_9.tif,3264,3136,256,256
img_9_patch_2699.tif,img_9_patch_2699_mask.tif,img_9.tif,3328,3136,256,256
img_9_patch_2700.tif,img_9_patch_2700_mask.tif,img_9.tif,3348,3136,256,256
img_9_patch_2701.tif,img_9_patch_2701_mask.tif,img_9.tif,0,3200,256,256
img_9_patch_2702.tif,img_9_patch_2702_mask.tif,img_9.tif,64,3200,256,256
img_9_patch_2703.tif,img_9_patch_2703_mask.tif,img_9.tif,128,3200,256,256
img_9_patch_2704.tif,img_9_patch_2704_mask.tif,img_9.tif,192,3200,256,256
img_9_patch_2705.tif,img_9_patch_2705_mask.tif,img_9.tif,256,3200,256,256
img_9_patch_2706.tif,img_9_patch_2706_mask.tif,img_9.tif,320,3200,256,256
img_9_patch_2707.tif,img_9_patch_2707_mask.tif,img_9.tif,384,3200,256,256
img_9_patch_2708.tif,img_9_patch_2708_mask.tif,img_9.tif,448,3200,256,256
img_9_patch_2709.tif,img_9_patch_2709_mask.tif,img_9.tif,512,3200,256,256
img_9_patch_2710.tif,img_9_patch_2710_mask.tif,img_9.tif,576,3200,256,256
img_9_patch_2711.tif,img_9_patch_2711_mask.tif,img_9.tif,640,3200,256,256
img_9_patch_2712.tif,img_9_patch_2712_mask.tif,img_9.tif,704,3200,256,256
img_9_patch_2713.tif,img_9_patch_2713_mask.tif,img_9.tif,768,3200,256,256
img_9_patch_2714.tif,img_9_patch_2714_mask.tif,img_9.tif,832,3200,256,256
img_9_patch_2715.tif,img_9_patch_2715_mask.tif,img_9.tif,896,3200,256,256
img_9_patch_2716.tif,img_9_patch_2716_mask.tif,img_9.tif,960,3200,256,256
img_9_patch_2717.tif,img_9_patch_2717_mask.tif,img_9.tif,1024,3200,256,256
img_9_patch_2718.tif,img_9_patch_2718_mask.tif,img_9.tif,1088,3200,256,256
img_9_patch_2719.tif,img_9_patch_2719_mask.tif,img_9.tif,1152,3200,256,256
img_9_patch_2720.tif,img_9_patch_2720_mask.tif,img_9.tif,1216,3200,256,256
img_9_patch_2721.tif,img_9_patch_2721_mask.tif,img_9.tif,1280,3200,256,256
img_9_patch_2722.tif,img_9_patch_2722_mask.tif,img_9.tif,1344,3200,256,256
img_9_patch_2723.tif,img_9_patch_2723_mask.tif,img_9.tif,1408,3200,256,256
img_9_patch_2724.tif,img_9_patch_2724_mask.tif,img_9.tif,1472,3200,256,256
img_9_patch_2725.tif,img_9_patch_2725_mask.tif,img_9.tif,1536,3200,256,256
img_9_patch_2726.tif,img_9_patch_2726_mask.tif,img_9.tif,1600,3200,256,256
img_9_patch_2727.tif,img_9_patch_2727_mask.tif,img_9.tif,1664,3200,256,256
img_9_patch_2728.tif,img_9_patch_2728_mask.tif,img_9.tif,1728,3200,256,256
img_9_patch_2729.tif,img_9_patch_2729_mask.tif,img_9.tif,1792,3200,256,256
img_9_patch_2730.tif,img_9_patch_2730_mask.tif,img_9.tif,1856,3200,256,256
img_9_patch_2731.tif,img_9_patch_2731_mask.tif,img_9.tif,1920,3200,256,256
img_9_patch_2732.tif,img_9_patch_2732_mask.tif,img_9.tif,1984,3200,256,256
img_9_patch_2733.tif,img_9_patch_2733_mask.tif,img_9.tif,2048,3200,256,256
img_9_patch_2734.tif,img_9_patch_2734_mask.tif,img_9.tif,2112,3200,256,256
img_9_patch_2735.tif,img_9_patch_2735_mask.tif,img_9.tif,2176,3200,256,256
img_9_patch_2736.tif,img_9_patch_2736_mask.tif,img_9.tif,2240,3200,256,256
img_9_patch_2737.tif,img_9_patch_2737_mask.tif,img_9.tif,2304,3200,256,256
img_9_patch_2738.tif,img_9_patch_2738_mask.tif,img_9.tif,2368,3200,256,256
img_9_patch_2739.tif,img_9_patch_2739_mask.tif,img_9.tif,2432,3200,256,256
img_9_patch_2740.tif,img_9_patch_2740_mask.tif,img_9.tif,2496,3200,256,256
img_9_patch_2741.tif,img_9_patch_2741_mask.tif,img_9.tif,2560,3200,256,256
img_9_patch_2742.tif,img_9_patch_2742_mask.tif,img_9.tif,2624,3200,256,256
img_9_patch_2743.tif,img_9_patch_2743_mask.tif,img_9.tif,2688,3200,256,256
img_9_patch_2744.tif,img_9_patch_2744_mask.tif,img_9.tif,2752,3200,256,256
img_9_patch_2745.tif,img_9_patch_2745_mask.tif,img_9.tif,2816,3200,256,256
img_9_patch_2746.tif,img_9_patch_2746_mask.tif,img_9.tif,2880,3200,256,256
img_9_patch_2747.tif,img_9_patch_2747_mask.tif,img_9.tif,2944,3200,256,256
img_9_patch_2748.tif,img_9_patch_2748_mask.tif,img_9.tif,3008,3200,256,256
img_9_patch_2749.tif,img_9_patch_2749_mask.tif,img_9.tif,3072,3200,256,256
img_9_patch_2750.tif,img_9_patch_2750_mask.tif,img_9.tif,3136,3200,256,256
img_9_patch_2751.tif,img_9_patch_2751_mask.tif,img_9.tif,3200,3200,256,256
img_9_patch_2752.tif,img_9_patch_2752_mask.tif,img_9.tif,3264,3200,256,256
img_9_patch_2753.tif,img_9_patch_2753_mask.tif,img_9.tif,3328,3200,256,256
img_9_patch_2754.tif,img_9_patch_2754_mask.tif,img_9.tif,3348,3200,256,256
img_9_patch_2755.tif,img_9_patch_2755_mask.tif,img_9.tif,0,3264,256,256
img_9_patch_2756.tif,img_9_patch_2756_mask.tif,img_9.tif,64,3264,256,256
img_9_patch_2757.tif,img_9_patch_2757_mask.tif,img_9.tif,128,3264,256,256
img_9_patch_2758.tif,img_9_patch_2758_mask.tif,img_9.tif,192,3264,256,256
img_9_patch_2759.tif,img_9_patch_2759_mask.tif,img_9.tif,256,3264,256,256
img_9_patch_2760.tif,img_9_patch_2760_mask.tif,img_9.tif,320,3264,256,256
img_9_patch_2761.tif,img_9_patch_2761_mask.tif,img_9.tif,384,3264,256,256
img_9_patch_2762.tif,img_9_patch_2762_mask.tif,img_9.tif,448,3264,256,256
img_9_patch_2763.tif,img_9_patch_2763_mask.tif,img_9.tif,512,3264,256,256
img_9_patch_2764.tif,img_9_patch_2764_mask.tif,img_9.tif,576,3264,256,256
img_9_patch_2765.tif,img_9_patch_2765_mask.tif,img_9.tif,640,3264,256,256
img_9_patch_2766.tif,img_9_patch_2766_mask.tif,img_9.tif,704,3264,256,256
img_9_patch_2767.tif,img_9_patch_2767_mask.tif,img_9.tif,768,3264,256,256
img_9_patch_2768.tif,img_9_patch_2768_mask.tif,img_9.tif,832,3264,256,256
img_9_patch_2769.tif,img_9_patch_2769_mask.tif,img_9.tif,896,3264,256,256
img_9_patch_2770.tif,img_9_patch_2770_mask.tif,img_9.tif,960,3264,256,256
img_9_patch_2771.tif,img_9_patch_2771_mask.tif,img_9.tif,1024,3264,256,256
img_9_patch_2772.tif,img_9_patch_2772_mask.tif,img_9.tif,1088,3264,256,256
img_9_patch_2773.tif,img_9_patch_2773_mask.tif,img_9.tif,1152,3264,256,256
img_9_patch_2774.tif,img_9_patch_2774_mask.tif,img_9.tif,1216,3264,256,256
img_9_patch_2775.tif,img_9_patch_2775_mask.tif,img_9.tif,1280,3264,256,256
img_9_patch_2776.tif,img_9_patch_2776_mask.tif,img_9.tif,1344,3264,256,256
img_9_patch_2777.tif,img_9_patch_2777_mask.tif,img_9.tif,1408,3264,256,256
img_9_patch_2778.tif,img_9_patch_2778_mask.tif,img_9.tif,1472,3264,256,256
img_9_patch_2779.tif,img_9_patch_2779_mask.tif,img_9.tif,1536,3264,256,256
img_9_patch_2780.tif,img_9_patch_2780_mask.tif,img_9.tif,1600,3264,256,256
img_9_patch_2781.tif,img_9_patch_2781_mask.tif,img_9.tif,1664,3264,256,256
img_9_patch_2782.tif,img_9_patch_2782_mask.tif,img_9.tif,1728,3264,256,256
img_9_patch_2783.tif,img_9_patch_2783_mask.tif,img_9.tif,1792,3264,256,256
img_9_patch_2784.tif,img_9_patch_2784_mask.tif,img_9.tif,1856,3264,256,256
img_9_patch_2785.tif,img_9_patch_2785_mask.tif,img_9.tif,1920,3264,256,256
img_9_patch_2786.tif,img_9_patch_2786_mask.tif,img_9.tif,1984,3264,256,256
img_9_patch_2787.tif,img_9_patch_2787_mask.tif,img_9.tif,2048,3264,256,256
img_9_patch_2788.tif,img_9_patch_2788_mask.tif,img_9.tif,2112,3264,256,256
img_9_patch_2789.tif,img_9_patch_2789_mask.tif,img_9.tif,2176,3264,256,256
img_9_patch_2790.tif,img_9_patch_2790_mask.tif,img_9.tif,2240,3264,256,256
img_9_patch_2791.tif,img_9_patch_2791_mask.tif,img_9.tif,2304,3264,256,256
img_9_patch_2792.tif,img_9_patch_2792_mask.tif,img_9.tif,2368,3264,256,256
img_9_patch_2793.tif,img_9_patch_2793_mask.tif,img_9.tif,2432,3264,256,256
img_9_patch_2794.tif,img_9_patch_2794_mask.tif,img_9.tif,2496,3264,256,256
img_9_patch_2795.tif,img_9_patch_2795_mask.tif,img_9.tif,2560,3264,256,256
img_9_patch_2796.tif,img_9_patch_2796_mask.tif,img_9.tif,2624,3264,256,256
img_9_patch_2797.tif,img_9_patch_2797_mask.tif,img_9.tif,2688,3264,256,256
img_9_patch_2798.tif,img_9_patch_2798_mask.tif,img_9.tif,2752,3264,256,256
img_9_patch_2799.tif,img_9_patch_2799_mask.tif,img_9.tif,2816,3264,256,256
img_9_patch_2800.tif,img_9_patch_2800_mask.tif,img_9.tif,2880,3264,256,256
img_9_patch_2801.tif,img_9_patch_2801_mask.tif,img_9.tif,2944,3264,256,256
img_9_patch_2802.tif,img_9_patch_2802_mask.tif,img_9.tif,3008,3264,256,256
img_9_patch_2803.tif,img_9_patch_2803_mask.tif,img_9.tif,3072,3264,256,256
img_9_patch_2804.tif,img_9_patch_2804_mask.tif,img_9.tif,3136,3264,256,256
img_9_patch_2805.tif,img_9_patch_2805_mask.tif,img_9.tif,3200,3264,256,256
img_9_patch_2806.tif,img_9_patch_2806_mask.tif,img_9.tif,3264,3264,256,256
img_9_patch_2807.tif,img_9_patch_2807_mask.tif,img_9.tif,3328,3264,256,256
img_9_patch_2808.tif,img_9_patch_2808_mask.tif,img_9.tif,3348,3264,256,256
img_9_patch_2809.tif,img_9_patch_2809_mask.tif,img_9.tif,0,3328,256,256
img_9_patch_2810.tif,img_9_patch_2810_mask.tif,img_9.tif,64,3328,256,256
img_9_patch_2811.tif,img_9_patch_2811_mask.tif,img_9.tif,128,3328,256,256
img_9_patch_2812.tif,img_9_patch_2812_mask.tif,img_9.tif,192,3328,256,256
img_9_patch_2813.tif,img_9_patch_2813_mask.tif,img_9.tif,256,3328,256,256
img_9_patch_2814.tif,img_9_patch_2814_mask.tif,img_9.tif,320,3328,256,256
img_9_patch_2815.tif,img_9_patch_2815_mask.tif,img_9.tif,384,3328,256,256
img_9_patch_2816.tif,img_9_patch_2816_mask.tif,img_9.tif,448,3328,256,256
img_9_patch_2817.tif,img_9_patch_2817_mask.tif,img_9.tif,512,3328,256,256
img_9_patch_2818.tif,img_9_patch_2818_mask.tif,img_9.tif,576,3328,256,256
img_9_patch_2819.tif,img_9_patch_2819_mask.tif,img_9.tif,640,3328,256,256
img_9_patch_2820.tif,img_9_patch_2820_mask.tif,img_9.tif,704,3328,256,256
img_9_patch_2821.tif,img_9_patch_2821_mask.tif,img_9.tif,768,3328,256,256
img_9_patch_2822.tif,img_9_patch_2822_mask.tif,img_9.tif,832,3328,256,256
img_9_patch_2823.tif,img_9_patch_2823_mask.tif,img_9.tif,896,3328,256,256
img_9_patch_2824.tif,img_9_patch_2824_mask.tif,img_9.tif,960,3328,256,256
img_9_patch_2825.tif,img_9_patch_2825_mask.tif,img_9.tif,1024,3328,256,256
img_9_patch_2826.tif,img_9_patch_2826_mask.tif,img_9.tif,1088,3328,256,256
img_9_patch_2827.tif,img_9_patch_2827_mask.tif,img_9.tif,1152,3328,256,256
img_9_patch_2828.tif,img_9_patch_2828_mask.tif,img_9.tif,1216,3328,256,256
img_9_patch_2829.tif,img_9_patch_2829_mask.tif,img_9.tif,1280,3328,256,256
img_9_patch_2830.tif,img_9_patch_2830_mask.tif,img_9.tif,1344,3328,256,256
img_9_patch_2831.tif,img_9_patch_2831_mask.tif,img_9.tif,1408,3328,256,256
img_9_patch_2832.tif,img_9_patch_2832_mask.tif,img_9.tif,1472,3328,256,256
img_9_patch_2833.tif,img_9_patch_2833_mask.tif,img_9.tif,1536,3328,256,256
img_9_patch_2834.tif,img_9_patch_2834_mask.tif,img_9.tif,1600,3328,256,256
img_9_patch_2835.tif,img_9_patch_2835_mask.tif,img_9.tif,1664,3328,256,256
img_9_patch_2836.tif,img_9_patch_2836_mask.tif,img_9.tif,1728,3328,256,256
img_9_patch_2837.tif,img_9_patch_2837_mask.tif,img_9.tif,1792,3328,256,256
img_9_patch_2838.tif,img_9_patch_2838_mask.tif,img_9.tif,1856,3328,256,256
img_9_patch_2839.tif,img_9_patch_2839_mask.tif,img_9.tif,1920,3328,256,256
img_9_patch_2840.tif,img_9_patch_2840_mask.tif,img_9.tif,1984,3328,256,256
img_9_patch_2841.tif,img_9_patch_2841_mask.tif,img_9.tif,2048,3328,256,256
img_9_patch_2842.tif,img_9_patch_2842_mask.tif,img_9.tif,2112,3328,256,256
img_9_patch_2843.tif,img_9_patch_2843_mask.tif,img_9.tif,2176,3328,256,256
img_9_patch_2844.tif,img_9_patch_2844_mask.tif,img_9.tif,2240,3328,256,256
img_9_patch_2845.tif,img_9_patch_2845_mask.tif,img_9.tif,2304,3328,256,256
img_9_patch_2846.tif,img_9_patch_2846_mask.tif,img_9.tif,2368,3328,256,256
img_9_patch_2847.tif,img_9_patch_2847_mask.tif,img_9.tif,2432,3328,256,256
img_9_patch_2848.tif,img_9_patch_2848_mask.tif,img_9.tif,2496,3328,256,256
img_9_patch_2849.tif,img_9_patch_2849_mask.tif,img_9.tif,2560,3328,256,256
img_9_patch_2850.tif,img_9_patch_2850_mask.tif,img_9.tif,2624,3328,256,256
img_9_patch_2851.tif,img_9_patch_2851_mask.tif,img_9.tif,2688,3328,256,256
img_9_patch_2852.tif,img_9_patch_2852_mask.tif,img_9.tif,2752,3328,256,256
img_9_patch_2853.tif,img_9_patch_2853_mask.tif,img_9.tif,2816,3328,256,256
img_9_patch_2854.tif,img_9_patch_2854_mask.tif,img_9.tif,2880,3328,256,256
img_9_patch_2855.tif,img_9_patch_2855_mask.tif,img_9.tif,2944,3328,256,256
img_9_patch_2856.tif,img_9_patch_2856_mask.tif,img_9.tif,3008,3328,256,256
img_9_patch_2857.tif,img_9_patch_2857_mask.tif,img_9.tif,3072,3328,256,256
img_9_patch_2858.tif,img_9_patch_2858_mask.tif,img_9.tif,3136,3328,256,256
img_9_patch_2859.tif,img_9_patch_2859_mask.tif,img_9.tif,3200,3328,256,256
img_9_patch_2860.tif,img_9_patch_2860_mask.tif,img_9.tif,3264,3328,256,256
img_9_patch_2861.tif,img_9_patch_2861_mask.tif,img_9.tif,3328,3328,256,256
img_9_patch_2862.tif,img_9_patch_2862_mask.tif,img_9.tif,3348,3328,256,256
img_9_patch_2863.tif,img_9_patch_2863_mask.tif,img_9.tif,0,3392,256,256
img_9_patch_2864.tif,img_9_patch_2864_mask.tif,img_9.tif,64,3392,256,256
img_9_patch_2865.tif,img_9_patch_2865_mask.tif,img_9.tif,128,3392,256,256
img_9_patch_2866.tif,img_9_patch_2866_mask.tif,img_9.tif,192,3392,256,256
img_9_patch_2867.tif,img_9_patch_2867_mask.tif,img_9.tif,256,3392,256,256
img_9_patch_2868.tif,img_9_patch_2868_mask.tif,img_9.tif,320,3392,256,256
img_9_patch_2869.tif,img_9_patch_2869_mask.tif,img_9.tif,384,3392,256,256
img_9_patch_2870.tif,img_9_patch_2870_mask.tif,img_9.tif,448,3392,256,256
img_9_patch_2871.tif,img_9_patch_2871_mask.tif,img_9.tif,512,3392,256,256
img_9_patch_2872.tif,img_9_patch_2872_mask.tif,img_9.tif,576,3392,256,256
img_9_patch_2873.tif,img_9_patch_2873_mask.tif,img_9.tif,640,3392,256,256
img_9_patch_2874.tif,img_9_patch_2874_mask.tif,img_9.tif,704,3392,256,256
img_9_patch_2875.tif,img_9_patch_2875_mask.tif,img_9.tif,768,3392,256,256
img_9_patch_2876.tif,img_9_patch_2876_mask.tif,img_9.tif,832,3392,256,256
img_9_patch_2877.tif,img_9_patch_2877_mask.tif,img_9.tif,896,3392,256,256
img_9_patch_2878.tif,img_9_patch_2878_mask.tif,img_9.tif,960,3392,256,256
img_9_patch_2879.tif,img_9_patch_2879_mask.tif,img_9.tif,1024,3392,256,256
img_9_patch_2880.tif,img_9_patch_2880_mask.tif,img_9.tif,1088,3392,256,256
img_9_patch_2881.tif,img_9_patch_2881_mask.tif,img_9.tif,1152,3392,256,256
img_9_patch_2882.tif,img_9_patch_2882_mask.tif,img_9.tif,1216,3392,256,256
img_9_patch_2883.tif,img_9_patch_2883_mask.tif,img_9.tif,1280,3392,256,256
img_9_patch_2884.tif,img_9_patch_2884_mask.tif,img_9.tif,1344,3392,256,256
img_9_patch_2885.tif,img_9_patch_2885_mask.tif,img_9.tif,1408,3392,256,256
img_9_patch_2886.tif,img_9_patch_2886_mask.tif,img_9.tif,1472,3392,256,256
img_9_patch_2887.tif,img_9_patch_2887_mask.tif,img_9.tif,1536,3392,256,256
img_9_patch_2888.tif,img_9_patch_2888_mask.tif,img_9.tif,1600,3392,256,256
img_9_patch_2889.tif,img_9_patch_2889_mask.tif,img_9.tif,1664,3392,256,256
img_9_patch_2890.tif,img_9_patch_2890_mask.tif,img_9.tif,1728,3392,256,256
img_9_patch_2891.tif,img_9_patch_2891_mask.tif,img_9.tif,1792,3392,256,256
img_9_patch_2892.tif,img_9_patch_2892_mask.tif,img_9.tif,1856,3392,256,256
img_9_patch_2893.tif,img_9_patch_2893_mask.tif,img_9.tif,1920,3392,256,256
img_9_patch_2894.tif,img_9_patch_2894_mask.tif,img_9.tif,1984,3392,256,256
img_9_patch_2895.tif,img_9_patch_2895_mask.tif,img_9.tif,2048,3392,256,256
img_9_patch_2896.tif,img_9_patch_2896_mask.tif,img_9.tif,2112,3392,256,256
img_9_patch_2897.tif,img_9_patch_2897_mask.tif,img_9.tif,2176,3392,256,256
img_9_patch_2898.tif,img_9_patch_2898_mask.tif,img_9.tif,2240,3392,256,256
img_9_patch_2899.tif,img_9_patch_2899_mask.tif,img_9.tif,2304,3392,256,256
img_9_patch_2900.tif,img_9_patch_2900_mask.tif,img_9.tif,2368,3392,256,256
img_9_patch_2901.tif,img_9_patch_2901_mask.tif,img_9.tif,2432,3392,256,256
img_9_patch_2902.tif,img_9_patch_2902_mask.tif,img_9.tif,2496,3392,256,256
img_9_patch_2903.tif,img_9_patch_2903_mask.tif,img_9.tif,2560,3392,256,256
img_9_patch_2904.tif,img_9_patch_2904_mask.tif,img_9.tif,2624,3392,256,256
img_9_patch_2905.tif,img_9_patch_2905_mask.tif,img_9.tif,2688,3392,256,256
img_9_patch_2906.tif,img_9_patch_2906_mask.tif,img_9.tif,2752,3392,256,256
img_9_patch_2907.tif,img_9_patch_2907_mask.tif,img_9.tif,2816,3392,256,256
img_9_patch_2908.tif,img_9_patch_2908_mask.tif,img_9.tif,2880,3392,256,256
img_9_patch_2909.tif,img_9_patch_2909_mask.tif,img_9.tif,2944,3392,256,256
img_9_patch_2910.tif,img_9_patch_2910_mask.tif,img_9.tif,3008,3392,256,256
img_9_patch_2911.tif,img_9_patch_2911_mask.tif,img_9.tif,3072,3392,256,256
img_9_patch_2912.tif,img_9_patch_2912_mask.tif,img_9.tif,3136,3392,256,256
img_9_patch_2913.tif,img_9_patch_2913_mask.tif,img_9.tif,3200,3392,256,256
img_9_patch_2914.tif,img_9_patch_2914_mask.tif,img_9.tif,3264,3392,256,256
img_9_patch_2915.tif,img_9_patch_2915_mask.tif,img_9.tif,3328,3392,256,256
img_9_patch_2916.tif,img_9_patch_2916_mask.tif,img_9.tif,3348,3392,256,256
img_9_patch_2917.tif,img_9_patch_2917_mask.tif,img_9.tif,0,3456,256,256
img_9_patch_2918.tif,img_9_patch_2918_mask.tif,img_9.tif,64,3456,256,256
img_9_patch_2919.tif,img_9_patch_2919_mask.tif,img_9.tif,128,3456,256,256
img_9_patch_2920.tif,img_9_patch_2920_mask.tif,img_9.tif,192,3456,256,256
img_9_patch_2921.tif,img_9_patch_2921_mask.tif,img_9.tif,256,3456,256,256
img_9_patch_2922.tif,img_9_patch_2922_mask.tif,img_9.tif,320,3456,256,256
img_9_patch_2923.tif,img_9_patch_2923_mask.tif,img_9.tif,384,3456,256,256
img_9_patch_2924.tif,img_9_patch_2924_mask.tif,img_9.tif,448,3456,256,256
img_9_patch_2925.tif,img_9_patch_2925_mask.tif,img_9.tif,512,3456,256,256
img_9_patch_2926.tif,img_9_patch_2926_mask.tif,img_9.tif,576,3456,256,256
img_9_patch_2927.tif,img_9_patch_2927_mask.tif,img_9.tif,640,3456,256,256
img_9_patch_2928.tif,img_9_patch_2928_mask.tif,img_9.tif,704,3456,256,256
img_9_patch_2929.tif,img_9_patch_2929_mask.tif,img_9.tif,768,3456,256,256
img_9_patch_2930.tif,img_9_patch_2930_mask.tif,img_9.tif,832,3456,256,256
img_9_patch_2931.tif,img_9_patch_2931_mask.tif,img_9.tif,896,3456,256,256
img_9_patch_2932.tif,img_9_patch_2932_mask.tif,img_9.tif,960,3456,256,256
img_9_patch_2933.tif,img_9_patch_2933_mask.tif,img_9.tif,1024,3456,256,256
img_9_patch_2934.tif,img_9_patch_2934_mask.tif,img_9.tif,1088,3456,256,256
img_9_patch_2935.tif,img_9_patch_2935_mask.tif,img_9.tif,1152,3456,256,256
img_9_patch_2936.tif,img_9_patch_2936_mask.tif,img_9.tif,1216,3456,256,256
img_9_patch_2937.tif,img_9_patch_2937_mask.tif,img_9.tif,1280,3456,256,256
img_9_patch_2938.tif,img_9_patch_2938_mask.tif,img_9.tif,1344,3456,256,256
img_9_patch_2939.tif,img_9_patch_2939_mask.tif,img_9.tif,1408,3456,256,256
img_9_patch_2940.tif,img_9_patch_2940_mask.tif,img_9.tif,1472,3456,256,256
img_9_patch_2941.tif,img_9_patch_2941_mask.tif,img_9.tif,1536,3456,256,256
img_9_patch_2942.tif,img_9_patch_2942_mask.tif,img_9.tif,1600,3456,256,256
img_9_patch_2943.tif,img_9_patch_2943_mask.tif,img_9.tif,1664,3456,256,256
img_9_patch_2944.tif,img_9_patch_2944_mask.tif,img_9.tif,1728,3456,256,256
img_9_patch_2945.tif,img_9_patch_2945_mask.tif,img_9.tif,1792,3456,256,256
img_9_patch_2946.tif,img_9_patch_2946_mask.tif,img_9.tif,1856,3456,256,256
img_9_patch_2947.tif,img_9_patch_2947_mask.tif,img_9.tif,1920,3456,256,256
img_9_patch_2948.tif,img_9_patch_2948_mask.tif,img_9.tif,1984,3456,256,256
img_9_patch_2949.tif,img_9_patch_2949_mask.tif,img_9.tif,2048,3456,256,256
img_9_patch_2950.tif,img_9_patch_2950_mask.tif,img_9.tif,2112,3456,256,256
img_9_patch_2951.tif,img_9_patch_2951_mask.tif,img_9.tif,2176,3456,256,256
img_9_patch_2952.tif,img_9_patch_2952_mask.tif,img_9.tif,2240,3456,256,256
img_9_patch_2953.tif,img_9_patch_2953_mask.tif,img_9.tif,2304,3456,256,256
img_9_patch_2954.tif,img_9_patch_2954_mask.tif,img_9.tif,2368,3456,256,256
img_9_patch_2955.tif,img_9_patch_2955_mask.tif,img_9.tif,2432,3456,256,256
img_9_patch_2956.tif,img_9_patch_2956_mask.tif,img_9.tif,2496,3456,256,256
img_9_patch_2957.tif,img_9_patch_2957_mask.tif,img_9.tif,2560,3456,256,256
img_9_patch_2958.tif,img_9_patch_2958_mask.tif,img_9.tif,2624,3456,256,256
img_9_patch_2959.tif,img_9_patch_2959_mask.tif,img_9.tif,2688,3456,256,256
img_9_patch_2960.tif,img_9_patch_2960_mask.tif,img_9.tif,2752,3456,256,256
img_9_patch_2961.tif,img_9_patch_2961_mask.tif,img_9.tif,2816,3456,256,256
img_9_patch_2962.tif,img_9_patch_2962_mask.tif,img_9.tif,2880,3456,256,256
img_9_patch_2963.tif,img_9_patch_2963_mask.tif,img_9.tif,2944,3456,256,256
img_9_patch_2964.tif,img_9_patch_2964_mask.tif,img_9.tif,3008,3456,256,256
img_9_patch_2965.tif,img_9_patch_2965_mask.tif,img_9.tif,3072,3456,256,256
img_9_patch_2966.tif,img_9_patch_2966_mask.tif,img_9.tif,3136,3456,256,256
img_9_patch_2967.tif,img_9_patch_2967_mask.tif,img_9.tif,3200,3456,256,256
img_9_patch_2968.tif,img_9_patch_2968_mask.tif,img_9.tif,3264,3456,256,256
img_9_patch_2969.tif,img_9_patch_2969_mask.tif,img_9.tif,3328,3456,256,256
img_9_patch_2970.tif,img_9_patch_2970_mask.tif,img_9.tif,3348,3456,256,256
img_9_patch_2971.tif,img_9_patch_2971_mask.tif,img_9.tif,0,3520,256,256
img_9_patch_2972.tif,img_9_patch_2972_mask.tif,img_9.tif,64,3520,256,256
img_9_patch_2973.tif,img_9_patch_2973_mask.tif,img_9.tif,128,3520,256,256
img_9_patch_2974.tif,img_9_patch_2974_mask.tif,img_9.tif,192,3520,256,256
img_9_patch_2975.tif,img_9_patch_2975_mask.tif,img_9.tif,256,3520,256,256
img_9_patch_2976.tif,img_9_patch_2976_mask.tif,img_9.tif,320,3520,256,256
img_9_patch_2977.tif,img_9_patch_2977_mask.tif,img_9.tif,384,3520,256,256
img_9_patch_2978.tif,img_9_patch_2978_mask.tif,img_9.tif,448,3520,256,256
img_9_patch_2979.tif,img_9_patch_2979_mask.tif,img_9.tif,512,3520,256,256
img_9_patch_2980.tif,img_9_patch_2980_mask.tif,img_9.tif,576,3520,256,256
img_9_patch_2981.tif,img_9_patch_2981_mask.tif,img_9.tif,640,3520,256,256
img_9_patch_2982.tif,img_9_patch_2982_mask.tif,img_9.tif,704,3520,256,256
img_9_patch_2983.tif,img_9_patch_2983_mask.tif,img_9.tif,768,3520,256,256
img_9_patch_2984.tif,img_9_patch_2984_mask.tif,img_9.tif,832,3520,256,256
img_9_patch_2985.tif,img_9_patch_2985_mask.tif,img_9.tif,896,3520,256,256
img_9_patch_2986.tif,img_9_patch_2986_mask.tif,img_9.tif,960,3520,256,256
img_9_patch_2987.tif,img_9_patch_2987_mask.tif,img_9.tif,1024,3520,256,256
img_9_patch_2988.tif,img_9_patch_2988_mask.tif,img_9.tif,1088,3520,256,256
img_9_patch_2989.tif,img_9_patch_2989_mask.tif,img_9.tif,1152,3520,256,256
img_9_patch_2990.tif,img_9_patch_2990_mask.tif,img_9.tif,1216,3520,256,256
img_9_patch_2991.tif,img_9_patch_2991_mask.tif,img_9.tif,1280,3520,256,256
img_9_patch_2992.tif,img_9_patch_2992_mask.tif,img_9.tif,1344,3520,256,256
img_9_patch_2993.tif,img_9_patch_2993_mask.tif,img_9.tif,1408,3520,256,256
img_9_patch_2994.tif,img_9_patch_2994_mask.tif,img_9.tif,1472,3520,256,256
img_9_patch_2995.tif,img_9_patch_2995_mask.tif,img_9.tif,1536,3520,256,256
img_9_patch_2996.tif,img_9_patch_2996_mask.tif,img_9.tif,1600,3520,256,256
img_9_patch_2997.tif,img_9_patch_2997_mask.tif,img_9.tif,1664,3520,256,256
img_9_patch_2998.tif,img_9_patch_2998_mask.tif,img_9.tif,1728,3520,256,256
img_9_patch_2999.tif,img_9_patch_2999_mask.tif,img_9.tif,1792,3520,256,256
img_9_patch_3000.tif,img_9_patch_3000_mask.tif,img_9.tif,1856,3520,256,256
img_9_patch_3001.tif,img_9_patch_3001_mask.tif,img_9.tif,1920,3520,256,256
img_9_patch_3002.tif,img_9_patch_3002_mask.tif,img_9.tif,1984,3520,256,256
img_9_patch_3003.tif,img_9_patch_3003_mask.tif,img_9.tif,2048,3520,256,256
img_9_patch_3004.tif,img_9_patch_3004_mask.tif,img_9.tif,2112,3520,256,256
img_9_patch_3005.tif,img_9_patch_3005_mask.tif,img_9.tif,2176,3520,256,256
img_9_patch_3006.tif,img_9_patch_3006_mask.tif,img_9.tif,2240,3520,256,256
img_9_patch_3007.tif,img_9_patch_3007_mask.tif,img_9.tif,2304,3520,256,256
img_9_patch_3008.tif,img_9_patch_3008_mask.tif,img_9.tif,2368,3520,256,256
img_9_patch_3009.tif,img_9_patch_3009_mask.tif,img_9.tif,2432,3520,256,256
img_9_patch_3010.tif,img_9_patch_3010_mask.tif,img_9.tif,2496,3520,256,256
img_9_patch_3011.tif,img_9_patch_3011_mask.tif,img_9.tif,2560,3520,256,256
img_9_patch_3012.tif,img_9_patch_3012_mask.tif,img_9.tif,2624,3520,256,256
img_9_patch_3013.tif,img_9_patch_3013_mask.tif,img_9.tif,2688,3520,256,256
img_9_patch_3014.tif,img_9_patch_3014_mask.tif,img_9.tif,2752,3520,256,256
img_9_patch_3015.tif,img_9_patch_3015_mask.tif,img_9.tif,2816,3520,256,256
img_9_patch_3016.tif,img_9_patch_3016_mask.tif,img_9.tif,2880,3520,256,256
img_9_patch_3017.tif,img_9_patch_3017_mask.tif,img_9.tif,2944,3520,256,256
img_9_patch_3018.tif,img_9_patch_3018_mask.tif,img_9.tif,3008,3520,256,256
img_9_patch_3019.tif,img_9_patch_3019_mask.tif,img_9.tif,3072,3520,256,256
img_9_patch_3020.tif,img_9_patch_3020_mask.tif,img_9.tif,3136,3520,256,256
img_9_patch_3021.tif,img_9_patch_3021_mask.tif,img_9.tif,3200,3520,256,256
img_9_patch_3022.tif,img_9_patch_3022_mask.tif,img_9.tif,3264,3520,256,256
img_9_patch_3023.tif,img_9_patch_3023_mask.tif,img_9.tif,3328,3520,256,256
img_9_patch_3024.tif,img_9_patch_3024_mask.tif,img_9.tif,3348,3520,256,256
img_9_patch_3025.tif,img_9_patch_3025_mask.tif,img_9.tif,0,3584,256,256
img_9_patch_3026.tif,img_9_patch_3026_mask.tif,img_9.tif,64,3584,256,256
img_9_patch_3027.tif,img_9_patch_3027_mask.tif,img_9.tif,128,3584,256,256
img_9_patch_3028.tif,img_9_patch_3028_mask.tif,img_9.tif,192,3584,256,256
img_9_patch_3029.tif,img_9_patch_3029_mask.tif,img_9.tif,256,3584,256,256
img_9_patch_3030.tif,img_9_patch_3030_mask.tif,img_9.tif,320,3584,256,256
img_9_patch_3031.tif,img_9_patch_3031_mask.tif,img_9.tif,384,3584,256,256
img_9_patch_3032.tif,img_9_patch_3032_mask.tif,img_9.tif,448,3584,256,256
img_9_patch_3033.tif,img_9_patch_3033_mask.tif,img_9.tif,512,3584,256,256
img_9_patch_3034.tif,img_9_patch_3034_mask.tif,img_9.tif,576,3584,256,256
img_9_patch_3035.tif,img_9_patch_3035_mask.tif,img_9.tif,640,3584,256,256
img_9_patch_3036.tif,img_9_patch_3036_mask.tif,img_9.tif,704,3584,256,256
img_9_patch_3037.tif,img_9_patch_3037_mask.tif,img_9.tif,768,3584,256,256
img_9_patch_3038.tif,img_9_patch_3038_mask.tif,img_9.tif,832,3584,256,256
img_9_patch_3039.tif,img_9_patch_3039_mask.tif,img_9.tif,896,3584,256,256
img_9_patch_3040.tif,img_9_patch_3040_mask.tif,img_9.tif,960,3584,256,256
img_9_patch_3041.tif,img_9_patch_3041_mask.tif,img_9.tif,1024,3584,256,256
img_9_patch_3042.tif,img_9_patch_3042_mask.tif,img_9.tif,1088,3584,256,256
img_9_patch_3043.tif,img_9_patch_3043_mask.tif,img_9.tif,1152,3584,256,256
img_9_patch_3044.tif,img_9_patch_3044_mask.tif,img_9.tif,1216,3584,256,256
img_9_patch_3045.tif,img_9_patch_3045_mask.tif,img_9.tif,1280,3584,256,256
img_9_patch_3046.tif,img_9_patch_3046_mask.tif,img_9.tif,1344,3584,256,256
img_9_patch_3047.tif,img_9_patch_3047_mask.tif,img_9.tif,1408,3584,256,256
img_9_patch_3048.tif,img_9_patch_3048_mask.tif,img_9.tif,1472,3584,256,256
img_9_patch_3049.tif,img_9_patch_3049_mask.tif,img_9.tif,1536,3584,256,256
img_9_patch_3050.tif,img_9_patch_3050_mask.tif,img_9.tif,1600,3584,256,256
img_9_patch_3051.tif,img_9_patch_3051_mask.tif,img_9.tif,1664,3584,256,256
img_9_patch_3052.tif,img_9_patch_3052_mask.tif,img_9.tif,1728,3584,256,256
img_9_patch_3053.tif,img_9_patch_3053_mask.tif,img_9.tif,1792,3584,256,256
img_9_patch_3054.tif,img_9_patch_3054_mask.tif,img_9.tif,1856,3584,256,256
img_9_patch_3055.tif,img_9_patch_3055_mask.tif,img_9.tif,1920,3584,256,256
img_9_patch_3056.tif,img_9_patch_3056_mask.tif,img_9.tif,1984,3584,256,256
img_9_patch_3057.tif,img_9_patch_3057_mask.tif,img_9.tif,2048,3584,256,256
img_9_patch_3058.tif,img_9_patch_3058_mask.tif,img_9.tif,2112,3584,256,256
img_9_patch_3059.tif,img_9_patch_3059_mask.tif,img_9.tif,2176,3584,256,256
img_9_patch_3060.tif,img_9_patch_3060_mask.tif,img_9.tif,2240,3584,256,256
img_9_patch_3061.tif,img_9_patch_3061_mask.tif,img_9.tif,2304,3584,256,256
img_9_patch_3062.tif,img_9_patch_3062_mask.tif,img_9.tif,2368,3584,256,256
img_9_patch_3063.tif,img_9_patch_3063_mask.tif,img_9.tif,2432,3584,256,256
img_9_patch_3064.tif,img_9_patch_3064_mask.tif,img_9.tif,2496,3584,256,256
img_9_patch_3065.tif,img_9_patch_3065_mask.tif,img_9.tif,2560,3584,256,256
img_9_patch_3066.tif,img_9_patch_3066_mask.tif,img_9.tif,2624,3584,256,256
img_9_patch_3067.tif,img_9_patch_3067_mask.tif,img_9.tif,2688,3584,256,256
img_9_patch_3068.tif,img_9_patch_3068_mask.tif,img_9.tif,2752,3584,256,256
img_9_patch_3069.tif,img_9_patch_3069_mask.tif,img_9.tif,2816,3584,256,256
img_9_patch_3070.tif,img_9_patch_3070_mask.tif,img_9.tif,2880,3584,256,256
img_9_patch_3071.tif,img_9_patch_3071_mask.tif,img_9.tif,2944,3584,256,256
img_9_patch_3072.tif,img_9_patch_3072_mask.tif,img_9.tif,3008,3584,256,256
img_9_patch_3073.tif,img_9_patch_3073_mask.tif,img_9.tif,3072,3584,256,256
img_9_patch_3074.tif,img_9_patch_3074_mask.tif,img_9.tif,3136,3584,256,256
img_9_patch_3075.tif,img_9_patch_3075_mask.tif,img_9.tif,3200,3584,256,256
img_9_patch_3076.tif,img_9_patch_3076_mask.tif,img_9.tif,3264,3584,256,256
img_9_patch_3077.tif,img_9_patch_3077_mask.tif,img_9.tif,3328,3584,256,256
img_9_patch_3078.tif,img_9_patch_3078_mask.tif,img_9.tif,3348,3584,256,256
img_9_patch_3079.tif,img_9_patch_3079_mask.tif,img_9.tif,0,3648,256,256
img_9_patch_3080.tif,img_9_patch_3080_mask.tif,img_9.tif,64,3648,256,256
img_9_patch_3081.tif,img_9_patch_3081_mask.tif,img_9.tif,128,3648,256,256
img_9_patch_3082.tif,img_9_patch_3082_mask.tif,img_9.tif,192,3648,256,256
img_9_patch_3083.tif,img_9_patch_3083_mask.tif,img_9.tif,256,3648,256,256
img_9_patch_3084.tif,img_9_patch_3084_mask.tif,img_9.tif,320,3648,256,256
img_9_patch_3085.tif,img_9_patch_3085_mask.tif,img_9.tif,384,3648,256,256
img_9_patch_3086.tif,img_9_patch_3086_mask.tif,img_9.tif,448,3648,256,256
img_9_patch_3087.tif,img_9_patch_3087_mask.tif,img_9.tif,512,3648,256,256
img_9_patch_3088.tif,img_9_patch_3088_mask.tif,img_9.tif,576,3648,256,256
img_9_patch_3089.tif,img_9_patch_3089_mask.tif,img_9.tif,640,3648,256,256
img_9_patch_3090.tif,img_9_patch_3090_mask.tif,img_9.tif,704,3648,256,256
img_9_patch_3091.tif,img_9_patch_3091_mask.tif,img_9.tif,768,3648,256,256
img_9_patch_3092.tif,img_9_patch_3092_mask.tif,img_9.tif,832,3648,256,256
img_9_patch_3093.tif,img_9_patch_3093_mask.tif,img_9.tif,896,3648,256,256
img_9_patch_3094.tif,img_9_patch_3094_mask.tif,img_9.tif,960,3648,256,256
img_9_patch_3095.tif,img_9_patch_3095_mask.tif,img_9.tif,1024,3648,256,256
img_9_patch_3096.tif,img_9_patch_3096_mask.tif,img_9.tif,1088,3648,256,256
img_9_patch_3097.tif,img_9_patch_3097_mask.tif,img_9.tif,1152,3648,256,256
img_9_patch_3098.tif,img_9_patch_3098_mask.tif,img_9.tif,1216,3648,256,256
img_9_patch_3099.tif,img_9_patch_3099_mask.tif,img_9.tif,1280,3648,256,256
img_9_patch_3100.tif,img_9_patch_3100_mask.tif,img_9.tif,1344,3648,256,256
img_9_patch_3101.tif,img_9_patch_3101_mask.tif,img_9.tif,1408,3648,256,256
img_9_patch_3102.tif,img_9_patch_3102_mask.tif,img_9.tif,1472,3648,256,256
img_9_patch_3103.tif,img_9_patch_3103_mask.tif,img_9.tif,1536,3648,256,256
img_9_patch_3104.tif,img_9_patch_3104_mask.tif,img_9.tif,1600,3648,256,256
img_9_patch_3105.tif,img_9_patch_3105_mask.tif,img_9.tif,1664,3648,256,256
img_9_patch_3106.tif,img_9_patch_3106_mask.tif,img_9.tif,1728,3648,256,256
img_9_patch_3107.tif,img_9_patch_3107_mask.tif,img_9.tif,1792,3648,256,256
img_9_patch_3108.tif,img_9_patch_3108_mask.tif,img_9.tif,1856,3648,256,256
img_9_patch_3109.tif,img_9_patch_3109_mask.tif,img_9.tif,1920,3648,256,256
img_9_patch_3110.tif,img_9_patch_3110_mask.tif,img_9.tif,1984,3648,256,256
img_9_patch_3111.tif,img_9_patch_3111_mask.tif,img_9.tif,2048,3648,256,256
img_9_patch_3112.tif,img_9_patch_3112_mask.tif,img_9.tif,2112,3648,256,256
img_9_patch_3113.tif,img_9_patch_3113_mask.tif,img_9.tif,2176,3648,256,256
img_9_patch_3114.tif,img_9_patch_3114_mask.tif,img_9.tif,2240,3648,256,256
img_9_patch_3115.tif,img_9_patch_3115_mask.tif,img_9.tif,2304,3648,256,256
img_9_patch_3116.tif,img_9_patch_3116_mask.tif,img_9.tif,2368,3648,256,256
img_9_patch_3117.tif,img_9_patch_3117_mask.tif,img_9.tif,2432,3648,256,256
img_9_patch_3118.tif,img_9_patch_3118_mask.tif,img_9.tif,2496,3648,256,256
img_9_patch_3119.tif,img_9_patch_3119_mask.tif,img_9.tif,2560,3648,256,256
img_9_patch_3120.tif,img_9_patch_3120_mask.tif,img_9.tif,2624,3648,256,256
img_9_patch_3121.tif,img_9_patch_3121_mask.tif,img_9.tif,2688,3648,256,256
img_9_patch_3122.tif,img_9_patch_3122_mask.tif,img_9.tif,2752,3648,256,256
img_9_patch_3123.tif,img_9_patch_3123_mask.tif,img_9.tif,2816,3648,256,256
img_9_patch_3124.tif,img_9_patch_3124_mask.tif,img_9.tif,2880,3648,256,256
img_9_patch_3125.tif,img_9_patch_3125_mask.tif,img_9.tif,2944,3648,256,256
img_9_patch_3126.tif,img_9_patch_3126_mask.tif,img_9.tif,3008,3648,256,256
img_9_patch_3127.tif,img_9_patch_3127_mask.tif,img_9.tif,3072,3648,256,256
img_9_patch_3128.tif,img_9_patch_3128_mask.tif,img_9.tif,3136,3648,256,256
img_9_patch_3129.tif,img_9_patch_3129_mask.tif,img_9.tif,3200,3648,256,256
img_9_patch_3130.tif,img_9_patch_3130_mask.tif,img_9.tif,3264,3648,256,256
img_9_patch_3131.tif,img_9_patch_3131_mask.tif,img_9.tif,3328,3648,256,256
img_9_patch_3132.tif,img_9_patch_3132_mask.tif,img_9.tif,3348,3648,256,256
img_9_patch_3133.tif,img_9_patch_3133_mask.tif,img_9.tif,0,3712,256,256
img_9_patch_3134.tif,img_9_patch_3134_mask.tif,img_9.tif,64,3712,256,256
img_9_patch_3135.tif,img_9_patch_3135_mask.tif,img_9.tif,128,3712,256,256
img_9_patch_3136.tif,img_9_patch_3136_mask.tif,img_9.tif,192,3712,256,256
img_9_patch_3137.tif,img_9_patch_3137_mask.tif,img_9.tif,256,3712,256,256
img_9_patch_3138.tif,img_9_patch_3138_mask.tif,img_9.tif,320,3712,256,256
img_9_patch_3139.tif,img_9_patch_3139_mask.tif,img_9.tif,384,3712,256,256
img_9_patch_3140.tif,img_9_patch_3140_mask.tif,img_9.tif,448,3712,256,256
img_9_patch_3141.tif,img_9_patch_3141_mask.tif,img_9.tif,512,3712,256,256
img_9_patch_3142.tif,img_9_patch_3142_mask.tif,img_9.tif,576,3712,256,256
img_9_patch_3143.tif,img_9_patch_3143_mask.tif,img_9.tif,640,3712,256,256
img_9_patch_3144.tif,img_9_patch_3144_mask.tif,img_9.tif,704,3712,256,256
img_9_patch_3145.tif,img_9_patch_3145_mask.tif,img_9.tif,768,3712,256,256
img_9_patch_3146.tif,img_9_patch_3146_mask.tif,img_9.tif,832,3712,256,256
img_9_patch_3147.tif,img_9_patch_3147_mask.tif,img_9.tif,896,3712,256,256
img_9_patch_3148.tif,img_9_patch_3148_mask.tif,img_9.tif,960,3712,256,256
img_9_patch_3149.tif,img_9_patch_3149_mask.tif,img_9.tif,1024,3712,256,256
img_9_patch_3150.tif,img_9_patch_3150_mask.tif,img_9.tif,1088,3712,256,256
img_9_patch_3151.tif,img_9_patch_3151_mask.tif,img_9.tif,1152,3712,256,256
img_9_patch_3152.tif,img_9_patch_3152_mask.tif,img_9.tif,1216,3712,256,256
img_9_patch_3153.tif,img_9_patch_3153_mask.tif,img_9.tif,1280,3712,256,256
img_9_patch_3154.tif,img_9_patch_3154_mask.tif,img_9.tif,1344,3712,256,256
img_9_patch_3155.tif,img_9_patch_3155_mask.tif,img_9.tif,1408,3712,256,256
img_9_patch_3156.tif,img_9_patch_3156_mask.tif,img_9.tif,1472,3712,256,256
img_9_patch_3157.tif,img_9_patch_3157_mask.tif,img_9.tif,1536,3712,256,256
img_9_patch_3158.tif,img_9_patch_3158_mask.tif,img_9.tif,1600,3712,256,256
img_9_patch_3159.tif,img_9_patch_3159_mask.tif,img_9.tif,1664,3712,256,256
img_9_patch_3160.tif,img_9_patch_3160_mask.tif,img_9.tif,1728,3712,256,256
img_9_patch_3161.tif,img_9_patch_3161_mask.tif,img_9.tif,1792,3712,256,256
img_9_patch_3162.tif,img_9_patch_3162_mask.tif,img_9.tif,1856,3712,256,256
img_9_patch_3163.tif,img_9_patch_3163_mask.tif,img_9.tif,1920,3712,256,256
img_9_patch_3164.tif,img_9_patch_3164_mask.tif,img_9.tif,1984,3712,256,256
img_9_patch_3165.tif,img_9_patch_3165_mask.tif,img_9.tif,2048,3712,256,256
img_9_patch_3166.tif,img_9_patch_3166_mask.tif,img_9.tif,2112,3712,256,256
img_9_patch_3167.tif,img_9_patch_3167_mask.tif,img_9.tif,2176,3712,256,256
img_9_patch_3168.tif,img_9_patch_3168_mask.tif,img_9.tif,2240,3712,256,256
img_9_patch_3169.tif,img_9_patch_3169_mask.tif,img_9.tif,2304,3712,256,256
img_9_patch_3170.tif,img_9_patch_3170_mask.tif,img_9.tif,2368,3712,256,256
img_9_patch_3171.tif,img_9_patch_3171_mask.tif,img_9.tif,2432,3712,256,256
img_9_patch_3172.tif,img_9_patch_3172_mask.tif,img_9.tif,2496,3712,256,256
img_9_patch_3173.tif,img_9_patch_3173_mask.tif,img_9.tif,2560,3712,256,256
img_9_patch_3174.tif,img_9_patch_3174_mask.tif,img_9.tif,2624,3712,256,256
img_9_patch_3175.tif,img_9_patch_3175_mask.tif,img_9.tif,2688,3712,256,256
img_9_patch_3176.tif,img_9_patch_3176_mask.tif,img_9.tif,2752,3712,256,256
img_9_patch_3177.tif,img_9_patch_3177_mask.tif,img_9.tif,2816,3712,256,256
img_9_patch_3178.tif,img_9_patch_3178_mask.tif,img_9.tif,2880,3712,256,256
img_9_patch_3179.tif,img_9_patch_3179_mask.tif,img_9.tif,2944,3712,256,256
img_9_patch_3180.tif,img_9_patch_3180_mask.tif,img_9.tif,3008,3712,256,256
img_9_patch_3181.tif,img_9_patch_3181_mask.tif,img_9.tif,3072,3712,256,256
img_9_patch_3182.tif,img_9_patch_3182_mask.tif,img_9.tif,3136,3712,256,256
img_9_patch_3183.tif,img_9_patch_3183_mask.tif,img_9.tif,3200,3712,256,256
img_9_patch_3184.tif,img_9_patch_3184_mask.tif,img_9.tif,3264,3712,256,256
img_9_patch_3185.tif,img_9_patch_3185_mask.tif,img_9.tif,3328,3712,256,256
img_9_patch_3186.tif,img_9_patch_3186_mask.tif,img_9.tif,3348,3712,256,256
img_9_patch_3187.tif,img_9_patch_3187_mask.tif,img_9.tif,0,3776,256,256
img_9_patch_3188.tif,img_9_patch_3188_mask.tif,img_9.tif,64,3776,256,256
img_9_patch_3189.tif,img_9_patch_3189_mask.tif,img_9.tif,128,3776,256,256
img_9_patch_3190.tif,img_9_patch_3190_mask.tif,img_9.tif,192,3776,256,256
img_9_patch_3191.tif,img_9_patch_3191_mask.tif,img_9.tif,256,3776,256,256
img_9_patch_3192.tif,img_9_patch_3192_mask.tif,img_9.tif,320,3776,256,256
img_9_patch_3193.tif,img_9_patch_3193_mask.tif,img_9.tif,384,3776,256,256
img_9_patch_3194.tif,img_9_patch_3194_mask.tif,img_9.tif,448,3776,256,256
img_9_patch_3195.tif,img_9_patch_3195_mask.tif,img_9.tif,512,3776,256,256
img_9_patch_3196.tif,img_9_patch_3196_mask.tif,img_9.tif,576,3776,256,256
img_9_patch_3197.tif,img_9_patch_3197_mask.tif,img_9.tif,640,3776,256,256
img_9_patch_3198.tif,img_9_patch_3198_mask.tif,img_9.tif,704,3776,256,256
img_9_patch_3199.tif,img_9_patch_3199_mask.tif,img_9.tif,768,3776,256,256
img_9_patch_3200.tif,img_9_patch_3200_mask.tif,img_9.tif,832,3776,256,256
img_9_patch_3201.tif,img_9_patch_3201_mask.tif,img_9.tif,896,3776,256,256
img_9_patch_3202.tif,img_9_patch_3202_mask.tif,img_9.tif,960,3776,256,256
img_9_patch_3203.tif,img_9_patch_3203_mask.tif,img_9.tif,1024,3776,256,256
img_9_patch_3204.tif,img_9_patch_3204_mask.tif,img_9.tif,1088,3776,256,256
img_9_patch_3205.tif,img_9_patch_3205_mask.tif,img_9.tif,1152,3776,256,256
img_9_patch_3206.tif,img_9_patch_3206_mask.tif,img_9.tif,1216,3776,256,256
img_9_patch_3207.tif,img_9_patch_3207_mask.tif,img_9.tif,1280,3776,256,256
img_9_patch_3208.tif,img_9_patch_3208_mask.tif,img_9.tif,1344,3776,256,256
img_9_patch_3209.tif,img_9_patch_3209_mask.tif,img_9.tif,1408,3776,256,256
img_9_patch_3210.tif,img_9_patch_3210_mask.tif,img_9.tif,1472,3776,256,256
img_9_patch_3211.tif,img_9_patch_3211_mask.tif,img_9.tif,1536,3776,256,256
img_9_patch_3212.tif,img_9_patch_3212_mask.tif,img_9.tif,1600,3776,256,256
img_9_patch_3213.tif,img_9_patch_3213_mask.tif,img_9.tif,1664,3776,256,256
img_9_patch_3214.tif,img_9_patch_3214_mask.tif,img_9.tif,1728,3776,256,256
img_9_patch_3215.tif,img_9_patch_3215_mask.tif,img_9.tif,1792,3776,256,256
img_9_patch_3216.tif,img_9_patch_3216_mask.tif,img_9.tif,1856,3776,256,256
img_9_patch_3217.tif,img_9_patch_3217_mask.tif,img_9.tif,1920,3776,256,256
img_9_patch_3218.tif,img_9_patch_3218_mask.tif,img_9.tif,1984,3776,256,256
img_9_patch_3219.tif,img_9_patch_3219_mask.tif,img_9.tif,2048,3776,256,256
img_9_patch_3220.tif,img_9_patch_3220_mask.tif,img_9.tif,2112,3776,256,256
img_9_patch_3221.tif,img_9_patch_3221_mask.tif,img_9.tif,2176,3776,256,256
img_9_patch_3222.tif,img_9_patch_3222_mask.tif,img_9.tif,2240,3776,256,256
img_9_patch_3223.tif,img_9_patch_3223_mask.tif,img_9.tif,2304,3776,256,256
img_9_patch_3224.tif,img_9_patch_3224_mask.tif,img_9.tif,2368,3776,256,256
img_9_patch_3225.tif,img_9_patch_3225_mask.tif,img_9.tif,2432,3776,256,256
img_9_patch_3226.tif,img_9_patch_3226_mask.tif,img_9.tif,2496,3776,256,256
img_9_patch_3227.tif,img_9_patch_3227_mask.tif,img_9.tif,2560,3776,256,256
img_9_patch_3228.tif,img_9_patch_3228_mask.tif,img_9.tif,2624,3776,256,256
img_9_patch_3229.tif,img_9_patch_3229_mask.tif,img_9.tif,2688,3776,256,256
img_9_patch_3230.tif,img_9_patch_3230_mask.tif,img_9.tif,2752,3776,256,256
img_9_patch_3231.tif,img_9_patch_3231_mask.tif,img_9.tif,2816,3776,256,256
img_9_patch_3232.tif,img_9_patch_3232_mask.tif,img_9.tif,2880,3776,256,256
img_9_patch_3233.tif,img_9_patch_3233_mask.tif,img_9.tif,2944,3776,256,256
img_9_patch_3234.tif,img_9_patch_3234_mask.tif,img_9.tif,3008,3776,256,256
img_9_patch_3235.tif,img_9_patch_3235_mask.tif,img_9.tif,3072,3776,256,256
img_9_patch_3236.tif,img_9_patch_3236_mask.tif,img_9.tif,3136,3776,256,256
img_9_patch_3237.tif,img_9_patch_3237_mask.tif,img_9.tif,3200,3776,256,256
img_9_patch_3238.tif,img_9_patch_3238_mask.tif,img_9.tif,3264,3776,256,256
img_9_patch_3239.tif,img_9_patch_3239_mask.tif,img_9.tif,3328,3776,256,256
img_9_patch_3240.tif,img_9_patch_3240_mask.tif,img_9.tif,3348,3776,256,256
img_9_patch_3241.tif,img_9_patch_3241_mask.tif,img_9.tif,0,3840,256,256
img_9_patch_3242.tif,img_9_patch_3242_mask.tif,img_9.tif,64,3840,256,256
img_9_patch_3243.tif,img_9_patch_3243_mask.tif,img_9.tif,128,3840,256,256
img_9_patch_3244.tif,img_9_patch_3244_mask.tif,img_9.tif,192,3840,256,256
img_9_patch_3245.tif,img_9_patch_3245_mask.tif,img_9.tif,256,3840,256,256
img_9_patch_3246.tif,img_9_patch_3246_mask.tif,img_9.tif,320,3840,256,256
img_9_patch_3247.tif,img_9_patch_3247_mask.tif,img_9.tif,384,3840,256,256
img_9_patch_3248.tif,img_9_patch_3248_mask.tif,img_9.tif,448,3840,256,256
img_9_patch_3249.tif,img_9_patch_3249_mask.tif,img_9.tif,512,3840,256,256
img_9_patch_3250.tif,img_9_patch_3250_mask.tif,img_9.tif,576,3840,256,256
img_9_patch_3251.tif,img_9_patch_3251_mask.tif,img_9.tif,640,3840,256,256
img_9_patch_3252.tif,img_9_patch_3252_mask.tif,img_9.tif,704,3840,256,256
img_9_patch_3253.tif,img_9_patch_3253_mask.tif,img_9.tif,768,3840,256,256
img_9_patch_3254.tif,img_9_patch_3254_mask.tif,img_9.tif,832,3840,256,256
img_9_patch_3255.tif,img_9_patch_3255_mask.tif,img_9.tif,896,3840,256,256
img_9_patch_3256.tif,img_9_patch_3256_mask.tif,img_9.tif,960,3840,256,256
img_9_patch_3257.tif,img_9_patch_3257_mask.tif,img_9.tif,1024,3840,256,256
img_9_patch_3258.tif,img_9_patch_3258_mask.tif,img_9.tif,1088,3840,256,256
img_9_patch_3259.tif,img_9_patch_3259_mask.tif,img_9.tif,1152,3840,256,256
img_9_patch_3260.tif,img_9_patch_3260_mask.tif,img_9.tif,1216,3840,256,256
img_9_patch_3261.tif,img_9_patch_3261_mask.tif,img_9.tif,1280,3840,256,256
img_9_patch_3262.tif,img_9_patch_3262_mask.tif,img_9.tif,1344,3840,256,256
img_9_patch_3263.tif,img_9_patch_3263_mask.tif,img_9.tif,1408,3840,256,256
img_9_patch_3264.tif,img_9_patch_3264_mask.tif,img_9.tif,1472,3840,256,256
img_9_patch_3265.tif,img_9_patch_3265_mask.tif,img_9.tif,1536,3840,256,256
img_9_patch_3266.tif,img_9_patch_3266_mask.tif,img_9.tif,1600,3840,256,256
img_9_patch_3267.tif,img_9_patch_3267_mask.tif,img_9.tif,1664,3840,256,256
img_9_patch_3268.tif,img_9_patch_3268_mask.tif,img_9.tif,1728,3840,256,256
img_9_patch_3269.tif,img_9_patch_3269_mask.tif,img_9.tif,1792,3840,256,256
img_9_patch_3270.tif,img_9_patch_3270_mask.tif,img_9.tif,1856,3840,256,256
img_9_patch_3271.tif,img_9_patch_3271_mask.tif,img_9.tif,1920,3840,256,256
img_9_patch_3272.tif,img_9_patch_3272_mask.tif,img_9.tif,1984,3840,256,256
img_9_patch_3273.tif,img_9_patch_3273_mask.tif,img_9.tif,2048,3840,256,256
img_9_patch_3274.tif,img_9_patch_3274_mask.tif,img_9.tif,2112,3840,256,256
img_9_patch_3275.tif,img_9_patch_3275_mask.tif,img_9.tif,2176,3840,256,256
img_9_patch_3276.tif,img_9_patch_3276_mask.tif,img_9.tif,2240,3840,256,256
img_9_patch_3277.tif,img_9_patch_3277_mask.tif,img_9.tif,2304,3840,256,256
img_9_patch_3278.tif,img_9_patch_3278_mask.tif,img_9.tif,2368,3840,256,256
img_9_patch_3279.tif,img_9_patch_3279_mask.tif,img_9.tif,2432,3840,256,256
img_9_patch_3280.tif,img_9_patch_3280_mask.tif,img_9.tif,2496,3840,256,256
img_9_patch_3281.tif,img_9_patch_3281_mask.tif,img_9.tif,2560,3840,256,256
img_9_patch_3282.tif,img_9_patch_3282_mask.tif,img_9.tif,2624,3840,256,256
img_9_patch_3283.tif,img_9_patch_3283_mask.tif,img_9.tif,2688,3840,256,256
img_9_patch_3284.tif,img_9_patch_3284_mask.tif,img_9.tif,2752,3840,256,256
img_9_patch_3285.tif,img_9_patch_3285_mask.tif,img_9.tif,2816,3840,256,256
img_9_patch_3286.tif,img_9_patch_3286_mask.tif,img_9.tif,2880,3840,256,256
img_9_patch_3287.tif,img_9_patch_3287_mask.tif,img_9.tif,2944,3840,256,256
img_9_patch_3288.tif,img_9_patch_3288_mask.tif,img_9.tif,3008,3840,256,256
img_9_patch_3289.tif,img_9_patch_3289_mask.tif,img_9.tif,3072,3840,256,256
img_9_patch_3290.tif,img_9_patch_3290_mask.tif,img_9.tif,3136,3840,256,256
img_9_patch_3291.tif,img_9_patch_3291_mask.tif,img_9.tif,3200,3840,256,256
img_9_patch_3292.tif,img_9_patch_3292_mask.tif,img_9.tif,3264,3840,256,256
img_9_patch_3293.tif,img_9_patch_3293_mask.tif,img_9.tif,3328,3840,256,256
img_9_patch_3294.tif,img_9_patch_3294_mask.tif,img_9.tif,3348,3840,256,256
img_9_patch_3295.tif,img_9_patch_3295_mask.tif,img_9.tif,0,3904,256,256
img_9_patch_3296.tif,img_9_patch_3296_mask.tif,img_9.tif,64,3904,256,256
img_9_patch_3297.tif,img_9_patch_3297_mask.tif,img_9.tif,128,3904,256,256
img_9_patch_3298.tif,img_9_patch_3298_mask.tif,img_9.tif,192,3904,256,256
img_9_patch_3299.tif,img_9_patch_3299_mask.tif,img_9.tif,256,3904,256,256
img_9_patch_3300.tif,img_9_patch_3300_mask.tif,img_9.tif,320,3904,256,256
img_9_patch_3301.tif,img_9_patch_3301_mask.tif,img_9.tif,384,3904,256,256
img_9_patch_3302.tif,img_9_patch_3302_mask.tif,img_9.tif,448,3904,256,256
img_9_patch_3303.tif,img_9_patch_3303_mask.tif,img_9.tif,512,3904,256,256
img_9_patch_3304.tif,img_9_patch_3304_mask.tif,img_9.tif,576,3904,256,256
img_9_patch_3305.tif,img_9_patch_3305_mask.tif,img_9.tif,640,3904,256,256
img_9_patch_3306.tif,img_9_patch_3306_mask.tif,img_9.tif,704,3904,256,256
img_9_patch_3307.tif,img_9_patch_3307_mask.tif,img_9.tif,768,3904,256,256
img_9_patch_3308.tif,img_9_patch_3308_mask.tif,img_9.tif,832,3904,256,256
img_9_patch_3309.tif,img_9_patch_3309_mask.tif,img_9.tif,896,3904,256,256
img_9_patch_3310.tif,img_9_patch_3310_mask.tif,img_9.tif,960,3904,256,256
img_9_patch_3311.tif,img_9_patch_3311_mask.tif,img_9.tif,1024,3904,256,256
img_9_patch_3312.tif,img_9_patch_3312_mask.tif,img_9.tif,1088,3904,256,256
img_9_patch_3313.tif,img_9_patch_3313_mask.tif,img_9.tif,1152,3904,256,256
img_9_patch_3314.tif,img_9_patch_3314_mask.tif,img_9.tif,1216,3904,256,256
img_9_patch_3315.tif,img_9_patch_3315_mask.tif,img_9.tif,1280,3904,256,256
img_9_patch_3316.tif,img_9_patch_3316_mask.tif,img_9.tif,1344,3904,256,256
img_9_patch_3317.tif,img_9_patch_3317_mask.tif,img_9.tif,1408,3904,256,256
img_9_patch_3318.tif,img_9_patch_3318_mask.tif,img_9.tif,1472,3904,256,256
img_9_patch_3319.tif,img_9_patch_3319_mask.tif,img_9.tif,1536,3904,256,256
img_9_patch_3320.tif,img_9_patch_3320_mask.tif,img_9.tif,1600,3904,256,256
img_9_patch_3321.tif,img_9_patch_3321_mask.tif,img_9.tif,1664,3904,256,256
img_9_patch_3322.tif,img_9_patch_3322_mask.tif,img_9.tif,1728,3904,256,256
img_9_patch_3323.tif,img_9_patch_3323_mask.tif,img_9.tif,1792,3904,256,256
img_9_patch_3324.tif,img_9_patch_3324_mask.tif,img_9.tif,1856,3904,256,256
img_9_patch_3325.tif,img_9_patch_3325_mask.tif,img_9.tif,1920,3904,256,256
img_9_patch_3326.tif,img_9_patch_3326_mask.tif,img_9.tif,1984,3904,256,256
img_9_patch_3327.tif,img_9_patch_3327_mask.tif,img_9.tif,2048,3904,256,256
img_9_patch_3328.tif,img_9_patch_3328_mask.tif,img_9.tif,2112,3904,256,256
img_9_patch_3329.tif,img_9_patch_3329_mask.tif,img_9.tif,2176,3904,256,256
img_9_patch_3330.tif,img_9_patch_3330_mask.tif,img_9.tif,2240,3904,256,256
img_9_patch_3331.tif,img_9_patch_3331_mask.tif,img_9.tif,2304,3904,256,256
img_9_patch_3332.tif,img_9_patch_3332_mask.tif,img_9.tif,2368,3904,256,256
img_9_patch_3333.tif,img_9_patch_3333_mask.tif,img_9.tif,2432,3904,256,256
img_9_patch_3334.tif,img_9_patch_3334_mask.tif,img_9.tif,2496,3904,256,256
img_9_patch_3335.tif,img_9_patch_3335_mask.tif,img_9.tif,2560,3904,256,256
img_9_patch_3336.tif,img_9_patch_3336_mask.tif,img_9.tif,2624,3904,256,256
img_9_patch_3337.tif,img_9_patch_3337_mask.tif,img_9.tif,2688,3904,256,256
img_9_patch_3338.tif,img_9_patch_3338_mask.tif,img_9.tif,2752,3904,256,256
img_9_patch_3339.tif,img_9_patch_3339_mask.tif,img_9.tif,2816,3904,256,256
img_9_patch_3340.tif,img_9_patch_3340_mask.tif,img_9.tif,2880,3904,256,256
img_9_patch_3341.tif,img_9_patch_3341_mask.tif,img_9.tif,2944,3904,256,256
img_9_patch_3342.tif,img_9_patch_3342_mask.tif,img_9.tif,3008,3904,256,256
img_9_patch_3343.tif,img_9_patch_3343_mask.tif,img_9.tif,3072,3904,256,256
img_9_patch_3344.tif,img_9_patch_3344_mask.tif,img_9.tif,3136,3904,256,256
img_9_patch_3345.tif,img_9_patch_3345_mask.tif,img_9.tif,3200,3904,256,256
img_9_patch_3346.tif,img_9_patch_3346_mask.tif,img_9.tif,3264,3904,256,256
img_9_patch_3347.tif,img_9_patch_3347_mask.tif,img_9.tif,3328,3904,256,256
img_9_patch_3348.tif,img_9_patch_3348_mask.tif,img_9.tif,3348,3904,256,256
img_9_patch_3349.tif,img_9_patch_3349_mask.tif,img_9.tif,0,3948,256,256
img_9_patch_3350.tif,img_9_patch_3350_mask.tif,img_9.tif,64,3948,256,256
img_9_patch_3351.tif,img_9_patch_3351_mask.tif,img_9.tif,128,3948,256,256
img_9_patch_3352.tif,img_9_patch_3352_mask.tif,img_9.tif,192,3948,256,256
img_9_patch_3353.tif,img_9_patch_3353_mask.tif,img_9.tif,256,3948,256,256
img_9_patch_3354.tif,img_9_patch_3354_mask.tif,img_9.tif,320,3948,256,256
img_9_patch_3355.tif,img_9_patch_3355_mask.tif,img_9.tif,384,3948,256,256
img_9_patch_3356.tif,img_9_patch_3356_mask.tif,img_9.tif,448,3948,256,256
img_9_patch_3357.tif,img_9_patch_3357_mask.tif,img_9.tif,512,3948,256,256
img_9_patch_3358.tif,img_9_patch_3358_mask.tif,img_9.tif,576,3948,256,256
img_9_patch_3359.tif,img_9_patch_3359_mask.tif,img_9.tif,640,3948,256,256
img_9_patch_3360.tif,img_9_patch_3360_mask.tif,img_9.tif,704,3948,256,256
img_9_patch_3361.tif,img_9_patch_3361_mask.tif,img_9.tif,768,3948,256,256
img_9_patch_3362.tif,img_9_patch_3362_mask.tif,img_9.tif,832,3948,256,256
img_9_patch_3363.tif,img_9_patch_3363_mask.tif,img_9.tif,896,3948,256,256
img_9_patch_3364.tif,img_9_patch_3364_mask.tif,img_9.tif,960,3948,256,256
img_9_patch_3365.tif,img_9_patch_3365_mask.tif,img_9.tif,1024,3948,256,256
img_9_patch_3366.tif,img_9_patch_3366_mask.tif,img_9.tif,1088,3948,256,256
img_9_patch_3367.tif,img_9_patch_3367_mask.tif,img_9.tif,1152,3948,256,256
img_9_patch_3368.tif,img_9_patch_3368_mask.tif,img_9.tif,1216,3948,256,256
img_9_patch_3369.tif,img_9_patch_3369_mask.tif,img_9.tif,1280,3948,256,256
img_9_patch_3370.tif,img_9_patch_3370_mask.tif,img_9.tif,1344,3948,256,256
img_9_patch_3371.tif,img_9_patch_3371_mask.tif,img_9.tif,1408,3948,256,256
img_9_patch_3372.tif,img_9_patch_3372_mask.tif,img_9.tif,1472,3948,256,256
img_9_patch_3373.tif,img_9_patch_3373_mask.tif,img_9.tif,1536,3948,256,256
img_9_patch_3374.tif,img_9_patch_3374_mask.tif,img_9.tif,1600,3948,256,256
img_9_patch_3375.tif,img_9_patch_3375_mask.tif,img_9.tif,1664,3948,256,256
img_9_patch_3376.tif,img_9_patch_3376_mask.tif,img_9.tif,1728,3948,256,256
img_9_patch_3377.tif,img_9_patch_3377_mask.tif,img_9.tif,1792,3948,256,256
img_9_patch_3378.tif,img_9_patch_3378_mask.tif,img_9.tif,1856,3948,256,256
img_9_patch_3379.tif,img_9_patch_3379_mask.tif,img_9.tif,1920,3948,256,256
img_9_patch_3380.tif,img_9_patch_3380_mask.tif,img_9.tif,1984,3948,256,256
img_9_patch_3381.tif,img_9_patch_3381_mask.tif,img_9.tif,2048,3948,256,256
img_9_patch_3382.tif,img_9_patch_3382_mask.tif,img_9.tif,2112,3948,256,256
img_9_patch_3383.tif,img_9_patch_3383_mask.tif,img_9.tif,2176,3948,256,256
img_9_patch_3384.tif,img_9_patch_3384_mask.tif,img_9.tif,2240,3948,256,256
img_9_patch_3385.tif,img_9_patch_3385_mask.tif,img_9.tif,2304,3948,256,256
img_9_patch_3386.tif,img_9_patch_3386_mask.tif,img_9.tif,2368,3948,256,256
img_9_patch_3387.tif,img_9_patch_3387_mask.tif,img_9.tif,2432,3948,256,256
img_9_patch_3388.tif,img_9_patch_3388_mask.tif,img_9.tif,2496,3948,256,256
img_9_patch_3389.tif,img_9_patch_3389_mask.tif,img_9.tif,2560,3948,256,256
img_9_patch_3390.tif,img_9_patch_3390_mask.tif,img_9.tif,2624,3948,256,256
img_9_patch_3391.tif,img_9_patch_3391_mask.tif,img_9.tif,2688,3948,256,256
img_9_patch_3392.tif,img_9_patch_3392_mask.tif,img_9.tif,2752,3948,256,256
img_9_patch_3393.tif,img_9_patch_3393_mask.tif,img_9.tif,2816,3948,256,256
img_9_patch_3394.tif,img_9_patch_3394_mask.tif,img_9.tif,2880,3948,256,256
img_9_patch_3395.tif,img_9_patch_3395_mask.tif,img_9.tif,2944,3948,256,256
img_9_patch_3396.tif,img_9_patch_3396_mask.tif,img_9.tif,3008,3948,256,256
img_9_patch_3397.tif,img_9_patch_3397_mask.tif,img_9.tif,3072,3948,256,256
img_9_patch_3398.tif,img_9_patch_3398_mask.tif,img_9.tif,3136,3948,256,256
img_9_patch_3399.tif,img_9_patch_3399_mask.tif,img_9.tif,3200,3948,256,256
img_9_patch_3400.tif,img_9_patch_3400_mask.tif,img_9.tif,3264,3948,256,256
img_9_patch_3401.tif,img_9_patch_3401_mask.tif,img_9.tif,3328,3948,256,256
img_9_patch_3402.tif,img_9_patch_3402_mask.tif,img_9.tif,3348,3948,256,256
img_7_patch_0001.tif,img_7_patch_0001_mask.tif,img_7.tif,0,0,256,256
img_7_patch_0002.tif,img_7_patch_0002_mask.tif,img_7.tif,64,0,256,256
img_7_patch_0003.tif,img_7_patch_0003_mask.tif,img_7.tif,128,0,256,256
img_7_patch_0004.tif,img_7_patch_0004_mask.tif,img_7.tif,192,0,256,256
img_7_patch_0005.tif,img_7_patch_0005_mask.tif,img_7.tif,256,0,256,256
img_7_patch_0006.tif,img_7_patch_0006_mask.tif,img_7.tif,320,0,256,256
img_7_patch_0007.tif,img_7_patch_0007_mask.tif,img_7.tif,334,0,256,256
img_7_patch_0008.tif,img_7_patch_0008_mask.tif,img_7.tif,0,64,256,256
img_7_patch_0009.tif,img_7_patch_0009_mask.tif,img_7.tif,64,64,256,256
img_7_patch_0010.tif,img_7_patch_0010_mask.tif,img_7.tif,128,64,256,256
img_7_patch_0011.tif,img_7_patch_0011_mask.tif,img_7.tif,192,64,256,256
img_7_patch_0012.tif,img_7_patch_0012_mask.tif,img_7.tif,256,64,256,256
img_7_patch_0013.tif,img_7_patch_0013_mask.tif,img_7.tif,320,64,256,256
img_7_patch_0014.tif,img_7_patch_0014_mask.tif,img_7.tif,334,64,256,256
img_7_patch_0015.tif,img_7_patch_0015_mask.tif,img_7.tif,0,128,256,256
img_7_patch_0016.tif,img_7_patch_0016_mask.tif,img_7.tif,64,128,256,256
img_7_patch_0017.tif,img_7_patch_0017_mask.tif,img_7.tif,128,128,256,256
img_7_patch_0018.tif,img_7_patch_0018_mask.tif,img_7.tif,192,128,256,256
img_7_patch_0019.tif,img_7_patch_0019_mask.tif,img_7.tif,256,128,256,256
img_7_patch_0020.tif,img_7_patch_0020_mask.tif,img_7.tif,320,128,256,256
img_7_patch_0021.tif,img_7_patch_0021_mask.tif,img_7.tif,334,128,256,256
img_7_patch_0022.tif,img_7_patch_0022_mask.tif,img_7.tif,0,192,256,256
img_7_patch_0023.tif,img_7_patch_0023_mask.tif,img_7.tif,64,192,256,256
img_7_patch_0024.tif,img_7_patch_0024_mask.tif,img_7.tif,128,192,256,256
img_7_patch_0025.tif,img_7_patch_0025_mask.tif,img_7.tif,192,192,256,256
img_7_patch_0026.tif,img_7_patch_0026_mask.tif,img_7.tif,256,192,256,256
img_7_patch_0027.tif,img_7_patch_0027_mask.tif,img_7.tif,320,192,256,256
img_7_patch_0028.tif,img_7_patch_0028_mask.tif,img_7.tif,334,192,256,256
img_7_patch_0029.tif,img_7_patch_0029_mask.tif,img_7.tif,0,256,256,256
img_7_patch_0030.tif,img_7_patch_0030_mask.tif,img_7.tif,64,256,256,256
img_7_patch_0031.tif,img_7_patch_0031_mask.tif,img_7.tif,128,256,256,256
img_7_patch_0032.tif,img_7_patch_0032_mask.tif,img_7.tif,192,256,256,256
img_7_patch_0033.tif,img_7_patch_0033_mask.tif,img_7.tif,256,256,256,256
img_7_patch_0034.tif,img_7_patch_0034_mask.tif,img_7.tif,320,256,256,256
img_7_patch_0035.tif,img_7_patch_0035_mask.tif,img_7.tif,334,256,256,256
img_7_patch_0036.tif,img_7_patch_0036_mask.tif,img_7.tif,0,320,256,256
img_7_patch_0037.tif,img_7_patch_0037_mask.tif,img_7.tif,64,320,256,256
img_7_patch_0038.tif,img_7_patch_0038_mask.tif,img_7.tif,128,320,256,256
img_7_patch_0039.tif,img_7_patch_0039_mask.tif,img_7.tif,192,320,256,256
img_7_patch_0040.tif,img_7_patch_0040_mask.tif,img_7.tif,256,320,256,256
img_7_patch_0041.tif,img_7_patch_0041_mask.tif,img_7.tif,320,320,256,256
img_7_patch_0042.tif,img_7_patch_0042_mask.tif,img_7.tif,334,320,256,256
img_7_patch_0043.tif,img_7_patch_0043_mask.tif,img_7.tif,0,365,256,256
img_7_patch_0044.tif,img_7_patch_0044_mask.tif,img_7.tif,64,365,256,256
img_7_patch_0045.tif,img_7_patch_0045_mask.tif,img_7.tif,128,365,256,256
img_7_patch_0046.tif,img_7_patch_0046_mask.tif,img_7.tif,192,365,256,256
img_7_patch_0047.tif,img_7_patch_0047_mask.tif,img_7.tif,256,365,256,256
img_7_patch_0048.tif,img_7_patch_0048_mask.tif,img_7.tif,320,365,256,256
img_7_patch_0049.tif,img_7_patch_0049_mask.tif,img_7.tif,334,365,256,256
img_5_patch_0001.tif,img_5_patch_0001_mask.tif,img_5.tif,0,0,256,256
img_5_patch_0002.tif,img_5_patch_0002_mask.tif,img_5.tif,64,0,256,256
img_5_patch_0003.tif,img_5_patch_0003_mask.tif,img_5.tif,128,0,256,256
img_5_patch_0004.tif,img_5_patch_0004_mask.tif,img_5.tif,192,0,256,256
img_5_patch_0005.tif,img_5_patch_0005_mask.tif,img_5.tif,256,0,256,256
img_5_patch_0006.tif,img_5_patch_0006_mask.tif,img_5.tif,320,0,256,256
img_5_patch_0007.tif,img_5_patch_0007_mask.tif,img_5.tif,334,0,256,256
img_5_patch_0008.tif,img_5_patch_0008_mask.tif,img_5.tif,0,64,256,256
img_5_patch_0009.tif,img_5_patch_0009_mask.tif,img_5.tif,64,64,256,256
img_5_patch_0010.tif,img_5_patch_0010_mask.tif,img_5.tif,128,64,256,256
img_5_patch_0011.tif,img_5_patch_0011_mask.tif,img_5.tif,192,64,256,256
img_5_patch_0012.tif,img_5_patch_0012_mask.tif,img_5.tif,256,64,256,256
img_5_patch_0013.tif,img_5_patch_0013_mask.tif,img_5.tif,320,64,256,256
img_5_patch_0014.tif,img_5_patch_0014_mask.tif,img_5.tif,334,64,256,256
img_5_patch_0015.tif,img_5_patch_0015_mask.tif,img_5.tif,0,128,256,256
img_5_patch_0016.tif,img_5_patch_0016_mask.tif,img_5.tif,64,128,256,256
img_5_patch_0017.tif,img_5_patch_0017_mask.tif,img_5.tif,128,128,256,256
img_5_patch_0018.tif,img_5_patch_0018_mask.tif,img_5.tif,192,128,256,256
img_5_patch_0019.tif,img_5_patch_0019_mask.tif,img_5.tif,256,128,256,256
img_5_patch_0020.tif,img_5_patch_0020_mask.tif,img_5.tif,320,128,256,256
img_5_patch_0021.tif,img_5_patch_0021_mask.tif,img_5.tif,334,128,256,256
img_5_patch_0022.tif,img_5_patch_0022_mask.tif,img_5.tif,0,192,256,256
img_5_patch_0023.tif,img_5_patch_0023_mask.tif,img_5.tif,64,192,256,256
img_5_patch_0024.tif,img_5_patch_0024_mask.tif,img_5.tif,128,192,256,256
img_5_patch_0025.tif,img_5_patch_0025_mask.tif,img_5.tif,192,192,256,256
img_5_patch_0026.tif,img_5_patch_0026_mask.tif,img_5.tif,256,192,256,256
img_5_patch_0027.tif,img_5_patch_0027_mask.tif,img_5.tif,320,192,256,256
img_5_patch_0028.tif,img_5_patch_0028_mask.tif,img_5.tif,334,192,256,256
img_5_patch_0029.tif,img_5_patch_0029_mask.tif,img_5.tif,0,256,256,256
img_5_patch_0030.tif,img_5_patch_0030_mask.tif,img_5.tif,64,256,256,256
img_5_patch_0031.tif,img_5_patch_0031_mask.tif,img_5.tif,128,256,256,256
img_5_patch_0032.tif,img_5_patch_0032_mask.tif,img_5.tif,192,256,256,256
img_5_patch_0033.tif,img_5_patch_0033_mask.tif,img_5.tif,256,256,256,256
img_5_patch_0034.tif,img_5_patch_0034_mask.tif,img_5.tif,320,256,256,256
img_5_patch_0035.tif,img_5_patch_0035_mask.tif,img_5.tif,334,256,256,256
img_5_patch_0036.tif,img_5_patch_0036_mask.tif,img_5.tif,0,320,256,256
img_5_patch_0037.tif,img_5_patch_0037_mask.tif,img_5.tif,64,320,256,256
img_5_patch_0038.tif,img_5_patch_0038_mask.tif,img_5.tif,128,320,256,256
img_5_patch_0039.tif,img_5_patch_0039_mask.tif,img_5.tif,192,320,256,256
img_5_patch_0040.tif,img_5_patch_0040_mask.tif,img_5.tif,256,320,256,256
img_5_patch_0041.tif,img_5_patch_0041_mask.tif,img_5.tif,320,320,256,256
img_5_patch_0042.tif,img_5_patch_0042_mask.tif,img_5.tif,334,320,256,256
img_5_patch_0043.tif,img_5_patch_0043_mask.tif,img_5.tif,0,365,256,256
img_5_patch_0044.tif,img_5_patch_0044_mask.tif,img_5.tif,64,365,256,256
img_5_patch_0045.tif,img_5_patch_0045_mask.tif,img_5.tif,128,365,256,256
img_5_patch_0046.tif,img_5_patch_0046_mask.tif,img_5.tif,192,365,256,256
img_5_patch_0047.tif,img_5_patch_0047_mask.tif,img_5.tif,256,365,256,256
img_5_patch_0048.tif,img_5_patch_0048_mask.tif,img_5.tif,320,365,256,256
img_5_patch_0049.tif,img_5_patch_0049_mask.tif,img_5.tif,334,365,256,256
